tag,user_application_count,tagged_movie_count,user_tag_user_count,genome_tag_id,matched_movie_count,mean_genome_relevance
sci-fi,3576,353,886,887,313.0,0.8639113418530351
sci-fi,3576,353,886,886,313.0,0.7823083067092652
based on a book,3307,1207,604,107,931.0,0.8048074650912997
atmospheric,3169,454,724,86,398.0,0.6474974874371859
comedy,3078,791,853,230,633.0,0.757402448657188
action,3068,538,799,19,462.0,0.8569388528138528
nudity (topless),2646,1392,390,732,747.0,0.4694340696117804
surreal,2528,303,811,995,242.0,0.8592334710743801
twist ending,2367,199,818,1050,169.0,0.6965739644970415
bd-r,2334,2328,5,,,
funny,2253,722,738,417,592.0,0.504461570945946
quirky,2034,356,589,829,312.0,0.7325608974358975
dystopia,2015,140,576,336,123.0,0.807979674796748
classic,1971,412,668,215,367.0,0.7176662125340598
stylized,1944,339,523,982,318.0,0.8125849056603773
dark comedy,1910,189,713,286,161.0,0.6762872670807454
romance,1874,521,663,863,404.0,0.6214938118811881
fantasy,1850,283,629,377,222.0,0.7864740990990992
psychology,1763,176,651,824,151.0,0.7184751655629139
time travel,1572,137,585,1028,113.0,0.7508407079646018
disturbing,1524,285,526,312,254.0,0.6249911417322834
visually appealing,1511,203,569,1091,189.0,0.8533373015873017
aliens,1439,240,413,45,188.0,0.8593484042553192
social commentary,1424,242,509,936,198.0,0.9054280303030303
thought-provoking,1422,148,607,1024,134.0,0.5895111940298507
adventure,1374,237,485,29,203.0,0.8021256157635468
violence,1361,284,543,1084,244.0,0.7826413934426228
criterion,1352,905,71,270,11.0,0.9854772727272727
animation,1345,239,496,64,180.0,0.9393291666666667
drugs,1336,337,510,331,254.0,0.7118395669291339
dark,1312,231,525,285,188.0,0.7634268617021276
true story,1292,324,413,1047,265.0,0.812561320754717
imdb top 250,1272,322,271,536,319.0,0.9527021943573667
black comedy,1224,177,495,141,148.0,0.6350118243243243
drama,1211,477,391,323,339.0,0.810080383480826
space,1208,146,437,942,116.0,0.9320129310344828
clv,1199,1198,2,,,
superhero,1177,136,381,989,104.0,0.9132596153846154
world war ii,1157,247,388,1121,2.0,0.978625
post-apocalyptic,1118,107,438,803,82.0,0.8144664634146341
post-apocalyptic,1118,107,438,802,82.0,0.7330670731707317
horror,1103,281,404,522,211.0,0.86728672985782
betamax,1093,1080,12,,,
cult film,1090,171,422,276,145.0,0.7645241379310345
thriller,1088,289,430,1025,241.0,0.5481172199170125
satire,1081,183,488,877,154.0,0.7218798701298701
predictable,1073,386,443,807,341.0,0.5405234604105572
revenge,1051,283,382,850,205.0,0.6960792682926829
tense,1049,306,322,1020,290.0,0.7770827586206897
boring,1038,598,422,155,506.0,0.19773715415019757
politics,1027,290,376,800,182.0,0.856771978021978
bittersweet,1022,166,399,138,151.0,0.8417135761589404
music,1000,352,502,684,279.0,0.5493700716845878
cinematography,998,305,393,212,252.0,0.769013888888889
adapted from:book,991,595,155,22,479.0,0.8791941544885178
based on a true story,985,213,390,110,183.0,0.7934412568306011
great soundtrack,968,205,430,471,196.0,0.6165739795918368
high school,966,217,300,503,164.0,0.8859009146341462
coming of age,950,241,352,235,181.0,0.8427762430939226
coming of age,950,241,352,236,181.0,0.5451256906077347
serial killer,943,209,344,903,165.0,0.880009090909091
crime,927,295,369,268,233.0,0.7478959227467811
zombies,916,137,365,1128,77.0,0.8018733766233767
comic book,910,137,345,232,123.0,0.7698170731707317
war,909,250,391,1096,183.0,0.7589153005464481
religion,904,338,334,847,212.0,0.6063172169811322
nudity (full frontal),896,403,223,728,232.0,0.5853696120689654
violent,888,158,369,1085,142.0,0.799894366197183
mental illness,872,163,351,645,134.0,0.6601044776119402
anime,870,130,259,65,76.0,0.9069736842105264
dvd-video,858,855,4,,,
dreamlike,848,114,374,325,104.0,0.7705528846153846
friendship,845,230,345,412,193.0,0.7455129533678756
franchise,844,279,143,406,257.0,0.9625038910505836
suspense,842,186,366,999,160.0,0.82534375
alternate reality,836,83,410,52,77.0,0.709275974025974
quentin tarantino,830,15,443,,,
parody,827,165,315,770,136.0,0.7567224264705882
murder,824,448,218,682,376.0,0.6810731382978724
nonlinear,812,61,446,715,56.0,0.6240758928571429
psychological,802,133,362,823,113.0,0.8236327433628318
pixar,802,61,334,785,28.0,0.6972946428571428
history,800,329,295,509,163.0,0.7064769938650307
oscar (best picture),794,88,257,756,3.0,0.9870000000000001
johnny depp,781,48,366,,,
less than 300 ratings,781,720,32,,,
black and white,777,192,305,140,148.0,0.8118682432432432
disney,768,136,250,309,36.0,0.8578194444444445
r,756,527,56,,,
erlend's dvds,746,735,5,,,
remake,733,249,256,849,213.0,0.7616420187793427
martial arts,730,171,287,631,109.0,0.9449495412844037
magic,730,124,308,623,100.0,0.80291
bruce willis,717,55,335,,,
mystery,715,150,316,689,129.0,0.6722848837209302
brad pitt,706,38,365,,,
musical,690,173,336,686,134.0,0.7927462686567164
multiple storylines,688,79,352,679,66.0,0.7298181818181818
british,682,121,303,164,47.0,0.7827127659574469
stupid,660,206,302,978,179.0,0.4158296089385475
witty,658,179,316,1114,173.0,0.6594089595375722
humorous,653,219,270,529,208.0,0.5593533653846154
inspirational,649,106,328,548,92.0,0.7509891304347825
tom hanks,648,39,314,,,
seen more than once,645,335,156,,,
tumey's dvds,645,640,5,,,
family,641,238,269,374,182.0,0.7038653846153846
hilarious,628,191,299,505,171.0,0.6700438596491228
japan,621,180,243,575,21.0,0.8336666666666668
police,612,231,174,795,189.0,0.7226137566137567
slow,610,311,282,929,260.0,0.2968711538461538
robots,607,91,283,861,77.0,0.8261525974025974
overrated,598,255,289,763,234.0,0.2551207264957265
documentary,597,276,287,315,133.0,0.9073289473684211
mindfuck,591,68,327,652,61.0,0.7684303278688526
morgan freeman,583,52,323,,,
new york city,576,220,204,705,13.0,0.7698461538461537
great acting,575,126,271,465,114.0,0.7769078947368421
organized crime,570,86,280,741,72.0,0.8142881944444444
dvd-ram,570,567,4,,,
nudity (topless - notable),565,243,206,731,11.0,0.9492727272727273
biography,565,201,184,134,126.0,0.7648234126984127
sequel,565,217,181,901,194.0,0.7591958762886597
nazis,562,126,206,697,35.0,0.8862857142857142
ensemble cast,560,116,202,354,102.0,0.6790980392156862
vampires,556,117,228,1069,78.0,0.9313878205128205
beautiful,539,159,281,120,138.0,0.573965579710145
espionage,537,107,225,361,99.0,0.8837247474747474
gay,537,183,191,425,112.0,0.685185267857143
future,534,89,248,419,75.0,0.8945866666666666
christianity,528,182,221,209,33.0,0.7607121212121212
england,527,181,190,350,26.0,0.8001826923076922
nudity (topless - brief),527,285,142,730,1.0,0.65625
soundtrack,527,286,262,,,
artificial intelligence,523,42,258,77,37.0,0.6903783783783783
corruption,517,188,192,258,151.0,0.8768327814569536
philosophy,516,55,323,780,49.0,0.5767704081632653
jim carrey,514,27,264,,,
70mm,509,390,29,12,359.0,0.5611455431754875
dvd,507,392,33,,,
historical,502,149,260,508,124.0,0.7432237903225807
edward norton,500,24,303,,,
steven spielberg,496,38,246,,,
dialogue,487,246,196,302,217.0,0.7528997695852535
sexuality,484,157,219,909,138.0,0.5555326086956521
bill murray,482,36,267,,,
sports,480,205,152,959,130.0,0.8463711538461538
christmas,480,132,191,210,22.0,0.7808977272727272
christian bale,480,30,280,,,
emotional,479,115,267,348,105.0,0.7506333333333334
satirical,479,121,211,878,117.0,0.7179358974358974
movie to see,477,404,64,,,
assassin,475,124,177,81,103.0,0.9006310679611651
acting,475,324,177,,,
original,474,103,223,742,89.0,0.9235814606741574
father-son relationship,474,135,206,385,120.0,0.41343125000000003
father-son relationship,474,135,206,384,120.0,0.4121833333333333
fairy tale,471,62,241,371,52.0,0.8850096153846153
leonardo dicaprio,467,24,293,,,
relationships,463,117,205,846,99.0,0.8864772727272727
racism,459,140,233,835,109.0,0.530802752293578
prison,458,120,239,813,84.0,0.8405386904761905
lesbian,456,127,159,599,67.0,0.5913320895522388
tim burton,454,22,218,,,
story,453,277,148,971,232.0,0.8305959051724138
chick flick,453,130,191,201,122.0,0.8237950819672131
road trip,452,109,207,855,84.0,0.8573511904761905
coen brothers,451,20,250,225,6.0,0.9339583333333333
military,451,157,187,651,125.0,0.7611140000000001
clint eastwood,450,60,204,,,
mafia,445,70,252,622,46.0,0.8271413043478261
rape,443,148,190,838,110.0,0.6289318181818182
loneliness,438,77,223,610,64.0,0.9162890625
depressing,432,124,263,296,106.0,0.5943231132075472
bad acting,431,244,213,97,185.0,0.38690675675675673
samuel l. jackson,431,60,241,,,
tom cruise,431,31,233,,,
weird,429,120,211,1104,93.0,0.8394543010752687
silly,429,208,182,919,192.0,0.5220690104166666
robert de niro,429,50,231,,,
matt damon,427,36,231,,,
gore,420,152,196,456,109.0,0.644144495412844
nudity (full frontal - notable),419,149,155,,,
oscar (best cinematography),416,108,153,749,14.0,0.9780892857142858
heist,415,89,199,498,79.0,0.8748639240506328
love,412,199,210,613,168.0,0.7336994047619048
bd-video,412,412,1,,,
stanley kubrick,412,16,235,,,
ghosts,411,107,179,435,74.0,0.8398445945945946
natalie portman,408,28,237,,,
robert downey jr.,404,30,203,,,
whimsical,400,79,191,1108,78.0,0.6084775641025642
harrison ford,399,35,192,,,
philosophical,398,57,279,779,47.0,0.7370744680851063
musicians,395,207,81,687,101.0,0.8997524752475248
small town,395,158,126,931,118.0,0.8848283898305085
suicide,393,132,190,985,99.0,0.5693358585858586
conspiracy,390,89,222,251,81.0,0.8547685185185185
great ending,389,43,193,468,33.0,0.83675
creepy,388,128,173,267,116.0,0.822301724137931
survival,388,96,198,998,73.0,0.7706541095890411
robin williams,386,46,206,,,
studio ghibli,383,23,154,976,2.0,0.9359999999999999
based on a tv show,381,153,98,111,4.0,0.9351875000000001
touching,380,112,237,1035,90.0,0.8015277777777778
gothic,380,91,154,460,82.0,0.6840823170731707
talking animals,379,110,129,1007,98.0,0.8498112244897958
jack nicholson,375,41,213,,,
cyberpunk,373,29,218,280,25.0,0.8548
science fiction,371,102,178,889,91.0,0.9380879120879121
teen,371,114,147,1013,104.0,0.9027524038461539
complicated,371,27,238,242,24.0,0.8312604166666667
oscar (best directing),370,90,120,750,12.0,0.9855208333333333
scarlett johansson,370,28,213,,,
bechdel test:fail,369,261,55,,,
kevin spacey,369,27,251,,,
might like,369,368,3,,,
martin scorsese,368,34,201,,,
arnold schwarzenegger,367,33,178,,,
clever,366,95,230,220,88.0,0.6423522727272727
james bond,365,31,138,573,25.0,0.8508199999999999
heartwarming,365,91,205,497,81.0,0.7476944444444444
al pacino,365,39,207,,,
nicolas cage,361,49,190,,,
to see,361,334,31,,,
campy,360,148,133,177,117.0,0.5594017094017094
stephen king,359,39,192,,,
reviewed,358,357,2,,,
marvel,355,38,150,632,18.0,0.9697222222222222
library,352,340,17,,,
narrated,351,84,161,691,71.0,0.8405915492957747
reflective,350,103,181,845,99.0,0.7938282828282828
long,350,198,162,611,162.0,0.6836203703703704
french,349,192,152,411,32.0,0.8892265625
surrealism,349,39,246,996,33.0,0.8157348484848485
national film registry,349,292,23,,,
directorial debut,348,218,85,305,194.0,0.498069587628866
children,338,143,181,204,117.0,0.8110213675213676
dvd-r,337,333,7,,,
george clooney,336,29,207,,,
death,335,148,167,292,114.0,0.7776688596491228
controversial,335,99,151,253,83.0,0.7425813253012048
based on a play,334,208,81,109,148.0,0.879652027027027
easily confused with other movie(s) (title),333,224,77,339,164.0,0.14891920731707314
love story,332,102,213,614,92.0,0.7998097826086956
adultery,332,160,102,28,133.0,0.6349285714285714
western,329,93,171,1107,69.0,0.8225072463768116
in netflix queue,329,304,24,,,
noir thriller,327,32,111,712,29.0,0.8967155172413793
paris,327,94,161,769,10.0,0.8926000000000001
apocalypse,327,44,194,70,37.0,0.8471689189189189
france,326,194,120,405,11.0,0.7868181818181817
keanu reeves,324,41,189,,,
gritty,323,118,137,475,110.0,0.6509068181818182
vhs,322,306,23,,,
futuristic,321,38,193,420,36.0,0.9250277777777778
woody allen,321,53,150,,,
cult classic,319,65,150,275,56.0,0.9055669642857144
rock and roll,318,128,127,862,77.0,0.9127597402597403
memory,317,44,180,642,43.0,0.7670872093023255
too long,316,123,218,1032,112.0,0.3301160714285714
virtual reality,315,24,184,1087,21.0,0.9254761904761905
alfred hitchcock,315,37,127,,,
post apocalyptic,311,39,182,802,10.0,0.8348000000000001
post apocalyptic,311,39,182,803,10.0,0.82995
queer,311,137,80,828,94.0,0.6618776595744681
supernatural,310,83,124,991,71.0,0.8165845070422535
can't remember,310,273,29,,,
netflix,310,299,21,,,
dark humor,306,74,181,289,64.0,0.90557421875
cute,306,134,171,278,117.0,0.6814529914529915
terrorism,305,88,162,1022,64.0,0.68600390625
ending,305,162,164,,,
hallucinatory,304,65,138,487,59.0,0.687478813559322
nudity (rear),303,161,94,729,31.0,0.4809435483870968
bechdel test:pass,303,201,61,,,
visually stunning,302,70,190,1092,64.0,0.8759375
low budget,302,97,195,616,60.0,0.6265458333333334
will smith,302,22,185,,,
perrot library,301,299,3,,,
clearplay,300,284,14,,,
intense,296,88,186,553,79.0,0.704756329113924
journalism,296,90,144,582,68.0,0.622952205882353
bibliothek,295,287,9,,,
netflix finland,295,272,2,,,
short,293,170,80,916,57.0,0.5443464912280701
philip seymour hoffman,293,38,161,,,
cliche,292,138,158,,,
1980s,291,99,122,9,92.0,0.5966385869565217
sad,291,140,195,871,124.0,0.535383064516129
memasa's movies,288,288,1,,,
oscar (best actor),288,70,122,,,
fantasy world,285,58,159,378,48.0,0.9117760416666667
on dvr,284,284,2,,,
plot twist,283,55,191,789,48.0,0.779765625
cars,283,88,112,185,72.0,0.7579340277777777
torture,282,92,143,1034,75.0,0.7238833333333333
special effects,281,120,147,951,56.0,0.82665625
hayao miyazaki,278,15,130,,,
feel-good,277,69,168,388,63.0,0.767797619047619
mel gibson,277,38,148,,,
fun,276,166,154,414,143.0,0.6863863636363636
bleak,275,126,97,143,113.0,0.8584579646017699
realistic,274,124,172,840,112.0,0.551890625
boxing,272,55,130,159,42.0,0.6958452380952381
russell crowe,271,31,159,,,
holocaust,267,50,166,515,17.0,0.8349117647058824
melancholy,267,75,136,641,70.0,0.7846607142857144
homosexuality,267,84,134,518,57.0,0.5938421052631578
unrealistic,267,113,152,1063,105.0,0.5056357142857143
cheesy,267,136,173,198,115.0,0.33361521739130434
will ferrell,266,28,151,,,
treasure,265,26,71,1043,24.0,0.8784791666666667
cgi,265,100,129,193,69.0,0.7080688405797101
epic,264,94,166,359,77.0,0.7617694805194806
cynical,264,94,124,282,89.0,0.7519129213483146
cerebral,263,64,124,192,64.0,0.852
michael caine,263,44,142,,,
sean connery,263,37,128,,,
space travel,262,39,149,945,33.0,0.8317954545454546
mockumentary,262,48,167,659,35.0,0.7716785714285714
film noir,262,75,169,393,48.0,0.7661770833333333
vietnam war,262,40,151,1080,4.0,0.69075
pirates,261,39,131,784,27.0,0.8716296296296296
intelligent,261,57,176,551,53.0,0.5436415094339623
movie business,261,148,59,674,75.0,0.3664866666666667
teen movie,260,44,102,1014,19.0,0.9365394736842106
dreams,259,56,174,326,48.0,0.8031458333333333
philip k. dick,259,12,133,,,
dance,258,85,126,283,54.0,0.807
bob*ola,257,257,1,,,
steampunk,256,35,135,966,29.0,0.5994310344827586
storytelling,255,37,132,972,32.0,0.9041015625
batman,255,26,153,117,8.0,0.87628125
gary oldman,255,37,126,,,
africa,253,109,108,34,10.0,0.831425
adam sandler,253,26,143,,,
business,252,128,85,173,86.0,0.7056918604651163
bad science,252,68,140,101,59.0,0.6047118644067796
jude law,252,36,145,,,
insanity,250,71,145,547,56.0,0.8057767857142857
kidnapping,250,115,109,587,88.0,0.675434659090909
london,249,106,104,608,11.0,0.8352045454545455
existentialism,249,48,159,368,43.0,0.7821453488372093
car chase,249,65,146,183,57.0,0.7570701754385964
enigmatic,248,68,112,351,67.0,0.9014552238805971
denzel washington,246,28,165,,,
shakespeare,245,64,108,912,15.0,0.7934166666666667
star trek,241,20,128,964,3.0,0.7254166666666667
angelina jolie,241,25,130,,,
made for tv,241,188,48,,,
gangsters,240,79,127,424,68.0,0.9342536764705882
spielberg,240,26,61,954,19.0,0.9253026315789473
poignant,240,113,95,791,105.0,0.7304714285714285
seen at the cinema,240,201,22,,,
anthony hopkins,239,33,164,,,
ewan mcgregor,239,31,145,,,
adapted from:comic,238,76,86,23,69.0,0.8011304347826087
arnold,236,17,53,74,16.0,0.9760625
british comedy,236,43,157,165,33.0,0.8562575757575758
crude humor,236,56,129,272,52.0,0.7200240384615384
not funny,234,127,118,719,111.0,0.29025900900900903
romantic,233,79,150,864,75.0,0.7998966666666667
computers,233,36,145,246,25.0,0.7219599999999999
beautifully filmed,232,36,174,122,31.0,0.7489112903225806
cannibalism,231,43,148,180,33.0,0.7255681818181818
irreverent,231,98,67,566,94.0,0.47162765957446806
based on a comic,230,41,136,108,38.0,0.8893881578947369
mentor,229,23,97,646,20.0,0.963675
humor,229,92,151,528,78.0,0.6751826923076923
plot holes,228,86,147,788,76.0,0.7113092105263158
imagination,227,34,162,535,30.0,0.88745
neo-noir,227,38,99,700,33.0,0.8374772727272727
alien invasion,226,43,132,44,33.0,0.8635227272727273
claustrophobic,226,74,105,218,67.0,0.74225
suspenseful,225,39,111,1000,36.0,0.8175625
divx,225,223,5,,,
own,224,204,18,,,
no_fa_ganes,223,223,1,,,
scary,222,95,127,882,83.0,0.8458734939759036
male nudity,222,111,82,625,83.0,0.7665030120481928
plot,222,111,136,787,97.0,0.6388067010309278
zooey deschanel,222,25,114,,,
oscar (best actress),221,75,80,747,1.0,0.951
vampire,221,55,125,1067,49.0,0.9394132653061225
sword fight,220,52,119,1005,39.0,0.8297564102564103
visceral,219,95,73,1089,92.0,0.7644429347826087
anti-hero,219,59,133,67,54.0,0.6945462962962963
liam neeson,219,37,132,,,
owned,219,203,21,,,
simon pegg,217,18,127,,,
hugh jackman,216,20,120,,,
sandra bullock,216,30,124,,,
kung fu,215,69,118,592,51.0,0.9718333333333333
mathematics,215,22,154,636,14.0,0.752
keira knightley,215,22,127,,,
excellent script,214,20,107,365,19.0,0.8925394736842105
dysfunctional family,213,62,112,335,54.0,0.7154398148148148
artistic,212,42,172,79,35.0,0.7265285714285714
joseph gordon-levitt,212,20,121,,,
oscar (best supporting actor),212,66,64,,,
super-hero,211,37,104,988,37.0,0.8004054054054054
super-hero,211,37,104,987,37.0,0.7722702702702702
monster,211,89,86,663,50.0,0.7105800000000001
ben stiller,211,26,127,,,
powerful ending,210,18,151,806,17.0,0.8123970588235294
dogs,210,86,100,317,72.0,0.6002152777777777
science,209,82,111,888,45.0,0.6665666666666666
prostitution,209,90,90,819,59.0,0.584271186440678
dark hero,208,24,87,288,17.0,0.9728823529411765
nicole kidman,208,31,136,,,
heath ledger,207,15,165,,,
genetics,206,18,142,429,17.0,0.8230882352941177
addiction,206,59,116,25,50.0,0.705025
jesus,204,28,76,579,18.0,0.9397916666666668
romantic comedy,204,76,117,865,66.0,0.8963219696969696
stranded,204,20,82,973,19.0,0.8886578947368421
bad plot,204,87,106,100,80.0,0.5972562499999999
uma thurman,204,31,121,,,
slasher,203,88,47,927,61.0,0.9427991803278689
nostalgic,203,86,115,717,77.0,0.6519480519480519
sentimental,202,59,134,900,54.0,0.6235324074074073
nature,202,84,103,695,54.0,0.5337638888888888
masterpiece,201,37,82,634,34.0,0.9232573529411765
sylvester stallone,201,41,70,,,
los angeles,200,95,78,612,10.0,0.8109249999999999
new york,200,73,100,704,17.0,0.7173088235294118
jack black,200,27,127,,,
john cusack,200,32,138,,,
owen wilson,200,29,119,,,
police corruption,199,74,90,796,61.0,0.7469713114754098
claymation,199,29,102,219,24.0,0.6994895833333333
characters,199,147,84,,,
jason statham,199,29,102,,,
seen,199,197,6,,,
monty python,198,7,120,665,4.0,0.97625
star wars,198,19,99,965,5.0,0.7171000000000001
dustin hoffman,198,33,130,,,
wes anderson,198,9,117,,,
big budget,197,83,79,132,83.0,0.9084789156626506
disability,197,78,84,306,60.0,0.7259458333333334
06/11,197,197,2,,,
afi 100,197,103,28,,,
india,196,61,114,541,7.0,0.6317857142857142
deadpan,196,64,77,291,62.0,0.5709032258064516
slow paced,196,100,138,930,77.0,0.4559610389610389
meditative,195,74,91,639,69.0,0.8583913043478261
trains,195,82,78,1039,65.0,0.46368461538461536
conspiracy theory,194,30,93,252,26.0,0.8906153846153846
dancing,194,31,72,284,25.0,0.7782899999999999
btaege,194,193,2,,,
kevin smith,194,16,93,,,
meryl streep,194,35,133,,,
vigilante,193,49,108,1082,44.0,0.9090454545454545
spoof,192,62,112,958,55.0,0.8283590909090909
amnesia,192,46,102,57,34.0,0.7203088235294118
jodie foster,191,24,133,,,
seth rogen,191,20,114,,,
animated,190,72,99,63,47.0,0.8662340425531915
1960s,190,86,73,7,73.0,0.5638698630136987
notable soundtrack,190,23,141,721,23.0,0.4789130434782609
understated,190,97,71,1055,89.0,0.3852078651685393
steve carell,190,24,115,,,
middle east,189,62,86,649,9.0,0.7591944444444444
detective,188,40,94,300,30.0,0.7733833333333333
brutal,188,66,102,168,59.0,0.7491440677966101
samurai,187,44,107,873,31.0,0.8740241935483871
courtroom,187,69,76,262,60.0,0.7978458333333334
cold war,186,46,117,226,23.0,0.8254782608695652
college,186,75,79,227,52.0,0.7705240384615385
beautiful scenery,186,35,148,121,29.0,0.7375172413793103
propaganda,186,62,105,818,44.0,0.718096590909091
david lynch,186,13,110,,,
biopic,185,81,74,135,67.0,0.8037089552238806
disappointing,185,70,139,307,65.0,0.28322692307692304
writers,184,93,67,1123,71.0,0.7979577464788733
akira kurosawa,184,33,77,,,
john malkovich,184,42,107,,,
pregnancy,183,74,101,808,52.0,0.6034423076923077
sex,183,78,123,905,60.0,0.5992999999999999
1970s,183,86,85,8,69.0,0.5466413043478261
ridley scott,183,22,102,,,
julia roberts,182,30,125,,,
interesting,181,102,98,554,64.0,0.73451953125
19th century,181,73,81,10,50.0,0.60822
underrated,181,105,103,1054,50.0,0.31207499999999994
china,180,83,76,205,16.0,0.888328125
medieval,180,31,116,638,29.0,0.8626896551724138
animals,179,70,94,62,56.0,0.8509866071428572
3d,179,48,121,11,13.0,0.6528461538461539
bad ending,178,84,114,99,73.0,0.5801883561643836
peter jackson,178,16,99,,,
ryan gosling,178,16,110,,,
erotic,177,59,93,360,47.0,0.8685478723404255
quotable,177,75,84,830,52.0,0.778485576923077
03/11,177,177,1,,,
political,176,55,125,798,43.0,0.7388255813953488
jackie chan,176,41,75,,,
screwball comedy,175,28,74,894,19.0,0.9566578947368422
cia,175,49,86,211,19.0,0.6999868421052632
script,175,150,41,895,132.0,0.5844810606060606
01/11,175,174,2,,,
05/11,175,175,1,,,
not available from netflix,175,148,20,,,
ridiculous,174,78,122,852,64.0,0.48462109375
christopher nolan,174,11,110,,,
redbox,173,164,7,,,
siblings,172,106,48,,,
terry gilliam,172,15,106,,,
based on book,171,79,90,113,73.0,0.8326849315068493
hugh grant,171,18,94,,,
australia,170,81,78,87,7.0,0.7413214285714286
scenic,170,49,111,883,46.0,0.7251413043478262
11/10,170,170,2,,,
ben affleck,170,26,105,,,
good dialogue,169,23,132,448,21.0,0.5294523809523809
stand-up comedy,168,63,67,963,34.0,0.9384264705882354
dramatic,168,40,81,324,27.0,0.869638888888889
prison escape,168,30,124,814,26.0,0.8472307692307692
happy ending,168,62,100,490,57.0,0.7622017543859649
lyrical,168,85,60,618,83.0,0.49792168674698795
02/11,168,168,1,,,
mark wahlberg,168,28,104,,,
twists & turns,167,38,124,1051,35.0,0.9039428571428572
alan rickman,167,27,90,,,
androids,165,30,91,60,25.0,0.8055
unique,164,63,122,1059,57.0,0.3957017543859649
dialogue driven,163,51,101,303,42.0,0.6530297619047619
remade,163,113,26,848,104.0,0.2278293269230769
dinosaurs,162,29,112,304,17.0,0.8325
sweet,162,86,86,1003,75.0,0.7267766666666666
spaghetti western,162,23,97,946,16.0,0.6498125
cameron diaz,162,23,108,,,
emma stone,162,12,108,,,
kirsten dunst,162,23,99,,,
original plot,161,35,110,743,35.0,0.7157
father daughter relationship,161,69,90,383,62.0,0.5499717741935484
christopher walken,161,45,86,,,
eric's dvds,161,160,2,,,
sean penn,161,28,105,,,
watched,161,161,1,,,
christian,160,28,74,208,18.0,0.9176666666666667
pg-13,160,114,30,777,1.0,0.88025
obsession,160,48,107,733,36.0,0.8791180555555556
eerie,160,64,63,344,61.0,0.7531270491803279
surprise ending,160,39,108,994,37.0,0.7201148648648649
poverty,160,87,76,805,60.0,0.7102666666666667
roman polanski,160,22,75,,,
women,159,34,66,1116,26.0,0.9125000000000001
11/11,159,159,1,,,
adapted from:play,159,124,26,,,
tommy lee jones,159,36,84,,,
dragons,158,29,89,322,20.0,0.9343625
intellectual,158,30,128,550,27.0,0.8151944444444444
stylish,158,46,86,981,42.0,0.7470476190476191
ominous,158,81,43,739,79.0,0.6935569620253165
anti-war,158,38,98,69,33.0,0.548810606060606
confusing,158,59,113,250,57.0,0.546969298245614
anamorphic blow-up,158,146,8,,,
annemari,158,157,2,,,
deliberate,158,100,22,,,
island,157,76,57,568,49.0,0.8100051020408163
007,156,24,61,1,24.0,0.9996458333333335
depression,156,55,107,297,45.0,0.8480666666666666
food,156,43,83,399,37.0,0.5423513513513514
ellen page,156,13,109,,,
girlie movie,155,54,73,439,54.0,0.8558796296296296
guns,155,76,86,482,69.0,0.6089130434782609
baseball,154,51,75,106,35.0,0.7499071428571428
environmental,154,42,87,358,33.0,0.5452878787878788
aviation,154,55,67,92,38.0,0.48152631578947364
jennifer aniston,154,21,98,,,
stereoscopic 3-d,154,125,23,,,
woody harrelson,154,25,108,,,
redemption,153,69,93,844,55.0,0.7945636363636364
george lucas,153,13,89,,,
childhood,152,67,84,203,50.0,0.88456
spy,152,52,99,960,44.0,0.8726818181818182
paranoid,152,44,73,767,44.0,0.7414545454545455
below r,152,111,25,,,
usa,152,139,21,,,
haunted house,151,52,75,494,35.0,0.8541500000000001
talky,151,86,48,1008,86.0,0.8349098837209302
watch the credits,151,77,44,1100,76.0,0.49640789473684205
jean reno,151,31,92,,,
courtroom drama,150,27,89,263,25.0,0.70711
etaege,150,150,1,,,
jeff bridges,150,25,105,,,
john travolta,150,26,111,,,
mars,149,27,72,630,18.0,0.9614444444444445
afi 100 (laughs),149,95,23,,,
anne hathaway,149,21,106,,,
want to see again,149,104,49,,,
motorcycle,148,78,56,672,62.0,0.684241935483871
child abuse,148,53,77,202,44.0,0.5745340909090909
library vhs,148,147,2,,,
wwii,147,70,82,1126,16.0,0.954203125
brutality,147,34,72,169,31.0,0.9069274193548388
lawyers,147,65,69,598,54.0,0.8003657407407407
absurd,146,56,102,18,44.0,0.7850170454545455
photography,146,72,86,782,63.0,0.6032063492063492
futuristmovies.com,146,136,10,,,
milla jovovich,146,16,88,,,
melancholic,145,19,88,640,17.0,0.967014705882353
time loop,144,16,107,1027,13.0,0.9881153846153846
technology,144,45,92,1012,29.0,0.8626120689655172
wedding,144,56,74,1102,42.0,0.5997321428571428
12/10,144,144,1,,,
charlie kaufman,144,7,88,,,
jake gyllenhaal,144,21,94,,,
computer animation,143,25,100,244,24.0,0.8758645833333333
goofy,143,59,74,455,51.0,0.818735294117647
genius,143,40,102,430,34.0,0.5800588235294118
so bad it's good,143,60,86,934,37.0,0.4379932432432432
stop motion,142,35,93,969,23.0,0.9431304347826087
end of the world,142,26,105,349,18.0,0.8856111111111111
stop motion,142,35,93,970,23.0,0.7978260869565218
television,142,73,47,1019,59.0,0.3987118644067797
1930s,141,61,64,5,54.0,0.8367314814814816
divorce,141,58,77,313,45.0,0.7691833333333333
latin america,141,109,29,,,
football,140,57,82,400,40.0,0.88720625
submarine,140,31,68,983,22.0,0.8466136363636363
incest,140,49,84,539,36.0,0.6196180555555555
cate blanchett,140,29,87,,,
kate winslet,140,21,98,,,
m. night shyamalan,140,10,79,,,
germany,139,58,74,434,11.0,0.9646136363636363
paranoia,139,40,100,766,35.0,0.8117000000000001
sexual,139,53,70,907,50.0,0.80598
hackers,139,28,87,484,21.0,0.7604166666666666
nudity,139,97,78,725,75.0,0.43735666666666667
werewolves,138,42,64,1106,33.0,0.8814772727272727
culture clash,138,49,93,277,34.0,0.7958088235294118
assassination,138,38,88,82,35.0,0.7716
biblical,138,49,71,131,8.0,0.74853125
david fincher,138,11,72,,,
fighting,137,62,86,390,56.0,0.8079642857142858
jane austen,137,20,68,574,2.0,0.539
audience intelligence underestimated,137,44,67,,,
feel good movie,136,28,96,387,28.0,0.8123660714285714
charlize theron,136,21,100,,,
guy ritchie,136,9,90,,,
menacing,136,87,25,,,
oscar (best supporting actress),136,67,32,,,
video game adaptation,135,33,57,1075,29.0,0.9060517241379311
video games,135,19,99,1076,17.0,0.6718235294117647
alcoholism,135,61,77,42,43.0,0.6616860465116279
great cinematography,135,32,92,466,29.0,0.6131379310344827
gene hackman,135,49,69,,,
sigourney weaver,135,24,81,,,
bollywood,134,48,66,149,13.0,0.8848076923076923
scifi,134,39,96,890,35.0,0.8357785714285715
investigation,134,38,84,558,31.0,0.8228629032258065
south america,134,61,53,940,3.0,0.30674999999999997
not a movie,134,50,65,,,
zombie,133,34,84,1127,23.0,0.9028804347826087
hitchcock,132,33,56,511,6.0,0.999375
immortality,132,20,92,538,16.0,0.8986875
revolution,132,41,90,851,31.0,0.827508064516129
12/11,132,132,1,,,
lars von trier,132,18,73,,,
isolation,131,45,85,569,28.0,0.5433125
tragedy,130,53,93,1037,25.0,0.70222
archaeology,130,17,70,71,13.0,0.6700576923076924
rebellion,130,42,82,843,38.0,0.6628421052631579
marriage,130,70,78,629,60.0,0.6614708333333332
splatter,129,28,63,956,26.0,0.9457788461538462
marijuana,129,35,76,628,27.0,0.8518148148148148
good acting,129,76,89,446,62.0,0.7259435483870967
harry potter,128,11,53,492,7.0,0.86025
1950s,128,64,57,6,55.0,0.5614863636363636
10/10,128,126,4,,,
colin farrell,128,29,79,,,
royalty,128,80,38,,,
vin diesel,128,16,83,,,
justice,127,46,85,585,38.0,0.7518223684210527
suburbia,127,29,73,984,25.0,0.70761
alter ego,127,53,48,49,45.0,0.6701666666666667
afi 100 (thrills),127,100,13,,,
bgab lrc,127,127,1,,,
sexualized violence,126,41,70,910,5.0,0.5726
pretentious,126,75,75,812,68.0,0.42555514705882347
kevin costner,126,26,81,,,
robert rodriguez,126,16,60,,,
alien,125,34,63,43,29.0,0.9631465517241379
civil war,125,45,66,214,30.0,0.9164583333333333
dragon,125,29,68,321,23.0,0.5802065217391305
strong female lead,125,54,68,,,
tarantino,124,12,80,1009,3.0,0.9695833333333334
las vegas,124,29,81,595,4.0,0.89
off-beat comedy,124,23,81,735,22.0,0.8644545454545455
slapstick,124,68,81,926,52.0,0.6427692307692308
sam rockwell,124,21,74,,,
hollywood,123,59,80,514,7.0,0.3885
clive owen,123,20,88,,,
great performances,123,39,81,,,
helena bonham carter,123,20,76,,,
wizards,122,21,57,1115,19.0,0.9441447368421052
fight scenes,122,24,82,389,22.0,0.9320681818181819
cross dressing,122,45,54,271,39.0,0.7850641025641025
eddie murphy,122,25,92,,,
realism,122,41,89,,,
ireland,121,45,70,562,3.0,0.9393333333333334
immigrants,121,58,53,537,42.0,0.7204940476190477
jennifer lawrence,121,10,80,,,
mythology,120,38,82,690,33.0,0.8929924242424242
funny as hell,120,56,76,418,7.0,0.6040714285714285
paul rudd,120,20,75,,,
zach galifianakis,120,18,78,,,
grim,119,46,60,473,42.0,0.7368095238095238
daniel craig,119,19,78,,,
winona ryder,119,22,80,,,
spies,118,33,77,955,32.0,0.9273671875
heartbreaking,118,29,95,496,28.0,0.6379642857142857
italy,118,55,62,572,9.0,0.4383333333333333
over the top,118,65,75,762,58.0,0.2797241379310345
01/12,118,118,1,,,
gwyneth paltrow,118,19,79,,,
virus,117,24,72,1088,20.0,0.8572875
forceful,117,77,28,401,77.0,0.7624675324675325
bond,116,26,41,151,23.0,0.9634130434782608
demons,116,50,57,294,29.0,0.8831465517241379
dark fantasy,116,22,83,287,22.0,0.8519431818181818
hitman,116,32,76,512,27.0,0.7711851851851852
independent film,116,47,85,540,31.0,0.7265483870967742
better than expected,116,53,69,129,43.0,0.6093895348837209
amy adams,116,24,83,,,
catholicism,116,65,49,,,
dystopic future,115,21,84,337,20.0,0.7749625
mother-son relationship,115,64,52,671,54.0,0.4084814814814815
michael cera,115,8,74,,,
mila kunis,115,12,80,,,
action packed,114,46,69,20,43.0,0.8433313953488372
good versus evil,114,41,72,454,37.0,0.7406283783783784
gambling,113,55,59,421,45.0,0.5117555555555555
self discovery,113,26,92,899,21.0,0.4222023809523809
colin firth,113,25,79,,,
wry,113,73,28,,,
witch,112,53,48,1112,38.0,0.8488552631578948
road movie,112,42,74,854,35.0,0.8425714285714285
vietnam,112,29,70,1079,8.0,0.78390625
afi 100 (cheers),111,95,8,,,
childish,111,69,48,,,
multiple roles,111,62,41,,,
disney animated feature,110,61,37,310,1.0,0.987
secrets,110,55,52,897,53.0,0.852061320754717
adolescence,110,34,68,26,28.0,0.8473750000000001
gruesome,110,47,41,477,43.0,0.8074302325581395
oscar winner,110,43,55,761,5.0,0.7725500000000001
joaquin phoenix,110,26,67,,,
kaf,110,110,1,,,
drinking,109,50,56,328,46.0,0.8217119565217391
strippers,109,41,56,975,31.0,0.6828548387096773
slavery,109,41,72,928,30.0,0.675875
mexico,109,52,58,648,14.0,0.5502142857142858
ocean,109,48,55,734,39.0,0.5404551282051282
best of rotten tomatoes: all time,109,100,9,,,
drew barrymore,109,24,74,,,
jet li,109,27,61,,,
orson welles,109,29,53,,,
biographical,108,46,55,133,40.0,0.8918687500000001
brazil,108,33,62,161,4.0,0.8813124999999999
blindness,108,48,53,144,37.0,0.7852364864864865
amazing cinematography,108,31,83,54,6.0,0.7277916666666666
short-term memory loss,108,15,56,917,15.0,0.6913
julianne moore,108,31,66,,,
peter sellers,108,21,56,,,
buddy movie,107,37,59,170,27.0,0.7808148148148149
desert,107,56,51,298,43.0,0.7791162790697675
dreamworks,107,21,62,327,4.0,0.603125
afi 100 (movie quotes),107,82,22,,,
golden palm,107,57,29,,,
matthew mcconaughey,107,22,78,,,
willem dafoe,107,30,79,,,
con artists,106,33,54,247,25.0,0.80553
brothers,106,58,52,167,42.0,0.7971726190476192
schizophrenia,106,21,86,884,14.0,0.7179642857142857
sexy,106,66,66,911,57.0,0.6984298245614035
strange,106,50,63,974,41.0,0.6693292682926829
naomi watts,106,19,69,,,
ralph fiennes,106,23,68,,,
ennio morricone,105,19,52,352,3.0,0.7700833333333333
complex characters,105,20,79,241,17.0,0.6890441176470588
oscar (best effects - visual effects),105,18,72,,,
bullying,104,44,60,172,32.0,0.868796875
great dialogue,104,29,76,467,27.0,0.5557129629629629
unlikeable characters,104,51,70,1061,46.0,0.41255434782608696
100 essential female performances,104,89,7,,,
guillermo del toro,104,11,56,,,
rachel mcadams,104,14,67,,,
werner herzog,104,30,41,,,
intimate,103,59,38,557,54.0,0.879287037037037
compassionate,103,58,36,238,54.0,0.7200462962962964
ghosts/afterlife,103,35,53,436,31.0,0.6236774193548387
audrey hepburn,103,15,62,,,
reese witherspoon,103,22,68,,,
ryan reynolds,103,19,67,,,
steve buscemi,103,26,68,,,
oscar (best foreign language film),102,51,49,753,3.0,0.95675
cartoon,102,61,42,186,34.0,0.90525
scotland,102,28,64,892,3.0,0.8941666666666666
art,102,56,73,75,28.0,0.8308660714285715
bad script,102,55,72,102,48.0,0.30857291666666664
ethan hawke,102,21,81,,,
meg ryan,102,21,59,,,
world war i,102,36,60,,,
indiana jones,101,5,69,542,3.0,0.9901666666666666
undercover cop,101,31,60,1052,24.0,0.9613333333333333
cheerleading,101,25,50,197,22.0,0.9532499999999999
twist,101,46,72,1049,41.0,0.7288170731707316
nerds,101,27,70,701,22.0,0.6967272727272728
pointless,101,65,76,792,62.0,0.5751330645161291
infidelity,101,64,48,545,54.0,0.4942731481481481
04/11,101,101,1,,,
james cameron,101,11,69,,,
jonah hill,101,29,50,,,
treasure hunt,100,27,54,1044,23.0,0.9279347826086957
werewolf,100,33,46,1105,27.0,0.9256296296296297
boarding school,100,28,50,147,25.0,0.8083100000000001
downbeat,100,69,29,319,63.0,0.7630595238095238
thought provoking,100,25,80,1024,23.0,0.5790326086956522
confrontational,100,45,47,249,45.0,0.4116777777777777
ingmar bergman,100,31,34,,,
james stewart,100,21,57,,,
my movies,100,99,2,,,
need to own,100,90,7,,,
sergio leone,100,7,52,,,
us president,100,49,40,,,
vincent price,100,31,24,,,
mad scientist,99,34,59,620,25.0,0.80446
fashion,99,30,71,381,23.0,0.6820869565217391
blood,99,42,64,145,32.0,0.5335
michael douglas,99,23,78,,,
netflix streaming,99,96,10,,,
ballet,98,23,56,104,13.0,0.6507499999999999
teenagers,98,52,62,1016,34.0,0.5746838235294117
jus+san,98,98,1,,,
orlando bloom,98,14,57,,,
robert redford,98,26,64,,,
tokyo,97,31,61,1029,9.0,0.9648611111111111
new zealand,97,27,56,706,4.0,0.7189375
atheism,97,24,67,85,16.0,0.532640625
michael fassbender,97,12,60,,,
german,96,40,60,433,9.0,0.9396111111111112
bank robbery,96,31,59,105,26.0,0.8095961538461538
disaster,96,23,74,308,21.0,0.7600714285714285
literary adaptation,96,50,39,605,47.0,0.44996276595744683
adrien brody,96,16,65,,,
san francisco,95,45,50,874,6.0,0.8072499999999999
hacking,95,19,71,485,18.0,0.7338055555555556
08/10,95,95,1,,,
add to prospects list,95,95,3,,,
viggo mortensen,95,16,64,,,
weak plot,95,38,69,,,
superheroes,94,21,46,990,20.0,0.9945375000000001
aids,94,38,50,37,2.0,0.989125
alternate universe,94,19,66,53,17.0,0.6898088235294118
business is the antagonist,94,49,18,,,
maggie gyllenhaal,94,14,70,,,
physics,94,23,68,,,
unlikely friendships,93,26,45,1062,9.0,0.9678888888888889
tolkien,93,10,57,1030,4.0,0.9417500000000001
swedish,93,21,67,1002,9.0,0.8536944444444444
fast paced,93,38,67,382,35.0,0.8064571428571429
classical music,93,28,52,217,21.0,0.7912619047619047
school,93,52,54,885,38.0,0.7281381578947368
2d animation,93,47,27,,,
james franco,93,18,71,,,
kristen stewart,93,17,65,,,
seen 2010,93,90,2,,,
highly quotable,92,35,50,504,11.0,0.8791818181818182
hotel,92,47,33,526,42.0,0.8169107142857142
nuclear war,92,23,69,724,14.0,0.7285357142857143
stereotypes,92,61,53,967,52.0,0.6520528846153847
1920s,92,28,48,4,24.0,0.5578124999999999
03/10,92,92,1,,,
cary grant,92,28,47,,,
humphrey bogart,92,23,58,,,
aardman,91,10,38,15,5.0,0.94005
18th century,91,32,43,3,28.0,0.8788035714285715
moody,91,57,31,666,54.0,0.45341203703703703
emma thompson,91,22,65,,,
imax digital only,91,88,3,,,
mel brooks,91,14,66,,,
paul newman,91,22,62,,,
rachel weisz,91,20,61,,,
val kilmer,91,23,71,,,
vince vaughn,91,19,69,,,
gangster,90,26,63,423,24.0,0.9435625000000001
spanish,90,35,73,948,13.0,0.8840000000000001
gangs,90,39,61,422,29.0,0.8827241379310344
homophobia,90,46,45,517,34.0,0.663279411764706
colonialism,90,47,44,228,31.0,0.4927016129032258
biting,90,66,21,137,66.0,0.3984772727272727
dynamic cgi action,90,50,24,,,
jim jarmusch,90,11,48,,,
literate,90,56,20,,,
high fantasy,89,7,56,502,7.0,0.9691428571428571
soccer,89,37,55,935,21.0,0.6903333333333334
antonio banderas,89,26,65,,,
unintentional comedy,89,31,49,,,
finnish,88,46,38,394,3.0,0.9994999999999999
sci fi,88,33,59,886,28.0,0.9280178571428571
cyborgs,88,24,60,281,21.0,0.8761190476190476
sci fi,88,33,59,887,28.0,0.8383928571428572
surveillance,88,27,57,997,25.0,0.80489
daniel day-lewis,88,12,72,,,
gay lead character,88,38,40,,,
scary movies to see on halloween,88,64,13,,,
theater,88,56,43,,,
broadway,87,48,36,166,13.0,0.9069230769230768
cloning,87,18,63,222,14.0,0.8273392857142857
80s,87,46,56,13,44.0,0.8223352272727272
japanese,87,52,55,576,21.0,0.7480357142857142
halloween,87,23,45,486,13.0,0.7477115384615385
adaptation,87,52,49,21,32.0,0.7432421875
passionate,87,51,38,771,50.0,0.7361249999999999
orphans,87,41,46,744,33.0,0.4391818181818182
marx brothers,87,26,27,633,14.0,0.3021607142857143
06/10,87,86,2,,,
disease,87,37,44,,,
gfei own it,87,87,2,,,
imax dmr,87,84,3,,,
kevin bacon,87,29,57,,,
sven's to see list,87,87,1,,,
super hero,86,24,34,987,24.0,0.9961979166666667
super hero,86,24,34,988,24.0,0.9623750000000001
russian,86,41,51,869,9.0,0.86925
workplace,86,32,48,1118,28.0,0.7647946428571428
earnest,86,62,22,338,59.0,0.6656186440677966
dumb,86,42,72,332,37.0,0.5630405405405405
flashbacks,86,38,63,398,33.0,0.48034848484848486
divx1,86,84,4,,,
gerard butler,86,21,61,,,
joss whedon,86,8,65,,,
michael crichton,86,17,38,,,
patrick stewart,86,19,48,,,
sacha baron cohen,86,10,58,,,
voyeurism,85,18,60,1095,15.0,0.82175
transgender,85,18,52,1041,14.0,0.8145892857142857
stoner movie,85,25,55,968,9.0,0.7408611111111111
psychedelic,85,22,70,820,18.0,0.730638888888889
spain,85,39,46,947,4.0,0.6554374999999999
italian,85,46,52,571,6.0,0.30758333333333326
beautiful cinematography,85,17,73,,,
bradley cooper,85,18,62,,,
bruce campbell,85,17,52,,,
david cronenberg,85,18,44,,,
forest whitaker,85,25,50,,,
french film,85,81,10,,,
imax dmr 3-d,85,83,3,,,
michael moore,85,10,54,,,
oliver stone,85,21,47,,,
pg13,85,72,10,,,
spherical blow-up,85,83,3,,,
steve martin,85,32,63,,,
unpredictable,85,35,65,,,
pornography,84,38,45,801,26.0,0.9572596153846155
family bonds,84,38,57,375,32.0,0.4936015625
nostalgia,84,52,46,716,41.0,0.46069512195121953
05/10,84,84,1,,,
ben kingsley,84,20,62,,,
marlon brando,84,19,57,,,
michael j. fox,84,19,48,,,
nostalgia critic,84,72,12,,,
smart,84,46,64,,,
youtube,84,80,5,,,
amazing photography,83,16,61,55,14.0,0.8605357142857143
vengeance,82,23,64,1070,18.0,0.9610277777777778
afterlife,82,21,54,35,18.0,0.8685555555555555
jazz,82,40,50,578,28.0,0.7535178571428572
product placement,82,52,38,816,49.0,0.5101785714285714
unfunny,82,45,57,1057,37.0,0.47412162162162164
austere,82,51,20,,,
james mcavoy,82,10,54,,,
jason segel,82,13,57,,,
kurt russell,82,15,54,,,
seen 2011,82,82,2,,,
somber,82,52,24,,,
iran,81,26,48,559,3.0,0.9380833333333333
complicated plot,81,14,68,243,13.0,0.8587307692307692
period piece,81,42,48,774,17.0,0.8507647058823529
good romantic comedies,81,26,45,450,1.0,0.576
christopher lloyd,81,17,52,,,
elijah wood,81,21,52,,,
jennifer connelly,81,17,62,,,
pierce brosnan,81,19,54,,,
wired 50 greatest soundtracks,81,50,26,,,
poker,80,14,66,793,11.0,0.8086590909090909
indie,80,27,63,544,19.0,0.7133947368421053
basketball,80,35,40,116,22.0,0.5905227272727273
inspiring,80,48,55,549,27.0,0.5858055555555555
underdog,80,46,38,1053,32.0,0.5167421875
found footage,80,36,39,,,
husband-wife relationship,80,55,30,,,
jean-claude van damme,80,23,26,,,
john goodman,80,23,60,,,
mark ruffalo,80,21,55,,,
paranormal,80,22,62,,,
pg,80,63,12,,,
effects,79,29,58,345,20.0,0.8543749999999999
character study,79,35,51,194,19.0,0.822828947368421
modern fantasy,79,14,54,660,14.0,0.8200892857142856
rome,79,23,58,866,4.0,0.7951874999999999
entertaining,79,41,57,355,40.0,0.6890375
aging,79,31,47,36,27.0,0.6188333333333333
heroine in tight suit,79,18,38,501,18.0,0.5550694444444444
competition,79,49,39,239,38.0,0.3960657894736842
01/10,79,79,1,,,
cast,79,61,32,,,
john cleese,79,20,57,,,
paul giamatti,79,16,63,,,
toshiro mifune,79,27,27,,,
argentina,78,32,40,72,2.0,0.97475
teacher,78,56,29,1010,47.0,0.7083776595744682
fbi,78,33,47,386,7.0,0.49360714285714286
no plot,78,44,65,709,36.0,0.33799999999999997
predictable ending,78,40,53,,,
chase,77,38,50,195,34.0,0.8904264705882353
noir,77,48,50,711,41.0,0.8003414634146342
fighting the system,77,31,42,391,2.0,0.78725
cult,77,40,58,274,30.0,0.7407833333333333
android(s)/cyborg(s),77,16,52,59,15.0,0.7140166666666666
love triangles,77,48,30,615,27.0,0.5345
ashton kutcher,77,13,59,,,
jessica alba,77,17,54,,,
kick-butt women,77,23,43,,,
luc besson,77,15,50,,,
seen 2014,77,77,2,,,
robert downey jr,76,20,49,858,2.0,0.997375
emma watson,76,12,50,347,2.0,0.99725
racing,76,32,49,834,21.0,0.965154761904762
hannibal lecter,76,5,56,489,1.0,0.95975
jungle,76,33,38,584,27.0,0.9165185185185185
parallel universe,76,17,57,765,10.0,0.850975
bloody,76,33,58,146,29.0,0.8427931034482758
good soundtrack,76,38,59,452,37.0,0.8350945945945946
farce,76,29,45,379,28.0,0.7539642857142858
colourful,76,22,52,229,22.0,0.6573636363636364
suicide attempt,76,33,44,986,28.0,0.5347053571428572
iraq war,76,29,45,,,
john wayne,76,42,28,,,
lavish,76,56,15,,,
sam raimi,76,14,34,,,
shaky camera,76,25,49,,,
sherlock holmes,76,24,47,,,
should like,76,76,1,,,
watched 2006,76,72,5,,,
muppets,75,14,41,681,14.0,0.8564107142857144
private detective,75,29,39,815,24.0,0.6921979166666666
communism,75,45,45,237,24.0,0.5940520833333333
added,75,74,3,,,
david bowie,75,16,60,,,
texas,74,45,22,1023,4.0,0.8159375
capitalism,74,31,49,182,21.0,0.6733928571428571
unintentionally funny,74,36,46,1058,30.0,0.35992499999999994
cillian murphy,74,20,32,,,
double life,74,47,23,,,
emily blunt,74,14,57,,,
must see,74,49,42,,,
weak ending,74,26,59,,,
space opera,73,21,41,943,20.0,0.9453374999999999
exceptional acting,73,35,39,366,8.0,0.869125
crappy sequel,73,27,41,264,26.0,0.7883846153846155
slackers,73,16,38,925,16.0,0.693453125
benicio del toro,73,14,62,,,
dull,73,53,44,,,
edgar award (best motion picture),73,57,4,,,
fewer than 300 ratings,73,72,3,,,
hugo weaving,73,20,41,,,
john carpenter,73,16,41,,,
mike myers,73,11,51,,,
ron perlman,73,18,44,,,
sweeping,73,61,12,,,
takashi miike,73,27,24,,,
drug abuse,72,22,50,329,18.0,0.8913472222222221
complex,72,25,60,240,20.0,0.8406874999999999
australian,72,36,44,88,8.0,0.73446875
affectionate,72,38,26,30,38.0,0.7258815789473685
berlin,72,23,53,125,4.0,0.7145625
betrayal,72,45,46,128,36.0,0.7088055555555556
russia,72,44,36,868,1.0,0.70475
psychiatry,72,29,48,822,18.0,0.5708888888888889
mountain climbing,72,22,49,673,17.0,0.4913823529411765
cats,72,34,33,,,
scope,72,68,6,,,
ninja,71,35,29,707,23.0,0.9139239130434783
bdsm,71,19,42,118,3.0,0.8821666666666667
light,71,64,21,603,59.0,0.733665254237288
midlife crisis,71,16,57,650,13.0,0.6062884615384616
writing,71,29,60,1124,28.0,0.4671964285714285
chris evans,71,17,35,,,
instant view,71,71,4,,,
kaiju,71,57,10,,,
mickey rourke,71,16,51,,,
richard gere,71,22,60,,,
rousing,71,56,14,,,
takeshi kitano,71,19,34,,,
fascism,70,23,52,380,18.0,0.7041111111111111
camp,70,41,46,176,28.0,0.6517321428571429
abortion,70,25,51,17,16.0,0.63725
billy bob thornton,70,17,53,,,
character development,70,35,56,,,
christoph waltz,70,6,53,,,
don cheadle,70,27,43,,,
ed harris,70,27,44,,,
family relationships,70,36,48,,,
steven soderbergh,70,24,28,,,
native americans,69,40,32,693,8.0,0.875375
blaxploitation,69,26,29,142,19.0,0.8540394736842105
hong kong,69,40,38,520,5.0,0.83385
caper,69,25,42,181,23.0,0.8203478260869564
chicago,69,34,34,200,9.0,0.39949999999999997
brother-brother relationship,69,35,42,,,
francis ford coppola,69,23,31,,,
gene wilder,69,7,59,,,
historically inaccurate,69,31,51,,,
john hughes,69,12,40,,,
want,69,69,2,,,
devil,68,25,44,301,21.0,0.8758809523809523
geeks,68,21,55,428,17.0,0.8178088235294118
south africa,68,34,39,939,2.0,0.7355
explosions,68,27,53,369,25.0,0.6489199999999999
book,68,59,16,152,48.0,0.6377968749999999
autism,68,14,57,91,11.0,0.5512045454545454
notable nudity,68,28,51,720,1.0,0.4935
bisexual,68,25,43,,,
feminism,68,38,50,,,
my dvds,68,60,9,,,
tv,68,59,19,,,
twins,68,35,30,,,
swashbuckler,67,27,27,1001,23.0,0.9398695652173913
natural disaster,67,33,34,694,21.0,0.9089999999999999
realistic action,67,18,41,841,18.0,0.7691805555555555
book was better,67,38,45,153,37.0,0.7638986486486486
heroin,67,18,42,499,17.0,0.7178529411764706
very good,67,54,23,1072,53.0,0.6236226415094339
bizarre,67,35,50,139,27.0,0.42197222222222225
moving,67,44,48,676,17.0,0.3668382352941176
fritz lang,67,30,22,,,
hulu,67,60,8,,,
neil patrick harris,67,8,49,,,
singing,67,36,49,,,
tilda swinton,67,17,50,,,
tobey maguire,67,11,48,,,
spying,66,18,56,961,18.0,0.9456527777777778
first contact,66,18,34,396,18.0,0.9142222222222222
beatles,66,17,44,119,3.0,0.9095
greed,66,28,53,472,25.0,0.8715599999999999
wilderness,66,23,49,1109,18.0,0.8091944444444444
monsters,66,31,45,664,25.0,0.74902
visuals,66,27,49,1093,15.0,0.5981833333333333
wistful,66,33,26,1111,32.0,0.5571328125
train,66,29,32,1038,26.0,0.4985288461538462
money,66,38,40,661,33.0,0.44877272727272727
imdb bottom 100,66,59,8,,,
jason bateman,66,15,50,,,
jennifer garner,66,13,42,,,
oscar (best music - original song),66,18,41,,,
silent movie,66,22,48,,,
islam,65,39,31,567,7.0,0.9475714285714286
alone in the world,65,9,54,48,9.0,0.9108055555555556
casino,65,20,47,187,16.0,0.759515625
awesome,65,47,44,93,40.0,0.39085
1990s,65,35,34,,,
charming,65,35,37,,,
michael bay,65,11,38,,,
vistavision,65,61,5,,,
giant robots,64,9,50,437,7.0,0.929
internet,64,26,43,555,15.0,0.8764666666666667
dc comics,64,25,21,290,1.0,0.85975
foreign,64,44,45,402,29.0,0.7626896551724137
books,64,35,34,154,33.0,0.7558257575757577
bible,64,17,52,,,
daniel radcliffe,64,12,36,,,
fanciful,64,40,16,,,
jeff goldblum,64,13,44,,,
sad ending,64,43,45,,,
wrongly accused,64,40,22,,,
funniest movies,63,32,36,416,4.0,0.9923124999999999
mutants,63,24,41,688,17.0,0.932235294117647
alaska,63,21,44,40,1.0,0.9175
god,63,32,40,442,20.0,0.9029624999999999
innocence lost,63,22,32,546,8.0,0.8893125000000001
new orleans,63,31,32,703,1.0,0.87425
iraq,63,24,36,560,9.0,0.8568611111111112
music business,63,28,49,685,22.0,0.797375
harsh,63,37,25,493,37.0,0.7337905405405405
morality,63,27,53,669,24.0,0.6084791666666667
not as good as the first,63,21,47,718,21.0,0.3783214285714286
09/10,63,63,1,,,
afghanistan,63,26,40,,,
american civil war,63,22,34,,,
catherine zeta-jones,63,15,43,,,
chan-wook park,63,8,35,,,
michel gondry,63,10,44,,,
stylized violence,63,17,44,,,
con men,62,13,36,248,13.0,0.9370192307692308
cancer,62,33,48,179,21.0,0.920154761904762
life & death,62,16,51,601,13.0,0.8922115384615383
genocide,62,16,49,431,14.0,0.7011071428571428
robbery,62,26,40,857,21.0,0.6309523809523809
mental hospital,62,23,45,644,17.0,0.5708970588235294
imaginary friend,62,16,39,534,15.0,0.52935
audrey tautou,62,12,42,,,
brendan fraser,62,18,46,,,
christopher guest,62,12,32,,,
experimental,62,24,51,,,
gay romance,62,30,27,,,
halle berry,62,15,47,,,
matthew broderick,62,18,46,,,
meta,62,26,42,,,
rated-r,62,47,17,,,
007 (series),61,24,25,2,24.0,0.9999375
vigilantism,61,15,46,1083,14.0,0.9001785714285715
catastrophe,61,12,51,188,10.0,0.8543
teens,61,39,32,1017,33.0,0.8448030303030303
visual,61,23,37,1090,23.0,0.8256847826086956
race issues,61,20,50,833,17.0,0.7937794117647058
birds,61,21,34,136,15.0,0.6824333333333333
alternate history,61,6,52,51,6.0,0.65925
handycam,61,9,54,488,1.0,0.34075
12/09,61,60,2,,,
b-movie,61,33,35,,,
brian de palma,61,21,26,,,
darren aronofsky,61,6,47,,,
foreign language,61,29,39,,,
get,61,58,6,,,
greg kinnear,61,27,30,,,
inventor,61,29,22,,,
jesse eisenberg,61,5,47,,,
miyazaki,61,10,36,,,
steve mcqueen,61,13,39,,,
tim robbins,61,18,48,,,
tim roth,61,21,38,,,
ummarti2006,61,58,4,,,
space program,60,14,42,944,10.0,0.9883000000000001
irish,60,30,47,563,12.0,0.9358333333333334
costume drama,60,25,39,259,23.0,0.8862065217391305
hostage,60,29,37,525,23.0,0.7087282608695652
moon,60,13,44,667,9.0,0.7038055555555556
switching places,60,20,37,1004,18.0,0.6464027777777778
guilty pleasure,60,27,42,479,22.0,0.3830454545454545
christina ricci,60,16,46,,,
danny devito,60,26,42,,,
ian mckellen,60,25,31,,,
j netflix,60,60,1,,,
jean-luc godard,60,26,16,,,
lgbt,60,37,29,,,
madcap,60,37,16,,,
old,60,44,35,,,
oscar (best music - original score),60,23,37,,,
paul thomas anderson,60,7,35,,,
possession,60,33,32,,,
seen 2013,60,59,2,,,
wuxia,59,32,17,1125,18.0,0.8740277777777777
israel,59,31,34,570,9.0,0.8705833333333334
sexual abuse,59,21,42,908,19.0,0.8230263157894737
non-linear,59,15,48,714,13.0,0.7730192307692308
death penalty,59,18,38,293,16.0,0.732796875
movielens top pick,59,49,12,675,44.0,0.7244886363636364
tear jerker,59,26,42,1011,23.0,0.7049565217391304
nudity (full frontal - brief),59,36,30,726,1.0,0.5225
no dialogue,59,13,46,708,11.0,0.4519090909090909
100 greatest movies,59,52,7,,,
avi,59,56,6,,,
death/fatality,59,42,21,,,
direction,59,38,29,,,
guy pearce,59,19,42,,,
hallucination,59,18,38,,,
haunted by the past,59,31,25,,,
jessica biel,59,13,43,,,
john turturro,59,22,32,,,
nick frost,59,9,34,,,
open ending,59,28,44,,,
ricky gervais,59,11,36,,,
seen 2012,59,59,2,,,
william shatner,59,16,29,,,
writer,59,42,31,,,
depp & burton,58,5,39,295,1.0,0.99575
cooking,58,19,46,254,14.0,0.7866964285714285
manipulation,58,22,44,627,22.0,0.7561022727272728
entirely dialogue,58,17,41,356,16.0,0.7119062500000001
puppets,58,26,33,827,22.0,0.7040227272727273
alternate endings,58,6,54,50,6.0,0.688875
mistaken identity,58,25,32,656,20.0,0.5774
corny,58,35,47,256,27.0,0.27679629629629626
buster keaton,58,31,17,,,
school drama,58,22,28,,,
gory,57,36,44,458,30.0,0.82375
honest,57,29,39,519,23.0,0.6979782608695652
foul language,57,27,34,403,26.0,0.6471538461538462
good music,57,28,44,449,21.0,0.6101190476190477
02/10,57,57,1,,,
07/10,57,56,2,,,
3,57,56,3,,,
55 movies every kid should see--entertainment weekly,57,55,3,,,
charlie chaplin,57,11,33,,,
danny boyle,57,10,34,,,
donald sutherland,57,28,40,,,
epidemic,57,17,34,,,
john woo,57,16,31,,,
korean,57,27,40,,,
seen 2006,57,53,6,,,
police investigation,56,27,37,797,22.0,0.9146931818181817
idealism,56,17,47,531,13.0,0.8352692307692308
mother daughter relationship,56,38,34,670,28.0,0.5070089285714285
afternoon section,56,52,5,,,
ang lee,56,13,29,,,
awkward,56,25,46,,,
body horror,56,21,26,,,
jealousy,56,36,32,,,
kate beckinsale,56,13,46,,,
kiefer sutherland,56,15,49,,,
madness,56,25,42,,,
oscar nom 2007,56,33,18,,,
own it,56,55,3,,,
patriotic,56,30,35,,,
robert zemeckis,56,12,26,,,
whoopi goldberg,56,19,37,,,
lone hero,55,11,31,609,11.0,0.97925
awesome soundtrack,55,21,38,94,20.0,0.8583875000000001
censorship,55,13,36,191,12.0,0.8446041666666666
glbt,55,26,27,440,23.0,0.7973260869565217
hospital,55,36,31,524,27.0,0.7015370370370371
working class,55,27,34,1117,22.0,0.696
great movie,55,42,37,469,9.0,0.6355
sad but good,55,26,47,872,25.0,0.55562
11/09,55,55,1,,,
asylum,55,23,37,,,
david mamet,55,26,16,,,
episodic,55,24,31,,,
great cast,55,31,36,,,
helen mirren,55,18,41,,,
may-december romance,55,30,19,,,
occult,55,28,33,,,
r:language,55,46,10,,,
thoughtful,55,23,43,,,
unoriginal,55,26,41,,,
hawaii,54,16,39,495,2.0,0.934625
virginity,54,14,42,1086,12.0,0.8913541666666666
nocturnal,54,25,22,710,24.0,0.8660104166666667
crazy,54,33,43,265,26.0,0.4029134615384615
circus,54,29,37,213,19.0,0.36311842105263153
dan aykroyd,54,15,38,,,
elegiac,54,43,8,,,
escape,54,26,35,,,
favorite,54,51,16,,,
mads mikkelsen,54,15,30,,,
ohsoso,54,52,4,,,
renee zellweger,54,15,36,,,
top 250 imdb,54,51,2,,,
vocalists,54,43,10,,,
wintry,54,37,13,,,
view askew,53,6,27,1081,6.0,1.0
best war films,53,24,28,127,6.0,0.9929583333333333
hip hop,53,28,26,507,19.0,0.983921052631579
series,53,25,21,904,21.0,0.9445952380952382
gay character,53,33,27,426,2.0,0.92975
canada,53,35,28,178,5.0,0.8212999999999999
guilt,53,28,34,478,21.0,0.8147142857142858
kids,53,41,34,588,38.0,0.7357631578947368
airplane,53,28,31,38,21.0,0.30938095238095237
billy wilder,53,22,23,,,
character driven,53,21,42,,,
frank miller,53,9,40,,,
godzilla,53,32,14,,,
jamie foxx,53,12,44,,,
my addition to ml,53,52,2,,,
on computer,53,53,2,,,
sidney lumet,53,21,22,,,
single parents,53,34,16,,,
steven seagal,53,25,31,,,
usa film registry,53,26,6,,,
antarctica,52,12,37,66,3.0,0.9890833333333333
egypt,52,19,34,346,6.0,0.9808333333333333
time,52,30,29,1026,26.0,0.7306153846153846
macabre,52,17,32,619,17.0,0.7269117647058824
9/11,52,15,35,14,13.0,0.6968653846153846
horses,52,28,29,523,23.0,0.6593695652173913
shallow,52,27,43,913,23.0,0.573304347826087
poetry,52,26,40,790,20.0,0.5344125
airport,52,20,34,39,18.0,0.5308472222222221
american idiocy,52,16,27,,,
director-screenwriter,52,51,5,,,
far future,52,25,21,,,
geoffrey rush,52,18,35,,,
gregory peck,52,14,31,,,
minimalist,52,12,38,,,
potential oscar nom,52,41,13,,,
robert duvall,52,23,34,,,
seen 2008,52,51,3,,,
slick,52,39,16,,,
watched 2007,52,49,4,,,
adoption,51,30,28,27,22.0,0.839875
secret service,51,19,35,896,15.0,0.8158
intelligent sci-fi,51,2,51,552,2.0,0.7851250000000001
boston,51,19,33,157,6.0,0.7217916666666667
identity,51,20,37,532,19.0,0.6626447368421052
interracial romance,51,28,27,556,27.0,0.6554907407407408
moral ambiguity,51,24,39,668,21.0,0.6395833333333334
judaism,51,26,24,583,2.0,0.550125
evolution,51,19,36,363,13.0,0.4784807692307692
jamie lee curtis,51,14,37,,,
john c. reilly,51,19,39,,,
marvel cinematic universe,51,10,23,,,
michael keaton,51,13,38,,,
nasa,51,12,31,,,
not on dvd,51,49,4,,,
pacing,51,44,29,,,
paradox,51,7,48,,,
social criticism,51,15,46,,,
stupid ending,51,24,40,,,
torrential downpour,51,49,3,,,
vikings,51,14,42,,,
corporate america,50,11,35,257,1.0,0.91
based on comic,50,11,46,114,11.0,0.806840909090909
bad cgi,50,25,36,98,21.0,0.7349761904761904
"""found footage""",50,7,37,,,
atmosphere,50,30,43,,,
friday night movie,50,46,5,,,
george a. romero,50,12,23,,,
michael mann,50,8,29,,,
nude black women,50,35,5,,,
painter,50,34,12,,,
richard linklater,50,14,29,,,
shia labeouf,50,13,36,,,
sniper,50,14,36,,,
tv series,50,23,30,,,
xmas theme,50,38,12,,,
kurosawa,49,14,29,593,2.0,0.9905
gunfight,49,22,29,481,21.0,0.9647857142857144
fairy tales,49,15,26,372,14.0,0.9491071428571428
trilogy,49,20,36,1046,16.0,0.83559375
artist,49,36,23,78,23.0,0.7885543478260869
prequel,49,20,33,810,18.0,0.6739305555555555
magic realism,49,14,43,624,10.0,0.607375
simple,49,30,36,921,27.0,0.5093333333333333
lame,49,37,33,594,35.0,0.4345357142857143
travel,49,19,40,1042,15.0,0.4158833333333333
actors,49,44,20,,,
bad dialogue,49,23,45,,,
gloomy,49,32,17,,,
helen hunt,49,10,37,,,
hilary swank,49,12,39,,,
john ford,49,37,8,,,
katherine heigl,49,7,36,,,
leonard nimoy,49,13,32,,,
meaning of life,49,12,44,,,
playwright:shakespeare,49,42,5,,,
sarah jessica parker,49,13,37,,,
urbane,49,29,19,,,
jay and silent bob,48,5,30,577,4.0,0.9910625
robot,48,21,36,860,15.0,0.9384333333333333
very funny,48,24,39,1071,20.0,0.8332499999999999
teenager,48,20,33,1015,14.0,0.7367142857142858
neil gaiman,48,5,36,698,2.0,0.722375
rats,48,20,32,839,16.0,0.5930156249999999
biology,48,23,21,,,
claire danes,48,15,41,,,
consumerism,48,14,29,,,
dakota fanning,48,13,40,,,
forest,48,35,17,,,
gentle,48,28,21,,,
heroism,48,24,41,,,
marion cotillard,48,11,35,,,
matter-of-fact,48,36,8,,,
michelle pfeiffer,48,22,42,,,
mtskaf,48,48,1,,,
seen 2009,48,48,2,,,
based on true story,47,19,38,115,14.0,0.8671071428571429
mummy,47,13,27,680,13.0,0.8521153846153846
grindhouse,47,22,30,474,14.0,0.8356250000000001
clowns,47,21,25,223,13.0,0.8314038461538462
doctors,47,34,21,314,27.0,0.8077037037037037
brainwashing,47,18,32,160,18.0,0.8073194444444444
stupid as hell,47,23,33,979,1.0,0.75275
roald dahl,47,7,36,856,2.0,0.72075
coming-of-age,47,21,33,235,15.0,0.7150333333333333
good,47,45,26,445,41.0,0.7092256097560976
chess,47,14,28,199,10.0,0.6923
coming-of-age,47,21,33,236,15.0,0.6841833333333334
court,47,22,27,261,21.0,0.6563095238095238
underwater,47,14,37,1056,12.0,0.6091041666666667
freedom,47,27,38,410,20.0,0.5878625000000001
free to download,47,27,20,409,12.0,0.49804166666666666
adapted from b'way,47,38,9,,,
buddhism,47,22,30,,,
dimensionalized 2-d to 3-d,47,44,4,,,
ei muista,47,44,5,,,
geeky,47,16,31,,,
iceland,47,21,27,,,
jason schwartzman,47,16,31,,,
javier bardem,47,6,39,,,
julie andrews,47,9,31,,,
my shopping list,47,47,1,,,
nuns,47,23,20,,,
restaurant,47,28,18,,,
slow start,47,28,38,,,
strong women,47,18,30,,,
toho,47,46,4,,,
writer's life,46,30,22,1122,1.0,0.961
silent,46,29,31,918,12.0,0.9197291666666666
hit men,46,15,32,510,11.0,0.8880454545454545
shark,46,11,27,914,8.0,0.8804375
math,46,6,41,635,5.0,0.8329000000000001
artsy,46,12,41,80,8.0,0.6869062499999999
brilliant,46,32,32,163,22.0,0.2555454545454545
andrew garfield,46,7,34,,,
astronomy,46,15,30,,,
casey affleck,46,11,39,,,
costumes,46,34,32,,,
demi moore,46,16,37,,,
dwayne johnson,46,15,29,,,
german expressionism,46,14,24,,,
jared leto,46,11,32,,,
jeremy renner,46,12,34,,,
leslie nielsen,46,12,29,,,
lindsay lohan,46,9,38,,,
long takes,46,18,34,,,
pedro almodovar,46,16,28,,,
raunchy,46,20,26,,,
rowan atkinson,46,12,35,,,
steve coogan,46,22,18,,,
supernatural romance,46,32,13,,,
uplifting,46,26,35,,,
zach braff,46,6,43,,,
segregation,45,21,25,898,12.0,0.92725
jews,45,24,30,581,10.0,0.89855
sarcasm,45,22,36,876,20.0,0.7863125
transformation,45,18,32,1040,13.0,0.590576923076923
bad sequel,45,21,36,103,20.0,0.2976
abuse,45,27,37,,,
christian slater,45,14,37,,,
curse,45,23,31,,,
dennis hopper,45,16,34,,,
good ending,45,23,39,,,
gus van sant,45,12,23,,,
harvey keitel,45,19,37,,,
ingrid bergman,45,12,26,,,
innovative,45,20,38,,,
jack lemmon,45,18,34,,,
judi dench,45,14,33,,,
melodrama,45,39,23,,,
paul verhoeven,45,10,22,,,
ron howard,45,17,22,,,
rosario dawson,45,16,35,,,
salma hayek,45,13,34,,,
smoking,45,31,22,,,
tim allen,45,13,36,,,
tom waits,45,14,32,,,
unsimulated sex,45,34,9,,,
drug addiction,44,24,28,330,9.0,0.9711111111111111
weed,44,17,35,1103,17.0,0.9349411764705883
comics,44,15,33,234,12.0,0.8686041666666666
golf,44,12,29,444,8.0,0.824375
president,44,24,26,811,21.0,0.8157619047619048
adapted from:game,44,17,23,24,16.0,0.8089375
new jersey,44,21,29,702,7.0,0.7725714285714285
california,44,32,22,175,4.0,0.7639374999999999
punk,44,16,32,826,8.0,0.750375
hard to watch,44,17,41,491,15.0,0.5524333333333333
2.5,44,44,2,,,
comic book adaption,44,11,39,,,
deal with the devil,44,12,32,,,
editing,44,35,28,,,
favorites,44,41,9,,,
frank capra,44,16,19,,,
gerard depardieu,44,35,11,,,
giant monster,44,11,33,,,
girl power,44,19,30,,,
lies,44,26,33,,,
myth,44,20,18,,,
nicholas cage,44,16,34,,,
pot_estar_be,44,44,1,,,
psychological thriller,44,23,29,,,
seann william scott,44,12,36,,,
sport:boxing,44,17,18,,,
tina fey,44,4,36,,,
warm,44,32,20,,,
murder mystery,43,17,35,683,14.0,0.9085357142857143
toys,43,12,33,1036,8.0,0.90703125
teleportation,43,7,36,1018,7.0,0.8917857142857143
astronauts,43,9,34,84,7.0,0.8888571428571429
man versus machine,43,11,22,626,11.0,0.8179772727272727
jewish,43,25,30,580,11.0,0.7647727272727273
radio,43,20,24,836,17.0,0.7548823529411764
literature,43,27,24,606,25.0,0.75322
voodoo,43,15,35,1094,6.0,0.6569583333333333
exciting,43,26,39,367,24.0,0.6556666666666667
race,43,30,24,832,24.0,0.6283020833333334
gross-out,43,16,24,476,3.0,0.5394166666666667
ironic,43,29,24,565,27.0,0.5299259259259259
breakthroughs,43,33,8,,,
charlie sheen,43,13,39,,,
chevy chase,43,14,27,,,
didn't finish,43,40,12,,,
edgar wright,43,5,31,,,
elizabeth banks,43,13,27,,,
great depression,43,15,26,,,
lucy liu,43,12,32,,,
na dysku,43,43,1,,,
private school,43,32,12,,,
ray liotta,43,15,36,,,
religious overtones,43,12,42,,,
smuggling,43,8,33,,,
supernatural powers,43,10,29,,,
anti-semitism,42,19,28,68,1.0,0.9485
weapons,42,9,37,1101,8.0,0.90915625
silly fun,42,15,28,920,15.0,0.8926166666666667
neo-nazis,42,6,38,699,2.0,0.8915
east germany,42,8,38,340,1.0,0.8795
factual,42,13,28,370,12.0,0.8295
olympics,42,15,25,738,1.0,0.7245
feel good,42,24,36,388,20.0,0.6717
10/09,42,41,2,,,
adapted from:book series,42,33,9,,,
adolf hitler,42,9,32,,,
beautiful woman,42,28,17,,,
danny trejo,42,18,28,,,
drab,42,38,10,,,
emerson must see,42,39,3,,,
eric bana,42,14,32,,,
howard hawks,42,26,10,,,
kenneth branagh,42,15,34,,,
kristen bell,42,10,32,,,
megan fox,42,9,28,,,
michael curtiz,42,32,10,,,
poor acting,42,26,38,,,
robert altman,42,24,17,,,
tension,42,24,28,,,
thrilling,42,23,31,,,
wallace & gromit,42,7,26,,,
saturday night live,41,15,21,879,1.0,0.9055
good action,41,17,25,447,12.0,0.9020833333333332
art house,41,18,24,76,17.0,0.8873529411764707
kubrick,41,10,28,591,6.0,0.8707083333333333
spanish civil war,41,10,33,949,1.0,0.7782500000000001
sacrifice,41,20,33,870,16.0,0.75365625
stupidity,41,17,36,980,17.0,0.6913088235294118
cool,41,33,35,255,27.0,0.6373333333333333
idiotic,41,26,27,533,24.0,0.5216354166666667
breaking the fourth wall,41,18,33,,,
carey mulligan,41,8,28,,,
cav,41,41,1,,,
christopher lee,41,24,16,,,
crap,41,33,27,,,
easygoing,41,33,8,,,
eva mendes,41,11,31,,,
exorcism,41,12,32,,,
fathers and sons,41,29,13,,,
fish out of water,41,28,16,,,
godzilla universe,41,41,1,,,
golden raspberry (worst actor),41,32,9,,,
illogical,41,24,32,,,
imaginative,41,19,35,,,
inaccurate,41,19,35,,,
irreligion,41,22,14,,,
janus 50,41,40,2,,,
john candy,41,15,33,,,
k movie,41,41,2,,,
louis c.k.,41,9,24,,,
rhythm & blues,41,16,23,,,
soviet union,41,24,23,,,
stanley tucci,41,11,32,,,
suburban dysfunction,41,14,25,,,
susan sarandon,41,20,25,,,
to-rent,41,36,6,,,
tom hardy,41,8,31,,,
too small,41,41,1,,,
united states,41,28,19,,,
want to own,41,39,4,,,
liv tyler,40,12,31,607,2.0,0.89025
breathtaking,40,22,22,162,10.0,0.8728999999999999
destiny,40,16,29,299,16.0,0.869328125
irish accent,40,9,37,564,6.0,0.8476666666666667
lawyer,40,19,30,597,17.0,0.8452647058823529
terminal illness,40,15,26,1021,13.0,0.806923076923077
screwball,40,18,23,893,15.0,0.8063333333333332
special,40,30,14,950,25.0,0.60971
father son relationship,40,26,24,384,22.0,0.5889545454545454
father son relationship,40,26,24,385,22.0,0.46162499999999995
best picture,40,35,7,,,
bette davis,40,17,14,,,
billy crystal,40,15,31,,,
bruce lee,40,10,22,,,
cameos,40,26,29,,,
choir,40,16,20,,,
class differences,40,23,24,,,
deep,40,22,30,,,
everything,40,31,37,,,
graphic violence,40,12,36,,,
h.p. lovecraft,40,12,17,,,
kristen wiig,40,10,28,,,
lurid,40,27,11,,,
medicine,40,24,23,,,
monica bellucci,40,12,34,,,
prostitutes,40,32,15,,,
rob schneider,40,15,25,,,
roger moore,40,11,14,,,
santa claus,40,16,22,,,
sharon stone,40,16,27,,,
rio de janeiro,39,14,25,853,1.0,0.99575
stage magic,39,10,30,962,5.0,0.9688000000000001
time-travel,39,8,31,1028,8.0,0.8733124999999999
witches,39,19,27,1113,17.0,0.8658235294117647
mob,39,22,24,658,19.0,0.8322499999999999
memory loss,39,13,34,643,11.0,0.7741363636363636
arms dealer,39,5,33,73,5.0,0.7613
life,39,31,22,600,27.0,0.6913333333333334
dog,39,21,31,316,18.0,0.669
animal:dog,39,30,11,,,
apocalyptic,39,14,35,,,
banned movie,39,29,11,,,
bfi classic,39,36,4,,,
bfi modern classic,39,27,9,,,
bill hader,39,16,18,,,
blindfold,39,36,4,,,
cliche characters,39,14,30,,,
exploitation,39,29,25,,,
golden raspberry (worst actress),39,27,12,,,
humour,39,20,31,,,
jonossa,39,38,2,,,
justin long,39,12,28,,,
michelle williams,39,10,33,,,
mvlc,39,39,1,,,
patrick swayze,39,10,33,,,
poor plot,39,20,30,,,
priest,39,30,14,,,
scenery,39,28,29,,,
seafaring,39,13,20,,,
spaceships,39,13,30,,,
spy thriller,39,10,38,,,
tim curry,39,11,32,,,
totalitarianism,39,7,33,,,
unusual,39,21,30,,,
visual effects,39,15,31,,,
want it,39,38,2,,,
based on a video game,38,14,29,112,11.0,0.9977954545454545
solitude,38,7,33,937,5.0,0.8652
frightening,38,21,18,413,6.0,0.8041666666666667
eccentricity,38,16,27,341,15.0,0.7747166666666666
utopia,38,12,28,1066,11.0,0.745840909090909
goth,38,26,19,459,23.0,0.7359565217391304
mining,38,20,18,653,15.0,0.6926
cheating,38,24,28,196,19.0,0.6111184210526316
3.5,38,37,3,,,
adapted from:tv series,38,26,14,,,
angry,38,30,12,,,
dolph lundgren,38,13,21,,,
ending twist,38,10,37,,,
ethics,38,23,27,,,
josh brolin,38,11,29,,,
julia stiles,38,9,28,,,
lovecraftian mythology,38,16,18,,,
music documentary,38,19,21,,,
national lampoon,38,19,14,,,
noomi rapace,38,6,30,,,
robert pattinson,38,9,29,,,
shooting,38,30,22,,,
sibling relationships,38,22,17,,,
strong woman,38,23,20,,,
swearing,38,20,25,,,
updated classics,38,17,20,,,
wesley snipes,38,11,32,,,
witchcraft,38,15,24,,,
yakuza,38,24,25,,,
poland,37,24,20,794,4.0,0.9726250000000001
kids and family,37,16,27,589,16.0,0.911875
ecology,37,11,29,342,7.0,0.9102500000000001
sword fighting,37,16,26,1006,16.0,0.8868125
surfing,37,18,29,993,10.0,0.8482749999999999
sisters,37,19,31,923,14.0,0.8112678571428571
so bad it's funny,37,13,30,933,10.0,0.789075
metaphysics,37,9,31,647,9.0,0.734
oil,37,14,27,737,7.0,0.715
crime gone awry,37,14,28,269,7.0,0.7141428571428572
bowling,37,5,35,158,5.0,0.65805
opera,37,20,24,740,16.0,0.6048281249999999
pulp,37,18,21,825,16.0,0.50096875
cathartic,37,26,14,189,25.0,0.46757999999999994
alec guinness,37,26,9,,,
anna kendrick,37,10,29,,,
author:stephen king,37,15,17,,,
bbc films,37,21,16,,,
charles chaplin,37,24,10,,,
election,37,21,19,,,
flying,37,23,22,,,
funeral,37,26,18,,,
giallo,37,18,17,,,
impostor,37,27,11,,,
interesting characters,37,12,35,,,
jennifer lopez,37,14,32,,,
michael haneke,37,11,23,,,
misogyny,37,23,26,,,
old age,37,25,23,,,
oscar (best animated feature),37,8,25,,,
oscar (best sound),37,18,22,,,
piano,37,25,21,,,
psychological horror,37,18,27,,,
sex scenes,37,26,25,,,
sexist,37,25,27,,,
sweden,37,24,23,,,
teacher student relationship,37,23,20,,,
toshirô mifune,37,36,2,,,
tragic,37,26,27,,,
vincent cassel,37,19,24,,,
coen bros,36,13,19,224,12.0,0.9955625
video game,36,13,33,1074,11.0,0.9882500000000001
allegory,36,20,24,46,17.0,0.8837352941176471
reality tv,36,15,23,842,1.0,0.8660000000000001
cuba,36,25,19,273,4.0,0.80725
prohibition,36,14,29,817,3.0,0.6942499999999999
horrible,36,28,31,521,24.0,0.46900000000000003
animation remade as live action,36,18,9,,,
camerawork,36,15,31,,,
carrie-anne moss,36,11,28,,,
chris hemsworth,36,7,22,,,
contrived,36,23,23,,,
crude,36,18,23,,,
diane kruger,36,10,27,,,
don't remember,36,35,7,,,
education,36,19,24,,,
elegant,36,19,19,,,
federico fellini,36,17,15,,,
getdvd,36,36,3,,,
hans zimmer,36,13,25,,,
heather graham,36,15,28,,,
heavy metal,36,15,25,,,
jeff daniels,36,15,29,,,
josh hartnett,36,14,31,,,
judd apatow,36,4,27,,,
louisiana,36,28,13,,,
masturbation,36,26,19,,,
nothing happens,36,22,29,,,
peter pan,36,5,26,,,
rose byrne,36,13,24,,,
saturn award (best science fiction film),36,16,22,,,
shallow characters,36,19,25,,,
shallow plot,36,13,30,,,
superman,36,16,20,,,
tatsuya nakadai,36,19,4,,,
teenage girl,36,26,15,,,
toplist07,36,31,3,,,
unrequited love,36,24,17,,,
villain nonexistent or not needed for good story,36,16,16,,,
chris tucker,35,8,26,207,2.0,0.958125
holiday,35,24,23,513,20.0,0.7924
family drama,35,18,31,376,13.0,0.7589807692307692
gratuitous violence,35,16,33,463,14.0,0.7215892857142857
hunting,35,19,23,530,18.0,0.7187083333333333
skinhead,35,6,33,924,5.0,0.61235
parenthood,35,19,29,768,12.0,0.612
very interesting,35,19,16,1073,1.0,0.542
dr. seuss,35,12,25,320,4.0,0.5116875000000001
waste of time,35,29,25,1099,23.0,0.16277173913043474
10/11,35,35,1,,,
17th century,35,14,16,,,
2,35,34,4,,,
alec baldwin,35,17,29,,,
almost favorite,35,33,4,,,
anna faris,35,13,27,,,
annoying,35,26,26,,,
author:j. r. r. tolkein,35,7,19,,,
bad direction,35,19,22,,,
childish plot,35,7,27,,,
christopher plummer,35,17,21,,,
comedy need to see,35,35,1,,,
dennis quaid,35,17,27,,,
drug use,35,22,25,,,
few funny scenes,35,16,18,,,
first love,35,24,21,,,
formulaic,35,24,22,,,
frances mcdormand,35,14,27,,,
funny moments,35,20,22,,,
gérard depardieu,35,35,1,,,
hockey,35,16,17,,,
hugh dancy,35,11,20,,,
kate hudson,35,9,29,,,
mike judge,35,7,25,,,
mike leigh,35,15,12,,,
not scary,35,21,24,,,
oppl,35,35,1,,,
paul bettany,35,14,17,,,
pixar animation,35,11,24,,,
powerful,35,29,21,,,
psychic powers,35,14,28,,,
resistance movement,35,16,26,,,
short film,35,29,16,,,
stoner comedy,35,7,28,,,
superficial,35,27,26,,,
tattoo,35,26,13,,,
ummarti2007,35,34,2,,,
us history,35,17,15,,,
william wyler,35,27,4,,,
zack snyder,35,6,24,,,
graphic design,34,2,34,461,2.0,0.9708749999999999
assassins,34,14,25,83,11.0,0.8088863636363637
wartime,34,22,19,1098,20.0,0.7605625
geek,34,7,32,427,7.0,0.7338214285714286
1940s,34,28,17,,,
aaron eckhart,34,15,22,,,
angel,34,17,21,,,
anthology,34,25,20,,,
charles dickens,34,24,12,,,
chuck norris,34,21,11,,,
creative,34,25,26,,,
cross dressing men,34,20,11,,,
drug trade,34,22,21,,,
edgar allan poe,34,17,10,,,
enjoyable,34,23,22,,,
etaegeshelf,34,34,1,,,
family dynamics,34,15,25,,,
golden raspberry (worst picture),34,25,9,,,
invisibility,34,16,15,,,
john grisham,34,7,15,,,
john huston,34,26,11,,,
kat dennings,34,8,23,,,
katherine hepburn,34,12,19,,,
korea,34,12,23,,,
lame ending,34,17,30,,,
mecha,34,15,19,,,
michelle rodriguez,34,9,25,,,
mind games,34,13,27,,,
nathan fillion,34,9,28,,,
need to buy,34,31,5,,,
not true to the book,34,11,26,,,
oscar nominee: director,34,18,14,,,
punk rock,34,21,17,,,
rich and poor,34,11,24,,,
roberto benigni,34,9,26,,,
roland emmerich,34,7,22,,,
sexism,34,19,26,,,
stylistic,34,12,30,,,
symbolism,34,20,26,,,
teen pregnancy,34,14,24,,,
thailand,34,17,20,,,
wasted potential,34,13,26,,,
wheelchair,34,27,10,,,
vienna,33,10,25,1078,2.0,0.974375
king arthur,33,11,19,590,2.0,0.8888750000000001
rags to riches,33,16,18,837,9.0,0.6792222222222223
nuclear bomb,33,15,26,723,12.0,0.650625
sappy,33,18,31,875,17.0,0.5418235294117647
too short,33,13,29,1033,11.0,0.44845454545454544
good story,33,16,26,453,13.0,0.3399230769230769
(s)vcd,33,32,2,,,
ambitious,33,9,30,,,
animal attacks,33,14,18,,,
author:philip k. dick,33,8,18,,,
bill nighy,33,13,25,,,
boring!,33,19,33,,,
coming out,33,22,16,,,
do kupienia,33,33,2,,,
dream sequence,33,21,15,,,
freedom of expression,33,11,25,,,
fugitive,33,19,17,,,
gender identity,33,10,28,,,
greek mythology,33,12,19,,,
h.g. wells,33,16,15,,,
hayden christensen,33,8,25,,,
horror comedy,33,14,28,,,
hunter s. thompson,33,4,28,,,
j.j. abrams,33,4,28,,,
jeremy irons,33,14,29,,,
joseph campbell's study of mythology influenced,33,23,6,,,
julie delpy,33,8,24,,,
kevin kline,33,12,29,,,
manhattan,33,20,14,,,
nonsensical,33,23,23,,,
preachy,33,26,24,,,
quirky romantic,33,8,31,,,
rutger hauer,33,12,24,,,
sam neill,33,11,29,,,
sam peckinpah,33,11,9,,,
satanism,33,10,30,,,
surprisingly good,33,17,29,,,
upbeat,33,19,16,,,
wes craven,33,13,14,,,
amy smart,32,10,27,58,1.0,1.0
firefly,32,4,31,395,1.0,0.99925
tom clancy,32,8,20,1031,5.0,0.9957
stop-motion,32,11,21,969,10.0,0.8765000000000001
stop-motion,32,11,21,970,10.0,0.8494999999999999
scifi cult,32,11,22,891,10.0,0.6393
great music,32,18,27,470,16.0,0.6221875
southern theme,32,14,20,941,1.0,0.3395
amanda seyfried,32,9,25,,,
annoying characters,32,20,23,,,
barbara stanwyck,32,18,11,,,
board game,32,18,14,,,
bob dylan,32,9,24,,,
break-up,32,10,25,,,
buy,32,32,3,,,
cycling,32,16,14,,,
danny mcbride,32,17,14,,,
forbidden love,32,19,23,,,
fraternity,32,16,20,,,
genetic engineering,32,5,31,,,
great screenplays,32,14,19,,,
harold ramis,32,15,16,,,
henry fonda,32,14,23,,,
human nature,32,19,16,,,
interesting concept,32,13,28,,,
intrigue,32,25,23,,,
jane fonda,32,14,19,,,
jinni top pick,32,32,1,,,
love triangle,32,25,27,,,
neighbors,32,25,13,,,
nightclub,32,19,15,,,
offensive,32,23,25,,,
olivia wilde,32,11,25,,,
oppression,32,18,25,,,
oscar nominee,32,19,15,,,
parkour,32,7,20,,,
peter o'toole,32,15,17,,,
shirley temple,32,24,6,,,
simplistic,32,22,22,,,
single mother,32,22,20,,,
tennessee williams,32,16,12,,,
twisted ending,32,6,27,,,
watch,32,31,5,,,
wim wenders,32,17,16,,,
political corruption,31,12,25,799,6.0,0.8276666666666667
minnesota,31,11,20,654,2.0,0.801375
psychiatrist,31,13,19,821,12.0,0.7868958333333333
environment,31,13,25,357,10.0,0.7798999999999999
lions,31,11,26,604,8.0,0.76359375
rabbits,31,12,16,831,10.0,0.7586
pigs,31,15,21,783,14.0,0.5876071428571429
bad,31,25,20,96,19.0,0.44014473684210526
caribbean,31,24,7,,,
chemistry between actors,31,12,25,,,
fate,31,12,28,,,
frantic,31,22,10,,,
gay relationship,31,14,22,,,
genital mutilation,31,14,17,,,
isaac asimov,31,3,27,,,
juliette lewis,31,19,23,,,
killer-as-protagonist,31,31,1,,,
laurence fishburne,31,16,25,,,
macaulay culkin,31,9,23,,,
marilyn monroe,31,9,19,,,
mountains,31,19,18,,,
one day,31,15,19,,,
romania,31,24,10,,,
rural,31,22,20,,,
sarah polley,31,12,22,,,
saturn award (best special effects),31,18,16,,,
slow motion,31,15,25,,,
slow pacing,31,16,26,,,
super-35 blow-up,31,30,2,,,
terrible,31,25,30,,,
unreliable narrators,31,12,22,,,
veja,31,31,1,,,
vulgar,31,14,25,,,
william h. macy,31,17,29,,,
wormhole,31,7,25,,,
maze,30,7,22,637,7.0,0.9204285714285714
war movie,30,16,22,1097,15.0,0.9060333333333334
oscar (best writing - screenplay written directly for the screen),30,10,22,760,1.0,0.8915
fake documentary,30,10,28,373,9.0,0.7642222222222222
humanity,30,14,25,527,13.0,0.6695769230769231
excellent,30,22,20,364,22.0,0.6503863636363637
photographer,30,15,22,781,10.0,0.4365
bears,30,15,18,,,
benedict cumberbatch,30,10,26,,,
bugs,30,21,15,,,
catchy score,30,21,10,,,
charlton heston,30,9,23,,,
chris rock,30,13,24,,,
economics,30,12,22,,,
florida,30,25,11,,,
gilliam,30,15,16,,,
gun fu,30,8,18,,,
homage,30,21,18,,,
james mason,30,17,12,,,
jim henson,30,7,15,,,
kate,30,30,2,,,
killer as protagonist,30,25,5,,,
letters,30,21,11,,,
made me cry,30,23,14,,,
martin sheen,30,15,24,,,
memories,30,19,21,,,
menahem golan,30,28,3,,,
movie to see hd,30,30,1,,,
robert ludlum,30,3,18,,,
sam mendes,30,6,22,,,
snow,30,18,25,,,
spiritual journey,30,7,29,,,
toni collette,30,11,21,,,
trey parker,30,6,19,,,
unbelievable,30,22,27,,,
village,30,23,12,,,
youth,30,24,21,,,
heroine,29,19,17,500,18.0,0.3811666666666667
2014,29,29,1,,,
80's,29,15,19,,,
almodovar,29,11,20,,,
antichrist,29,5,25,,,
arthurian legend,29,15,11,,,
brittany murphy,29,12,16,,,
comic books,29,12,24,,,
david cross,29,20,12,,,
david o. russell,29,7,14,,,
delights,29,26,4,,,
diane keaton,29,17,20,,,
do zassania,29,29,2,,,
emily mortimer,29,9,21,,,
ernst lubitsch,29,21,5,,,
eva green,29,9,23,,,
evan rachel wood,29,12,24,,,
excellent cinematography,29,9,21,,,
existential,29,20,18,,,
experiments gone awry,29,18,16,,,
facebook rec,29,28,2,,,
family gatherings,29,22,9,,,
feminist,29,13,24,,,
film theory & criticism,29,17,15,,,
foqam,29,29,1,,,
good concept,29,12,22,,,
great photograpy,29,5,26,,,
growing up,29,20,27,,,
heroic mission,29,22,10,,,
identity crisis,29,6,28,,,
incoherent,29,21,24,,,
intelligent thriller,29,4,29,,,
interviews,29,20,19,,,
john landis,29,13,13,,,
jules verne,29,12,12,,,
kieran culkin,29,5,21,,,
lance henriksen,29,17,9,,,
legenda pt-br,29,29,1,,,
lesbian subtext,29,14,20,,,
loss,29,23,15,,,
massacre,29,23,9,,,
maybe,29,29,1,,,
molt_criticada,29,29,1,,,
nazi germany,29,13,23,,,
nyc,29,19,12,,,
oscar (best documentary feature),29,20,10,,,
paul walker,29,10,21,,,
poetic,29,17,26,,,
polyamory,29,20,11,,,
retro,29,16,21,,,
split personality,29,7,27,,,
stunts,29,17,24,,,
style over substance,29,13,18,,,
subgenre:slasher,29,28,2,,,
sword and sorcery,29,13,18,,,
terrible acting,29,15,24,,,
the beatles,29,10,17,,,
timothy dalton,29,10,20,,,
tom hiddleston,29,6,15,,,
trapped or confined,29,19,11,,,
trippy,29,15,27,,,
university,29,15,22,,,
urban,29,15,22,,,
venice,29,20,19,,,
wolfgang petersen,29,10,12,,,
indians,28,12,23,543,9.0,0.8956944444444443
single father,28,14,21,922,13.0,0.8148269230769232
better than the american version,28,6,24,130,6.0,0.7785000000000001
creativity,28,8,23,266,8.0,0.69803125
great,28,25,25,464,20.0,0.6152375
global warming,28,8,26,441,5.0,0.612
awful,28,16,27,95,15.0,0.29761666666666664
1.5,28,28,1,,,
agatha christie,28,4,19,,,
alan moore,28,7,20,,,
alternate timeline,28,2,27,,,
bromance,28,11,26,,,
class issues,28,19,13,,,
conversation,28,6,25,,,
cover up,28,18,13,,,
cowboys,28,7,24,,,
cultural references,28,3,28,,,
documentary critique,28,11,15,,,
english,28,20,19,,,
george cukor,28,23,3,,,
haunting,28,22,22,,,
high school life,28,10,20,,,
iron man,28,4,20,,,
james cagney,28,21,6,,,
john hurt,28,17,25,,,
luke wilson,28,10,27,,,
magical realism,28,9,26,,,
man vs. nature,28,8,25,,,
marisa tomei,28,9,25,,,
max von sydow,28,16,22,,,
metafiction,28,10,22,,,
mike nichols,28,14,13,,,
painting,28,21,15,,,
post-traumatic stress disorder,28,7,23,,,
princess,28,21,14,,,
repetitive,28,18,25,,,
rick moranis,28,9,22,,,
self-sacrifice,28,13,19,,,
sensual,28,18,18,,,
seth green,28,10,21,,,
sf,28,25,4,,,
shipwreck,28,17,13,,,
smart comedy,28,4,27,,,
sofia coppola,28,5,21,,,
spike lee,28,13,16,,,
stalker,28,8,26,,,
stephen fry,28,11,19,,,
trash,28,21,21,,,
truman capote,28,6,22,,,
unexpected ending,28,14,25,,,
well done,28,19,21,,,
united nations,27,6,27,1060,1.0,0.99025
stunning,27,14,21,977,13.0,0.8770961538461539
snakes,27,15,19,932,7.0,0.816392857142857
penguins,27,8,24,772,8.0,0.77959375
office,27,4,26,736,3.0,0.4317499999999999
03/09,27,27,1,,,
3d version,27,7,24,,,
70mm blowup,27,27,2,,,
90s,27,18,21,,,
abigail breslin,27,7,22,,,
advertising,27,17,22,,,
ambiguous ending,27,11,25,,,
anton yelchin,27,12,18,,,
architecture,27,15,22,,,
bab cinema,27,24,4,,,
based on a poem,27,17,9,,,
chinese,27,21,19,,,
classic comedy,27,14,20,,,
cliched,27,21,22,,,
closeted homosexual,27,16,14,,,
coincidences,27,11,23,,,
colorful,27,21,15,,,
creature feature,27,21,9,,,
current,27,21,12,,,
deceased family member,27,25,3,,,
dvd collection,27,27,1,,,
ending kinda ruined it,27,12,23,,,
europe,27,17,21,,,
exaggerated,27,8,25,,,
excellent use of dialogue,27,1,27,,,
food/cooking,27,8,21,,,
franka potente,27,8,22,,,
french new wave,27,14,19,,,
greece,27,10,22,,,
gypsy,27,15,18,,,
hell,27,16,18,,,
hope,27,16,23,,,
jason reitman,27,5,22,,,
jay baruchel,27,15,16,,,
jena malone,27,11,15,,,
justin timberlake,27,7,20,,,
landscape,27,15,22,,,
language,27,20,20,,,
last man on earth,27,5,19,,,
martin freeman,27,10,19,,,
mask,27,17,11,,,
milos forman,27,10,13,,,
nick hornby,27,6,19,,,
nihilism,27,11,25,,,
obvious,27,12,23,,,
old tucson studios,27,27,1,,,
patricia arquette,27,9,23,,,
rainer werner fassbinder,27,23,4,,,
rare,27,27,4,,,
rob reiner,27,12,16,,,
sarah michelle gellar,27,8,24,,,
seen 2007,27,26,2,,,
sex scene,27,12,23,,,
sidney poitier,27,13,11,,,
stephen frears,27,15,7,,,
street race,27,5,19,,,
subway,27,11,19,,,
sydney pollack,27,17,12,,,
the avengers,27,7,11,,,
timothy olyphant,27,11,16,,,
tongue-in-cheek,27,12,18,,,
tumey's vhs,27,27,1,,,
ultra-violence,27,15,18,,,
watch again,27,22,11,,,
weddings,27,9,22,,,
animal movie,26,14,14,61,7.0,0.9614285714285715
sex comedy,26,7,24,906,1.0,0.95775
videogame,26,12,20,1077,11.0,0.9480681818181818
homeless,26,16,20,516,13.0,0.9230576923076923
beer,26,12,20,124,10.0,0.884525
classic car,26,3,24,216,3.0,0.8613333333333334
ethnic conflict,26,6,22,362,5.0,0.7757
boat,26,15,17,148,13.0,0.5228653846153846
monkey,26,17,15,662,14.0,0.4981071428571428
educational,26,10,22,343,5.0,0.41165
2015,26,25,3,,,
4,26,26,1,,,
80s nostalgia,26,8,19,,,
accident,26,17,15,,,
adult humor,26,3,25,,,
anthropomorphic,26,18,17,,,
bad adaptation,26,22,19,,,
blake edwards,26,13,11,,,
bland,26,22,14,,,
breakups and divorces,26,13,16,,,
carl weathers,26,8,11,,,
child as adult,26,4,19,,,
convoluted,26,17,19,,,
dario argento,26,7,14,,,
dated,26,25,18,,,
detroit,26,16,15,,,
dog killing,26,22,8,,,
domestic violence,26,10,19,,,
extremely violent,26,6,21,,,
female warriors,26,11,19,,,
g,26,19,9,,,
gadgets,26,13,22,,,
ghost story,26,13,14,,,
glenn close,26,18,17,,,
good plot,26,16,21,,,
government,26,18,17,,,
grace kelly,26,7,18,,,
great story,26,23,17,,,
gripping,26,16,22,,,
hugo award,26,26,1,,,
insomnia,26,7,23,,,
intelligent humor,26,4,13,,,
james gandolfini,26,13,23,,,
joe pesci,26,5,20,,,
jonathan demme,26,15,8,,,
journalist,26,17,18,,,
kathy bates,26,12,21,,,
lengthy,26,18,15,,,
mark strong,26,13,15,,,
mary-louise parker,26,11,20,,,
multiple personalities,26,8,20,,,
navy,26,16,18,,,
political commentary,26,7,25,,,
psychoanalysis,26,9,21,,,
satoshi kon,26,4,20,,,
score,26,19,19,,,
shocking,26,15,22,,,
tasteless,26,6,22,,,
tennis,26,7,21,,,
turkey,26,16,19,,,
underdogs,26,16,13,,,
unsatisfying ending,26,9,23,,,
unsimulated sex scenes,26,7,21,,,
vacation,26,13,18,,,
washington dc,26,19,8,,,
wolves,26,18,18,,,
beauty pageant,25,9,19,123,5.0,0.9896
clones,25,7,24,221,6.0,0.9082500000000001
gulf war,25,7,22,480,2.0,0.894375
distopia,25,10,18,311,8.0,0.86809375
courage,25,15,19,260,15.0,0.8572333333333333
dumb but funny,25,11,20,333,11.0,0.6984772727272728
suprisingly clever,25,3,25,992,3.0,0.6025
fish,25,13,21,397,10.0,0.5312749999999999
perfect,25,22,16,773,19.0,0.5065526315789474
goretastic,25,8,20,457,7.0,0.4941785714285714
abduction,25,11,20,,,
academy award nominee,25,20,5,,,
alcatraz,25,4,21,,,
andy garcia,25,13,18,,,
annette bening,25,11,20,,,
archive footage,25,15,11,,,
astaire and rogers,25,7,5,,,
author:alan moore,25,6,18,,,
author:charles dickens,25,18,6,,,
bill paxton,25,13,18,,,
bounty hunters,25,8,20,,,
brooklyn,25,18,11,,,
c.s. lewis,25,4,17,,,
captain america,25,7,16,,,
child actor,25,19,20,,,
child killing,25,15,12,,,
civil rights,25,9,22,,,
classical studies,25,22,3,,,
confusing plot,25,11,23,,,
cross dressing women,25,16,10,,,
dani2006,25,25,1,,,
danny kaye,25,15,8,,,
dc,25,13,14,,,
dictatorship,25,13,20,,,
emotion!,25,16,11,,,
extramarital affairs,25,14,12,,,
filmaffinity top pick,25,25,1,,,
gay stereotypes,25,9,18,,,
historical epic,25,10,23,,,
honor,25,14,24,,,
injustice,25,18,14,,,
invasion,25,16,16,,,
james spader,25,9,19,,,
jesus christ,25,17,12,,,
joe dante,25,11,11,,,
john belushi,25,3,21,,,
latin music,25,20,6,,,
leslie mann,25,9,18,,,
louis malle,25,17,7,,,
madonna,25,12,20,,,
martin lawrence,25,18,18,,,
matt dillon,25,13,16,,,
naive,25,19,23,,,
oscar (best editing),25,15,13,,,
party,25,18,16,,,
pop culture references,25,6,22,,,
pre-code hollywood,25,24,4,,,
rosamund pike,25,9,22,,,
saoirse ronan,25,8,17,,,
shape shifter,25,9,18,,,
sundance award winner,25,20,7,,,
sword and sandal,25,18,10,,,
terrence malick,25,6,16,,,
trial,25,17,18,,,
unconventional,25,16,19,,,
vinnie jones,25,15,12,,,
voice acting,25,20,8,,,
water,25,20,14,,,
weak story,25,13,23,,,
francis ford copolla,24,6,13,407,1.0,0.99725
life philosophy,24,8,22,602,6.0,0.837125
figure skating,24,5,18,392,5.0,0.83545
wine,24,6,20,1110,3.0,0.7164166666666666
best of 2005,24,16,11,126,2.0,0.611
1,24,24,5,,,
2000s,24,22,8,,,
activism,24,16,13,,,
alicia silverstone,24,7,20,,,
american propaganda,24,9,21,,,
battles,24,15,20,,,
baz luhrmann,24,5,17,,,
beautiful effects,24,4,22,,,
bela lugosi,24,13,12,,,
bill pullman,24,10,17,,,
blackmail,24,16,14,,,
bloggers,24,24,1,,,
boris karloff,24,14,7,,,
cannibals,24,13,15,,,
chilly,24,21,5,,,
clea duvall,24,9,17,,,
climate change,24,9,18,,,
concept,24,9,18,,,
cops,24,17,18,,,
corporate espionage,24,3,23,,,
courtesan,24,14,10,,,
david lean,24,17,6,,,
deafness,24,13,16,,,
dolls,24,19,8,,,
don siegel,24,13,8,,,
eccentric families,24,11,14,,,
edgar rice burroughs,24,16,7,,,
emile hirsch,24,10,19,,,
eric rohmer,24,22,3,,,
experiment,24,9,23,,,
filmmaking,24,19,15,,,
folk music,24,8,17,,,
forgettable,24,22,15,,,
full moon entertainment,24,22,2,,,
jason mewes,24,12,13,,,
jessica chastain,24,7,18,,,
jon favreau,24,11,15,,,
juliette binoche,24,9,22,,,
lesbians,24,12,23,,,
makes you think,24,11,24,,,
matthew perry,24,7,20,,,
mission from god,24,7,18,,,
mst3k,24,16,16,,,
multiple realities,24,4,21,,,
must see!,24,18,17,,,
nationalism,24,11,17,,,
neil simon,24,21,4,,,
no nudity,24,19,11,,,
obsessive compulsive disorder,24,3,22,,,
obsessive quests,24,14,11,,,
poets,24,16,10,,,
race against time,24,10,18,,,
relativity,24,1,24,,,
richard dreyfuss,24,10,19,,,
richard matheson,24,20,5,,,
rivalry,24,12,14,,,
roman empire,24,13,17,,,
rupert grint,24,11,15,,,
setting:nyc,24,19,5,,,
sketch comedy,24,6,20,,,
slashy,24,20,6,,,
spaceflight,24,15,9,,,
stage,24,19,5,,,
stock market,24,5,23,,,
storm,24,15,16,,,
superpowers,24,12,16,,,
tom wilkinson,24,12,21,,,
unnecessary sequel,24,16,15,,,
unresolved,24,11,24,,,
vera farmiga,24,9,21,,,
work ethics,24,22,7,,,
zaz,24,10,3,,,
lynch,23,9,14,617,6.0,0.9799583333333333
chocolate,23,5,18,206,5.0,0.8649000000000001
runaway,23,16,17,867,12.0,0.8546666666666667
prejudice,23,14,17,809,11.0,0.6314772727272727
hillarious,23,13,19,506,13.0,0.320826923076923
cute!,23,10,19,279,1.0,0.29625
16th century,23,15,13,,,
aardman studios,23,7,13,,,
acting debut,23,22,4,,,
actually funny,23,9,17,,,
albert finney,23,9,19,,,
amanda peet,23,9,21,,,
baby,23,22,10,,,
beach,23,19,16,,,
black humour,23,9,20,,,
cat killing,23,9,14,,,
cave,23,9,17,,,
charles bronson,23,12,15,,,
charlotte gainsbourg,23,6,17,,,
childhood classics,23,12,15,,,
classical,23,14,16,,,
complex script,23,13,4,,,
corporations,23,10,20,,,
cuba gooding jr.,23,10,17,,,
danish,23,13,19,,,
death of a child,23,10,18,,,
dick van dyke,23,5,19,,,
françois truffaut,23,22,2,,,
gene kelly,23,13,13,,,
gods,23,10,14,,,
haley joel osment,23,5,17,,,
heaven and hell,23,3,22,,,
homophobic,23,10,17,,,
hypnosis,23,15,13,,,
jean renoir,23,18,5,,,
john waters,23,11,14,,,
liberal propaganda,23,12,8,,,
librarians,23,12,9,,,
lovecraftian,23,14,10,,,
luis buñuel,23,23,1,,,
mental health,23,13,18,,,
mervyn leroy,23,23,1,,,
michael winterbottom,23,14,8,,,
nc-17,23,14,9,,,
nick nolte,23,11,19,,,
no happy ending,23,9,20,,,
oscar nominee: adapted screenplay,23,18,6,,,
oscar wilde,23,6,13,,,
patton oswalt,23,11,13,,,
peter cushing,23,15,5,,,
philadelphia,23,11,14,,,
planes,23,12,19,,,
playlist,23,21,3,,,
political satire,23,8,21,,,
profanity,23,12,17,,,
religious,23,15,20,,,
river phoenix,23,7,18,,,
sadism,23,14,17,,,
sailing,23,12,19,,,
satyajit ray,23,17,6,,,
sequel better than original,23,15,13,,,
simple plot,23,15,16,,,
sister sister relationship,23,18,12,,,
stephen chow,23,8,13,,,
story-in-a-story,23,5,18,,,
tearjerking,23,11,13,,,
ving rhames,23,7,19,,,
who cares dvds,23,22,2,,,
yasujirô ozu,23,23,1,,,
zac efron,23,8,21,,,
spelling bee,22,4,17,952,4.0,1.0
graphic novel,22,6,19,462,5.0,0.9646000000000001
nazi,22,12,18,696,9.0,0.8179722222222222
world politics,22,5,19,1119,3.0,0.8069166666666666
non-hollywood ending,22,2,22,713,2.0,0.771
shopping,22,6,21,915,4.0,0.7474999999999999
bombs,22,14,12,150,11.0,0.7367272727272727
action spoof,22,1,22,,,
alone,22,16,8,,,
american dream,22,10,20,,,
antihero,22,7,21,,,
apartheid,22,15,14,,,
austria,22,11,16,,,
badass,22,12,19,,,
barcelona,22,10,17,,,
bernardo bertolucci,22,10,8,,,
bette midler,22,12,13,,,
blind badass,22,22,1,,,
bryan singer,22,7,13,,,
carrie fisher,22,7,13,,,
cat,22,18,17,,,
catherine keener,22,16,16,,,
chow yun fat,22,10,13,,,
city under attack,22,1,22,,,
cons and scams,22,15,12,,,
country music,22,12,15,,,
culture,22,17,11,,,
danny glover,22,11,20,,,
david duchovny,22,8,18,,,
deception,22,10,20,,,
doctors and patients,22,20,4,,,
dracula,22,15,16,,,
dream,22,9,21,,,
dwarf,22,8,20,,,
eli roth,22,7,15,,,
elmore leonard,22,20,3,,,
excellent acting,22,9,17,,,
faith,22,14,19,,,
flashy,22,15,10,,,
fred zinnemann,22,19,4,,,
gemma arterton,22,5,20,,,
great concept,22,8,19,,,
happy,22,13,13,,,
harold lloyd,22,14,6,,,
idealistic,22,9,17,,,
idris elba,22,5,17,,,
implausible,22,15,19,,,
indecent,22,13,9,,,
infection,22,7,18,,,
jamie bell,22,9,16,,,
joseph l. mankiewicz,22,18,3,,,
katie holmes,22,10,20,,,
katsomattomat,22,22,1,,,
ken loach,22,18,5,,,
ken watanabe,22,8,15,,,
kim ki-duk,22,9,10,,,
ku klux klan,22,6,18,,,
law,22,18,17,,,
life choices,22,11,18,,,
lighthearted,22,15,19,,,
little dialogue,22,12,20,,,
memorable characters,22,15,11,,,
miami,22,13,14,,,
michelle monaghan,22,8,16,,,
millenial foreign comedies to see,22,19,4,,,
mother-daughter relationships,22,10,17,,,
mutation,22,6,21,,,
mystic warriors,22,10,7,,,
not available from netflix streaming,22,22,1,,,
nothing,22,20,22,,,
nothing goes right,22,11,12,,,
odd,22,10,20,,,
overlong,22,15,9,,,
pedophile,22,12,13,,,
peter sarsgaard,22,9,18,,,
piper perabo,22,11,13,,,
premonition,22,5,16,,,
psychic abilities,22,9,16,,,
psychopathy,22,3,22,,,
quest,22,15,15,,,
robert wise,22,20,4,,,
rotoscoping,22,6,18,,,
sam worthington,22,7,16,,,
satan,22,12,18,,,
sequels filmed simultaneously,22,9,5,,,
sick,22,13,21,,,
stupid stereotypes,22,3,22,,,
style,22,16,16,,,
takashi shimura,22,16,7,,,
the book was better,22,20,6,,,
the rock,22,9,18,,,
time-lapse,22,6,21,,,
toplist08,22,21,3,,,
ugly,22,18,15,,,
unsteady-cam,22,4,21,,,
utah,22,12,11,,,
vincent d'onofrio,22,12,17,,,
weak characters,22,9,19,,,
william a. wellman,22,21,3,,,
wong kar wai,22,6,15,,,
zhang yimou,22,14,7,,,
fountain of youth,21,2,21,404,2.0,0.98
70s,21,13,20,,,
affair,21,12,19,,,
amy poehler,21,6,18,,,
andy samberg,21,6,15,,,
angels,21,8,20,,,
author:jane austen,21,11,6,,,
autumnal,21,13,8,,,
barry levinson,21,15,6,,,
basil rathbone as sherlock holmes,21,11,3,,,
brat pack,21,9,9,,,
bright,21,20,2,,,
bromantic,21,4,21,,,
cameron crowe,21,7,12,,,
carl sagan,21,2,20,,,
cdon,21,21,1,,,
choreographic violence,21,8,12,,,
clarence brown,21,19,2,,,
crispin glover,21,9,17,,,
derivative,21,18,10,,,
distorted reality,21,2,21,,,
doctor who,21,7,12,,,
elizabeth taylor,21,9,19,,,
errol morris,21,9,10,,,
fake,21,17,17,,,
futurama,21,4,14,,,
gary sinise,21,8,18,,,
george orwell,21,5,17,,,
greta garbo,21,8,8,,,
group psychology,21,3,21,,,
hacker,21,10,17,,,
hard to rate,21,17,9,,,
heavy-handed,21,15,13,,,
ice cube,21,10,18,,,
isla fisher,21,6,17,,,
jennifer jason leigh,21,7,18,,,
joel schumacher,21,11,11,,,
johnny cash,21,1,21,,,
love affair,21,6,20,,,
loyalty,21,8,21,,,
lucas,21,12,10,,,
media,21,15,15,,,
minnie driver,21,10,19,,,
misfits,21,9,16,,,
multinational settings,21,12,11,,,
occult technology,21,4,19,,,
on disc,21,20,2,,,
painful to watch,21,8,17,,,
poor dialogue,21,12,18,,,
pseudo-intelligent,21,8,15,,,
psychiatrist as protagonist,21,16,7,,,
quiet,21,11,18,,,
rate down,21,21,1,,,
reboot,21,4,19,,,
rock opera,21,6,17,,,
saturn award (best writing),21,14,13,,,
scandal,21,9,15,,,
sexual awakening,21,9,15,,,
sexual humor,21,5,21,,,
sexy girls,21,19,7,,,
skateboarding,21,10,16,,,
special forces,21,8,17,,,
spike jonze,21,6,13,,,
sports coordinator:mark ellis,21,19,4,,,
starship pilots,21,7,8,,,
storyline,21,12,17,,,
tcm,21,21,1,,,
telekinesis,21,7,17,,,
the chosen one,21,16,5,,,
tits,21,9,19,,,
tony scott,21,11,10,,,
truth,21,9,21,,,
tumey's to see again,21,21,1,,,
universal monsters,21,5,8,,,
unlikable characters,21,11,17,,,
victor hugo,21,8,12,,,
victorian era,21,12,16,,,
walked out/didn't finish,21,14,8,,,
wixom library,21,21,1,,,
women's lib,21,13,11,,,
yahoo top pick,21,20,2,,,
nuclear,20,10,13,722,9.0,0.7190277777777778
5 stars,20,18,3,,,
aerial dogfights,20,9,13,,,
alan arkin,20,8,18,,,
alejandro gonzalez inarritu,20,3,13,,,
alison lohman,20,7,18,,,
always watch it when it's on tv,20,7,10,,,
amateur detective,20,9,12,,,
ambition,20,13,11,,,
anthony mann,20,18,3,,,
asperger syndrome,20,5,19,,,
bad special effects,20,12,15,,,
basil rathbone,20,12,7,,,
being a kid again,20,4,13,,,
boot camp,20,2,20,,,
boxing drama,20,6,17,,,
boys,20,20,3,,,
brutal violence,20,8,16,,,
bureaucracy,20,9,17,,,
cameo-fest,20,12,12,,,
captivating,20,13,17,,,
cary elwes,20,9,14,,,
catherine deneuve,20,8,19,,,
coma,20,7,15,,,
compelling,20,16,9,,,
concert,20,16,11,,,
cynicism,20,7,17,,,
disjointed timeline,20,8,15,,,
dissapointing,20,11,18,,,
double agents,20,6,17,,,
emir kusturica,20,7,12,,,
engineering,20,9,17,,,
farrelly brothers,20,10,10,,,
flat characters,20,11,19,,,
frankenstein's monster,20,16,4,,,
gary cooper,20,12,10,,,
ghost,20,15,19,,,
goldie hawn,20,10,11,,,
graffiti,20,4,16,,,
greek,20,10,15,,,
henry king,20,20,1,,,
hippies,20,15,14,,,
homosexual undertones,20,18,6,,,
jean-pierre jeunet,20,7,13,,,
johnny knoxville,20,9,17,,,
kenji mizoguchi,20,16,4,,,
kevin james,20,6,16,,,
kirk douglas,20,13,12,,,
kitsch,20,14,16,,,
klaus kinski,20,11,10,,,
laura linney,20,11,15,,,
like-i-like top pick,20,20,1,,,
lili taylor,20,11,13,,,
lovecraft,20,11,10,,,
macho,20,13,13,,,
malcolm mcdowell,20,10,18,,,
mandy moore,20,7,15,,,
matrix,20,5,15,,,
mentor/trainer,20,8,13,,,
mermaid,20,7,17,,,
michael apted,20,19,2,,,
michael powell,20,16,4,,,
monks,20,16,12,,,
multiple interpretations,20,2,20,,,
news media,20,18,4,,,
nostalgia critic's top 20,20,20,1,,,
nr,20,18,5,,,
obesity,20,12,11,,,
overacting,20,16,19,,,
penelope cruz,20,12,18,,,
performances,20,17,7,,,
plane crash,20,7,16,,,
rhys ifans,20,12,11,,,
riveting,20,16,11,,,
rob zombie,20,6,17,,,
russell brand,20,7,18,,,
seduction,20,13,19,,,
serial killers,20,10,14,,,
setting:la,20,16,7,,,
sg,20,20,1,,,
show business,20,14,13,,,
so bad it's almost good,20,17,9,,,
spirits,20,13,15,,,
sport:american football,20,16,5,,,
sport:baseball,20,16,4,,,
sunny,20,19,2,,,
to see: b-grade horror,20,17,4,,,
to see: horror,20,18,3,,,
tom selleck,20,13,11,,,
toplist09,20,20,2,,,
toplist11,20,20,1,,,
toplist12,20,20,1,,,
transhumanism,20,3,19,,,
twists,20,12,18,,,
upper class,20,12,13,,,
w.s. van dyke,20,19,2,,,
william hurt,20,14,13,,,
wrestling,20,9,14,,,
mtv,19,10,14,678,1.0,0.9655
computer game,19,8,17,245,8.0,0.9190625
bullshit history,19,5,18,171,4.0,0.580625
father-daughter relationship,19,15,13,383,9.0,0.24483333333333335
age disparity romance,19,14,11,,,
alfred molina,19,11,14,,,
altman,19,13,6,,,
alzheimer's disease,19,12,14,,,
andrei tarkovsky,19,7,12,,,
animals die :(,19,16,5,,,
animation & live action interact,19,5,16,,,
anjelica huston,19,10,15,,,
author:neil gaiman,19,2,18,,,
bad physics,19,12,11,,,
bad remake,19,14,16,,,
bicycling,19,3,18,,,
billy connolly,19,10,17,,,
biopics,19,18,2,,,
british new wave,19,18,2,,,
chris columbus,19,10,7,,,
cocaine,19,12,18,,,
competitive sport,19,8,9,,,
david yates,19,6,9,,,
disgusting,19,16,17,,,
disney renaissance,19,9,3,,,
dogme95,19,7,9,,,
dystopian,19,12,18,,,
earth,19,9,17,,,
edward f. cline,19,19,1,,,
elisha cuthbert,19,4,16,,,
femmes fatales,19,15,6,,,
finland,19,11,14,,,
fire,19,17,7,,,
firefighters,19,10,12,,,
florence,19,18,3,,,
friends,19,12,13,,,
friends should see,19,19,1,,,
geena davis,19,9,17,,,
genetic selection,19,1,19,,,
graphic,19,10,19,,,
group sex,19,10,11,,,
hammer film productions,19,11,7,,,
hammer horror,19,18,2,,,
hank azaria,19,9,13,,,
hot girls!,19,10,14,,,
institutions,19,16,7,,,
j.k. simmons,19,8,15,,,
joan cusack,19,10,15,,,
john leguizamo,19,11,13,,,
joon-ho bong,19,5,14,,,
king vidor,19,17,3,,,
laurence olivier,19,10,12,,,
maggie smith,19,11,14,,,
masaki kobayashi,19,11,3,,,
melodramatic,19,13,16,,,
michael shannon,19,5,17,,,
midgets,19,12,10,,,
military life,19,6,16,,,
mothers and daughters,19,15,8,,,
mourning,19,13,14,,,
movies 8,19,18,2,,,
multilingual,19,13,7,,,
no ending,19,8,15,,,
norway,19,13,16,,,
offbeat,19,9,17,,,
orphanage,19,10,12,,,
paedophilia,19,8,17,,,
pier paolo pasolini,19,16,4,,,
post apocalypse,19,5,18,,,
predator,19,4,17,,,
racist,19,14,17,,,
religious propaganda,19,7,18,,,
robin hood,19,8,12,,,
russian mafia,19,5,18,,,
sadistic,19,11,15,,,
screenplay,19,15,14,,,
setting:philadelphia,19,15,4,,,
sex jokes,19,4,15,,,
sienna miller,19,5,15,,,
sport:ice hockey,19,9,6,,,
steve carrell,19,6,18,,,
stupid plot,19,11,17,,,
subgenre:cop buddies,19,9,11,,,
thora birch,19,7,17,,,
tiff top 30 of the 2000s,19,19,1,,,
til schweiger,19,10,13,,,
to be continued,19,13,9,,,
toplist10,19,18,2,,,
toplist14,19,19,1,,,
twisted,19,12,19,,,
uncomfortable,19,15,13,,,
unhistorical,19,10,13,,,
unnecessary remake,19,12,11,,,
wachowski brothers,19,8,12,,,
watch-again,19,19,1,,,
white trash,19,10,16,,,
writers at work,19,12,9,,,
x-men,19,4,13,,,
gypsy accent,18,1,18,483,1.0,1.0
mozart,18,2,18,677,1.0,0.9995
palestine,18,9,13,764,3.0,0.884
spiders,18,6,16,953,6.0,0.7563749999999999
enormously long battle scene,18,2,16,353,2.0,0.72
over-the-top,18,13,10,762,12.0,0.11674999999999996
60s,18,7,16,,,
7n up (series),18,8,7,,,
80's classic,18,7,14,,,
albert pyun,18,11,3,,,
altruism,18,12,9,,,
american football,18,7,15,,,
artists,18,12,10,,,
bad cop,18,8,15,,,
bad pacing,18,12,16,,,
bar,18,17,4,,,
believable,18,9,15,,,
ben foster,18,8,16,,,
black,18,9,14,,,
blonde,18,16,7,,,
boring plot,18,14,18,,,
brendan gleeson,18,8,15,,,
buried alive,18,7,11,,,
car accident,18,14,8,,,
carol reed,18,12,7,,,
cartoonish,18,5,17,,,
child in peril,18,17,4,,,
christopher reeve,18,5,11,,,
comedians,18,10,10,,,
crappy remake,18,8,12,,,
cryptography,18,3,17,,,
daft punk,18,3,18,,,
dane cook,18,6,16,,,
design,18,13,13,,,
despair,18,13,13,,,
detective thriller,18,10,9,,,
doris day,18,10,9,,,
elementary school,18,7,11,,,
elves,18,9,10,,,
factory,18,12,12,,,
family friendly,18,11,17,,,
fios on demand,18,18,1,,,
florida film festival winner,18,17,2,,,
for katie,18,17,2,,,
frank sinatra,18,12,12,,,
fraud,18,10,14,,,
ghetto,18,9,15,,,
great script,18,12,16,,,
henry hathaway,18,18,1,,,
immigration,18,12,17,,,
inferior sequel,18,11,6,,,
inspector clouseau (series),18,9,8,,,
investigative journalism,18,4,17,,,
jack ryan,18,5,10,,,
james caan,18,10,16,,,
japanese culture,18,4,17,,,
john frankenheimer,18,16,3,,,
ken jeong,18,10,7,,,
kiss,18,11,12,,,
lewis carroll,18,6,11,,,
manipulative,18,16,9,,,
mark hamill,18,3,9,,,
miniaturization,18,7,11,,,
moritz bleibtreu,18,10,11,,,
neil jordan,18,14,4,,,
nerdy,18,9,12,,,
no rec?,18,18,1,,,
norwegian,18,8,16,,,
not for kids,18,15,8,,,
nudity (rear - brief),18,14,11,,,
obnoxious kid,18,13,6,,,
one-liners,18,10,13,,,
oscar (best writing - screenplay based on material from another medium),18,13,6,,,
oscar nominee: supporting actor,18,13,5,,,
outdated,18,16,8,,,
patricia clarkson,18,12,10,,,
peter greenaway,18,9,7,,,
peter weir,18,10,8,,,
plotless,18,12,18,,,
professor,18,16,8,,,
quirky subculture,18,3,13,,,
r:violence,18,16,5,,,
racist humor,18,5,16,,,
raoul walsh,18,18,1,,,
religious zealotry,18,8,16,,,
ron livingston,18,11,9,,,
ryan phillippe,18,10,17,,,
setting:new orleans,18,13,5,,,
setting:paris,18,11,9,,,
shit,18,12,15,,,
simulated reality,18,3,15,,,
small-town life,18,11,6,,,
social experiment,18,2,18,,,
sound effects,18,15,15,,,
stand up,18,9,12,,,
superhero team,18,5,17,,,
surprisingly funny,18,5,16,,,
techno-evolution,18,4,17,,,
teddy award,18,16,3,,,
tedious,18,11,13,,,
teen angst,18,11,16,,,
the original is better,18,16,5,,,
todd-ao,18,17,2,,,
toplist06,18,17,2,,,
toplist13,18,16,4,,,
tribal,18,11,8,,,
troma,18,13,9,,,
videogame like,18,6,17,,,
vincente minnelli,18,16,3,,,
vittorio de sica,18,15,3,,,
xmas theme(?),18,14,5,,,
zatoichi,18,18,1,,,
dolphins,17,5,17,318,4.0,0.7249375
1900s,17,12,11,,,
3d effects,17,3,17,,,
abbas kiarostami,17,17,1,,,
adolescence is hell,17,7,10,,,
alan tudyk,17,8,11,,,
angela bassett,17,12,8,,,
apartment,17,14,8,,,
arthur conan doyle,17,17,1,,,
based on comic book,17,5,12,,,
beautiful music,17,9,16,,,
blues,17,6,15,,,
bounty hunter(s),17,17,1,,,
british gangster,17,3,16,,,
channing tatum,17,7,14,,,
cheating husband,17,7,15,,,
chris cooper,17,13,12,,,
chris farley,17,5,15,,,
cigarettes,17,3,16,,,
claude chabrol,17,17,1,,,
cultural conflict,17,3,17,,,
death of a spouse,17,15,6,,,
diane lane,17,11,13,,,
disillusionment,17,5,16,,,
docventures,17,17,2,,,
dwelling as character,17,16,2,,,
elia kazan,17,10,6,,,
enlightening,17,11,16,,,
errol flynn,17,8,9,,,
euthanasia,17,8,15,,,
financial crisis,17,6,16,,,
flowers,17,13,6,,,
frank darabont,17,5,11,,,
frankenstein,17,11,13,,,
friendship relations,17,10,14,,,
generation x,17,6,11,,,
generic,17,13,11,,,
gillian anderson,17,7,11,,,
great visuals,17,6,16,,,
grief,17,13,12,,,
gross,17,12,17,,,
henry koster,17,17,1,,,
herbert lom,17,16,4,,,
holes00s,17,17,1,,,
insects,17,10,12,,,
international,17,11,11,,,
irony,17,10,15,,,
jacksonville,17,17,1,,,
james dean,17,3,14,,,
james ivory,17,15,3,,,
james marsden,17,8,14,,,
janeane garofalo,17,7,17,,,
jean-pierre melville,17,11,5,,,
joe johnston,17,8,6,,,
john mctiernan,17,8,9,,,
josef von sternberg,17,15,2,,,
katharine hepburn,17,10,13,,,
ken russell,17,12,7,,,
kim basinger,17,6,16,,,
knights,17,11,15,,,
lack of story,17,6,16,,,
life lessons,17,7,15,,,
liv ullmann,17,9,10,,,
madrid,17,16,4,,,
male full frontal nudity,17,13,4,,,
male prostitute,17,10,9,,,
manic pixie dream girl,17,7,10,,,
maria bello,17,11,15,,,
matthew goode,17,9,10,,,
mental institution,17,9,15,,,
mia wasikowska,17,5,16,,,
mnm,17,17,1,,,
mormon,17,11,12,,,
motivation,17,11,12,,,
murder investigations,17,11,11,,,
museum,17,10,9,,,
nanny,17,10,14,,,
neve campbell,17,8,14,,,
noise in space,17,11,3,,,
not as good as i expected,17,8,14,,,
obscure sports,17,6,11,,,
off-beat,17,7,13,,,
oscar nom,17,13,5,,,
oscar nominee: best picture,17,16,3,,,
over-rated,17,14,7,,,
pace,17,11,16,,,
pat morita,17,5,10,,,
pittsburgh,17,7,13,,,
plot twists,17,8,14,,,
police brutality,17,10,14,,,
postmodern,17,8,14,,,
preston sturges,17,10,7,,,
pro military,17,8,10,,,
protagonist is royal,17,13,4,,,
quite romantic,17,12,6,,,
rachael leigh cook,17,13,7,,,
ray bradbury,17,7,9,,,
ray milland,17,17,3,,,
real life,17,9,15,,,
reincarnation,17,15,12,,,
rent,17,16,4,,,
reunion,17,12,10,,,
richard attenborough,17,11,10,,,
richard donner,17,15,3,,,
richard fleischer,17,16,2,,,
roadtrip,17,6,17,,,
robert aldrich,17,12,5,,,
robin wright penn,17,9,14,,,
sandra oh,17,5,15,,,
scam,17,12,12,,,
scary as hell,17,9,14,,,
sean bean,17,9,13,,,
slum,17,8,12,,,
social message,17,9,10,,,
songs,17,12,16,,,
spider-man,17,2,16,,,
sport:professional wrestling,17,4,15,,,
subtitles,17,17,16,,,
sundance grand jury prize,17,16,2,,,
sundance grand jury prize: dramatic,17,12,7,,,
surprising,17,13,13,,,
swords,17,11,11,,,
teenage angst,17,4,16,,,
threesome,17,4,15,,,
transgendered,17,5,12,,,
trite,17,10,14,,,
trolls,17,7,15,,,
tv miniseries,17,16,7,,,
unlikable protagonist,17,10,12,,,
very little dialogue,17,5,15,,,
visually interesting--that's about it,17,8,15,,,
walter matthau,17,15,14,,,
widows/widowers,17,16,4,,,
wolverine,17,7,13,,,
wong kar-wai,17,10,6,,,
wrongful imprisonment,17,6,16,,,
yul brynner,17,6,12,,,
sequels,16,8,13,902,8.0,0.86278125
fun movie,16,11,15,415,11.0,0.7781136363636364
abandonment,16,6,11,,,
aborigines,16,7,12,,,
absorbing,16,6,14,,,
actresses,16,14,4,,,
adapted from:true story,16,15,4,,,
aki kaurismã¤ki,16,10,10,,,
alain resnais,16,16,1,,,
alan parker,16,10,4,,,
albert brooks,16,10,10,,,
alcohol,16,15,13,,,
all-star cast,16,9,11,,,
amazon,16,13,11,,,
ambiguous,16,11,15,,,
american culture,16,7,14,,,
anti-religion,16,6,14,,,
arizona,16,12,8,,,
army,16,13,11,,,
author:agatha christie,16,7,5,,,
author:j. k. rowling,16,8,8,,,
author:michael crichton,16,11,4,,,
avante garde,16,7,13,,,
bangkok,16,7,12,,,
banksy,16,1,16,,,
bast background universe,16,9,3,,,
beauty,16,8,16,,,
bechdel test:pass (barely),16,16,3,,,
belgium,16,7,14,,,
btaegepriority,16,16,1,,,
buddy,16,10,9,,,
burgess meredith,16,6,5,,,
burt young,16,7,4,,,
butterfly effect,16,3,16,,,
cecil b. demille,16,16,1,,,
charles laughton,16,8,11,,,
chris marker,16,9,6,,,
complex relationships,16,13,6,,,
crumbling marriages,16,13,6,,,
dani2007,16,16,1,,,
disk,16,15,3,,,
don bluth,16,9,7,,,
drug dealing,16,11,12,,,
eccentric,16,10,12,,,
edgy,16,10,9,,,
edward james olmos,16,10,11,,,
eliza dushku,16,6,15,,,
emilio estevez,16,11,12,,,
emily watson,16,7,15,,,
engaging,16,12,10,,,
eugene hutz,16,3,13,,,
exploration,16,7,14,,,
famke janssen,16,10,15,,,
far fetched,16,6,15,,,
fascinating,16,13,8,,,
fatherhood,16,8,12,,,
faye dunaway,16,7,15,,,
female protagonist,16,8,14,,,
for kids,16,8,16,,,
generations,16,9,12,,,
going postal,16,6,10,,,
gold,16,15,9,,,
good adaptation,16,5,15,,,
great adaptations,16,11,6,,,
hanging,16,6,15,,,
hard to follow,16,9,15,,,
harland williams,16,13,6,,,
helicopters,16,11,9,,,
holes70s,16,16,1,,,
holly hunter,16,8,15,,,
holy grail,16,4,14,,,
hugh laurie,16,5,15,,,
hulk,16,5,14,,,
interrogation,16,12,10,,,
japanese horror,16,10,8,,,
jason lee,16,8,15,,,
jason vorhees,16,7,4,,,
kathryn bigelow,16,5,12,,,
killing,16,13,11,,,
korean war,16,7,14,,,
krzysztof kieslowski,16,9,8,,,
martin short,16,10,14,,,
mass behavior,16,4,14,,,
message,16,7,14,,,
michael clarke duncan,16,6,14,,,
missing persons,16,12,8,,,
monastery,16,7,10,,,
muscle,16,9,10,,,
nick park,16,8,5,,,
noah baumbach,16,6,8,,,
not seen,16,16,5,,,
on hold,16,14,5,,,
ontoleptic,16,15,2,,,
opposites attract,16,14,7,,,
otto preminger,16,14,4,,,
overdramatic,16,7,14,,,
pagan,16,4,15,,,
paul dano,16,9,12,,,
peter dinklage,16,9,13,,,
phillip seymour hoffman,16,7,14,,,
renny harlin,16,6,11,,,
resident evil,16,6,9,,,
revenge trilogy,16,5,11,,,
ricardo darin,16,5,12,,,
richard burton,16,9,13,,,
riot,16,11,11,,,
robert englund,16,7,7,,,
rock,16,12,11,,,
rotoscope,16,3,15,,,
sally field,16,10,9,,,
sam wood,16,15,2,,,
senseless violence,16,9,11,,,
seth macfarlane,16,3,13,,,
short films,16,10,16,,,
silly plot,16,7,11,,,
simpsons,16,2,16,,,
single shot,16,1,16,,,
so funny,16,9,9,,,
stephen mchattie,16,10,7,,,
subgenre:haunted house,16,16,1,,,
subgenre:kaiju,16,12,5,,,
subtle,16,12,16,,,
survival horror,16,8,12,,,
swimming pool,16,16,3,,,
tarantino is god,16,6,9,,,
theatre,16,16,12,,,
tã©a leoni,16,9,12,,,
undead,16,13,8,,,
unsympathetic characters,16,7,14,,,
vday,16,16,1,,,
violence in america,16,6,14,,,
visionary,16,8,14,,,
wall street,16,5,14,,,
warren beatty,16,9,10,,,
way too long,16,8,10,,,
worst movie ever,16,8,16,,,
wtf,16,13,11,,,
oscar,15,13,14,745,8.0,0.854375
good sequel,15,7,13,451,7.0,0.7046785714285715
comic,15,10,14,231,10.0,0.4649
08/09,15,15,1,,,
abbie cornish,15,5,13,,,
abrupt ending,15,9,14,,,
alan turing,15,1,15,,,
amazing artwork,15,8,7,,,
anatole litvak,15,14,2,,,
andrew lloyd webber,15,5,10,,,
andy serkis,15,11,11,,,
animal:cat,15,13,2,,,
annasophia robb,15,5,8,,,
anti-authoritarian,15,9,11,,,
anti-bush,15,2,14,,,
archery,15,9,10,,,
assassin-in-training,15,3,13,,,
bad story,15,12,14,,,
based on a cartoon,15,9,7,,,
based on a myth,15,7,9,,,
based on a short story,15,12,13,,,
based on tv series,15,9,14,,,
better than the first,15,7,11,,,
biographical view,15,12,4,,,
bob hope,15,14,2,,,
britain,15,13,13,,,
buenos aires,15,10,8,,,
bush bashing,15,8,8,,,
celebrity,15,10,14,,,
chaos,15,4,15,,,
chemistry,15,9,12,,,
christopher mintz-plasse,15,6,9,,,
clark gable,15,10,8,,,
comedy of manners,15,8,13,,,
comraderie,15,9,9,,,
contrived romance,15,7,9,,,
dating,15,11,13,,,
david spade,15,9,13,,,
david strathairn,15,13,4,,,
decent,15,14,7,,,
delusion,15,4,14,,,
demon possession,15,7,10,,,
directing,15,14,10,,,
disney studios,15,14,2,,,
donnie yen,15,9,10,,,
down on their luck,15,11,4,,,
edmund goulding,15,14,2,,,
edward furlong,15,8,10,,,
elisabeth shue,15,9,13,,,
emily browning,15,4,14,,,
epic adventure,15,10,10,,,
ernest hemingway,15,10,5,,,
family comedy,15,7,15,,,
farming,15,12,11,,,
female director,15,14,4,,,
female nudity,15,10,12,,,
formula 1 racing,15,3,15,,,
francois truffaut,15,8,9,,,
frank oz,15,11,6,,,
fred astaire,15,10,9,,,
frederick wiseman,15,14,2,,,
frivolous,15,12,5,,,
future dystopias,15,10,7,,,
fx,15,7,10,,,
george c. scott,15,8,10,,,
george stevens,15,14,2,,,
gore verbinski,15,9,4,,,
hal ashby,15,7,5,,,
hero,15,12,14,,,
heroic,15,10,12,,,
hollywood ending,15,9,11,,,
horse racing,15,7,12,,,
house,15,13,7,,,
hysterical,15,9,13,,,
iconic,15,11,9,,,
insane,15,10,13,,,
insightful,15,12,12,,,
jim carrey being jim carrey,15,2,12,,,
john cho,15,4,13,,,
john lithgow,15,11,14,,,
jokes,15,11,11,,,
jonathan rhys meyers,15,6,13,,,
journey,15,12,15,,,
kal penn,15,5,13,,,
kid flick,15,8,10,,,
kids movie,15,12,11,,,
killer,15,12,13,,,
larry david,15,2,15,,,
marinavista,15,15,1,,,
matthew lillard,15,8,12,,,
matthew vaughn,15,5,6,,,
metaphorical,15,9,12,,,
mia farrow,15,9,12,,,
middle earth,15,7,13,,,
mma,15,4,12,,,
models,15,8,11,,,
morocco,15,9,11,,,
moscow,15,9,12,,,
mothra,15,12,4,,,
nature wildlife,15,6,15,,,
neurosis,15,4,15,,,
no happy end,15,4,12,,,
old school horror,15,2,14,,,
optimism,15,2,15,,,
oscar nominee: editing,15,13,2,,,
oscar nominee: lead actress,15,10,5,,,
over-hyped,15,2,15,,,
pedro almodã³var,15,9,12,,,
penã©lope cruz,15,10,14,,,
period drama,15,8,13,,,
peter lorre,15,9,10,,,
phone booth,15,9,8,,,
plastic surgery,15,8,14,,,
polar,15,15,1,,,
pop art,15,13,5,,,
prince,15,9,12,,,
protagonist is a teacher,15,13,3,,,
pseudoscience,15,8,13,,,
psychothriller,15,5,15,,,
queen latifah,15,8,10,,,
quick cuts,15,6,11,,,
radiation,15,11,7,,,
rain,15,10,11,,,
rainn wilson,15,5,14,,,
ray harryhausen,15,11,4,,,
real,15,13,13,,,
rebel,15,9,12,,,
remake of a french film,15,7,10,,,
ridiculous characters,15,10,9,,,
river,15,10,11,,,
roberto rossellini,15,14,2,,,
roger corman,15,14,9,,,
rudyard kipling,15,9,5,,,
self-referential,15,6,12,,,
sightsound,15,14,2,,,
slow pace,15,9,12,,,
steve zahn,15,9,12,,,
stoner,15,8,14,,,
strange story,15,4,14,,,
subgenre:buddies,15,14,2,,,
subgenre:fairy tale,15,10,5,,,
subversive,15,12,9,,,
super panavision 70,15,15,1,,,
teacher changing lives,15,7,3,,,
teen comedy,15,3,15,,,
terrifying,15,8,14,,,
thanksgiving,15,9,12,,,
the shoah,15,14,2,,,
theft,15,10,12,,,
tom shadyac,15,7,6,,,
tourists,15,9,7,,,
téa leoni does not star in this movie,15,15,1,,,
val lewton,15,8,5,,,
video camera,15,14,3,,,
weather,15,4,10,,,
well acted,15,9,14,,,
whales,15,6,13,,,
william dieterle,15,15,1,,,
william powell,15,8,10,,,
women during wartime,15,12,5,,,
world war 2,15,9,11,,,
spock,14,2,14,957,1.0,0.9885
free speech,14,3,14,408,3.0,0.9434166666666667
tricky,14,1,14,1045,1.0,0.934
"""damn dirty apes""",14,6,7,,,
1950s housewives,14,5,9,,,
2 movies in 1,14,2,14,,,
aaron sorkin,14,5,10,,,
actor's life,14,14,3,,,
aki kaurismäki,14,13,2,,,
alexander payne,14,7,9,,,
alien contact,14,9,7,,,
alyson hannigan,14,5,11,,,
amazing,14,12,13,,,
amish,14,3,13,,,
ancient civilization,14,5,13,,,
animal cruelty,14,11,13,,,
asghar farhadi,14,5,7,,,
authenticity,14,6,12,,,
author:h. g. wells,14,10,3,,,
babies,14,5,13,,,
bad luck,14,8,14,,,
bad movie,14,12,11,,,
bad parents,14,11,5,,,
baking,14,7,11,,,
baltimore,14,7,9,,,
barry sonnenfeld,14,10,5,,,
based on a novel,14,7,12,,,
better than the old version,14,6,11,,,
billy crudup,14,6,13,,,
biomedical ethics,14,3,12,,,
bluegrass,14,3,12,,,
bob hoskins,14,8,11,,,
bobcat goldthwait,14,8,8,,,
boobs,14,8,14,,,
brief encounters,14,11,5,,,
cambodia,14,7,9,,,
canadian,14,8,11,,,
cg animation,14,5,14,,,
chaplin,14,7,11,,,
che guevara,14,3,14,,,
chris o'dowd,14,5,12,,,
chris pine,14,8,13,,,
church,14,9,9,,,
cinematographer:robert richardson,14,14,1,,,
classic horror,14,9,10,,,
cliches,14,7,12,,,
clique,14,5,13,,,
colorado,14,12,6,,,
comedy romance,14,7,14,,,
computer cracker,14,5,10,,,
contemplative,14,12,8,,,
countryside,14,10,9,,,
cowboy,14,9,12,,,
criticker top pick,14,14,1,,,
cultural customs and traditions,14,8,10,,,
danny elfman,14,6,8,,,
david schwimmer,14,9,6,,,
detective movie,14,4,14,,,
docudrama,14,6,13,,,
doomsday,14,7,9,,,
dramedy,14,7,13,,,
earthy,14,13,2,,,
elephants,14,6,13,,,
elizabeth hurley,14,4,13,,,
elvis iconography,14,7,8,,,
erotic thriller,14,7,11,,,
evil corporation,14,4,13,,,
facebook,14,3,13,,,
few action scenes,14,10,5,,,
fundamentalism,14,8,12,,,
gay rights,14,5,11,,,
genre:western noir,14,12,3,,,
german movie,14,9,7,,,
girl,14,14,4,,,
gã©rard depardieu,14,13,11,,,
hark tsui,14,9,5,,,
head movie,14,9,8,,,
health care,14,5,11,,,
heartfelt,14,8,14,,,
heterosexuality,14,13,2,,,
hilary duff,14,7,10,,,
holes80s,14,14,1,,,
horrifying (but not horror genre),14,8,8,,,
horrors of war,14,4,14,,,
human computer interaction,14,1,14,,,
humane,14,11,6,,,
humiliation,14,10,9,,,
ian holm,14,8,9,,,
identity theft,14,6,12,,,
inconsistent,14,10,11,,,
infantile,14,6,11,,,
infertility,14,8,12,,,
ivan reitman,14,9,4,,,
jackie earle haley,14,5,11,,,
james earl jones,14,12,11,,,
jan svankmajer,14,12,3,,,
jerry bruckheimer,14,5,11,,,
jim broadbent,14,12,11,,,
joe wright,14,5,9,,,
john sayles,14,11,5,,,
ken burns,14,10,5,,,
kristin scott thomas,14,9,11,,,
laura dern,14,6,14,,,
lawn mower,14,3,14,,,
legend,14,9,13,,,
lesbian character,14,11,11,,,
lewis milestone,14,13,2,,,
lust,14,10,9,,,
marlene dietrich,14,9,7,,,
mary elizabeth winstead,14,3,12,,,
mcdonalds,14,3,14,,,
mediocre plot,14,12,7,,,
mindless one liners,14,2,13,,,
misfits and outsiders,14,6,11,,,
mitchell leisen,14,12,3,,,
motion capture,14,4,14,,,
moviepig top pick,14,13,2,,,
new mexico,14,11,8,,,
new wave,14,6,13,,,
nicholas ray,14,13,2,,,
no soundtrack,14,8,9,,,
norman jewison,14,14,1,,,
nothing special,14,9,10,,,
nudity (animated),14,12,3,,,
numbers,14,10,8,,,
oliver hardy,14,13,2,,,
out for revenge,14,12,4,,,
outer space,14,5,11,,,
over-the-top action,14,10,8,,,
parent-children relationship,14,9,12,,,
pedro almodóvar,14,14,1,,,
period,14,6,12,,,
personality disorder,14,5,11,,,
peter bogdanovich,14,8,8,,,
political drama,14,5,13,,,
preacher,14,7,11,,,
provocative,14,9,12,,,
psycho,14,6,11,,,
r:nudity,14,12,4,,,
rap,14,5,12,,,
recommendz top pick,14,9,4,,,
responsibility,14,8,12,,,
richard harris,14,9,6,,,
robert louis stevenson,14,12,4,,,
robert mitchum,14,7,10,,,
robots and androids,14,8,11,,,
rouben mamoulian,14,12,2,,,
running,14,8,13,,,
rwanda,14,6,9,,,
samuel fuller,14,13,2,,,
seattle,14,8,10,,,
selma blair,14,7,12,,,
silly but good,14,10,10,,,
skiing,14,10,11,,,
social comentary,14,5,12,,,
space station,14,8,13,,,
spencer tracy,14,7,12,,,
stan laurel,14,13,2,,,
stanley donen,14,11,3,,,
stasi,14,1,14,,,
surgery,14,10,8,,,
tearjerker,14,7,13,,,
technirama,14,14,1,,,
thin plot,14,5,12,,,
too slow,14,11,14,,,
tornado,14,6,10,,,
treason,14,12,7,,,
trivial,14,9,9,,,
unimaginative,14,10,8,,,
unpredictable ending,14,6,12,,,
unrealistic action,14,6,14,,,
unrealistic characters,14,8,14,,,
unrealistic plot,14,8,12,,,
uwe boll,14,6,12,,,
watched 2005,14,14,1,,,
william holden,14,9,9,,,
wolfgang reitherman,14,9,2,,,
yasujiro ozu,14,8,8,,,
yimou zhang,14,8,8,,,
youth gone wild,14,6,9,,,
action-packed,13,7,11,20,7.0,0.8870357142857143
actors and acting,13,11,10,,,
alejandro jodorowsky,13,5,7,,,
alex gibney,13,13,1,,,
alien series,13,2,11,,,
amazing!,13,11,12,,,
america,13,12,11,,,
america porn,13,5,9,,,
americans abroad,13,12,6,,,
anarchy,13,7,11,,,
anders thomas jensen,13,3,6,,,
andrew davis,13,8,4,,,
andrew mccarthy,13,8,6,,,
anthony minghella,13,6,6,,,
anthony perkins,13,6,11,,,
apes,13,7,12,,,
ashley judd,13,9,13,,,
aubrey plaza,13,2,13,,,
author:roald dahl,13,5,7,,,
author:victor hugo,13,10,4,,,
autobiographical,13,9,10,,,
based on a comic book,13,4,13,,,
beatles soundtrack,13,2,13,,,
best movie ever,13,11,13,,,
bing crosby,13,7,7,,,
black humor,13,7,11,,,
bomb,13,4,13,,,
bondage,13,8,11,,,
brad bird,13,5,7,,,
bryan cranston,13,4,11,,,
burt reynolds,13,9,12,,,
cheap,13,10,11,,,
cheese,13,6,11,,,
children acting like adults,13,6,10,,,
chiwetel ejiofor,13,9,11,,,
classic thriller,13,6,9,,,
cold,13,12,11,,,
corporate greed,13,9,11,,,
creationism,13,3,13,,,
crime drama,13,7,13,,,
cronenberg,13,5,11,,,
dangerous attraction,13,12,3,,,
death of a parent,13,9,10,,,
different,13,12,12,,,
dirty harry,13,5,7,,,
donald pleasence,13,9,8,,,
dry humor,13,9,12,,,
dublin,13,4,11,,,
ealing studios,13,6,6,,,
eastwood,13,7,10,,,
edward zwick,13,8,6,,,
eminem,13,2,13,,,
emma roberts,13,5,10,,,
emotion,13,5,13,,,
end of war,13,8,7,,,
evil corporations,13,4,11,,,
fairy tale romance,13,1,13,,,
fathers and daughters,13,13,3,,,
fatih akin,13,6,6,,,
fear,13,11,10,,,
fiona shaw,13,11,4,,,
flawed characters,13,3,11,,,
frank langella,13,5,12,,,
freaks,13,7,11,,,
from the view of children,13,7,8,,,
funny!,13,9,13,,,
game,13,11,12,,,
garbage,13,11,12,,,
geisha,13,3,13,,,
gene roddenberry,13,4,5,,,
genre spoof,13,4,11,,,
gong li,13,5,9,,,
good animation,13,5,13,,,
good cinematography,13,6,13,,,
good vs evil,13,7,10,,,
hal hartley,13,8,4,,,
hamlet,13,12,5,,,
healing,13,10,7,,,
hideaki anno,13,7,6,,,
hijacking,13,4,10,,,
holes40s,13,13,1,,,
hot actress,13,12,3,,,
human potential,13,2,13,,,
illegal immigration,13,5,12,,,
informative,13,9,12,,,
inspired by a real-life person,13,7,9,,,
interesting animation style,13,3,11,,,
ira,13,5,12,,,
james belushi,13,7,10,,,
james coburn,13,10,7,,,
james cromwell,13,6,10,,,
james mangold,13,8,7,,,
jar jar binks,13,1,13,,,
jay roach,13,9,4,,,
jb's dvds,13,13,1,,,
jean dujardin,13,4,13,,,
jerusalem,13,6,11,,,
jim sturgess,13,5,12,,,
johnnie to,13,11,3,,,
jon heder,13,4,12,,,
jonathan frakes,13,4,7,,,
jordana brewster,13,4,9,,,
journey of self-discovery,13,8,8,,,
kenji misumi,13,13,1,,,
lobotomy,13,5,11,,,
luchino visconti,13,10,4,,,
malin akerman,13,7,12,,,
martin landau,13,7,10,,,
martin ritt,13,12,2,,,
martin starr,13,9,4,,,
massachusetts,13,7,9,,,
maya rudolph,13,4,12,,,
mccarthyism,13,7,10,,,
melanie laurent,13,2,12,,,
memorable,13,8,12,,,
michael pitt,13,6,7,,,
mike newell,13,8,7,,,
mikio naruse,13,13,1,,,
mississippi,13,10,6,,,
misunderstanding,13,7,11,,,
mortality,13,7,12,,,
mos def,13,7,12,,,
mouse,13,10,6,,,
movielens quickpick,13,11,3,,,
music is key to story (not musical genre),13,8,9,,,
music:abba,13,1,13,,,
narration,13,10,12,,,
netflixq,13,13,7,,,
new french extremism,13,6,5,,,
new year's eve,13,13,8,,,
nicolas roeg,13,8,6,,,
nicolas winding refn,13,4,8,,,
no character development,13,7,10,,,
not believable,13,7,13,,,
nurse,13,11,5,,,
ok,13,12,10,,,
olga kurylenko,13,6,10,,,
on the road,13,10,4,,,
on the run,13,10,8,,,
one of the best movies ever,13,8,11,,,
orgy,13,5,10,,,
over-the-top ending,13,7,9,,,
patrice leconte,13,9,4,,,
patrick wilson,13,8,11,,,
paul w.s. anderson,13,6,7,,,
pedophilia,13,6,13,,,
penis,13,12,5,,,
pennsylvania,13,10,9,,,
plague,13,7,12,,,
plot point:solving riddles/puzzles,13,5,9,,,
pokemon,13,9,5,,,
pool,13,5,9,,,
poop humor,13,2,13,,,
positive thinking,13,4,12,,,
pseudo-zombies,13,5,9,,,
punks,13,8,7,,,
puzzle,13,7,11,,,
rating very dependent on version,13,12,2,,,
rave,13,5,12,,,
really bad,13,8,9,,,
regrets,13,8,12,,,
renã©e zellweger,13,8,13,,,
reverse timeline,13,3,13,,,
revolutionary,13,6,13,,,
robert bresson,13,8,6,,,
robert harmon,13,13,1,,,
sarah silverman,13,2,13,,,
searching,13,10,6,,,
self-aware,13,6,12,,,
self-destructive romance,13,9,6,,,
set design,13,9,12,,,
setting:san francisco,13,6,9,,,
sexuality:bdsm,13,6,8,,,
shane meadows,13,6,8,,,
shanghai,13,7,9,,,
showdown,13,6,11,,,
social satire,13,12,3,,,
sociopath,13,9,13,,,
sophia coppola,13,3,12,,,
speed,13,4,11,,,
star-crossed lovers,13,8,7,,,
steve guttenberg,13,9,8,,,
stirring,13,11,5,,,
strangely compelling,13,7,8,,,
supermarket,13,6,12,,,
surprise octopus,13,12,2,,,
tadanobu asano,13,11,4,,,
temptation,13,6,9,,,
to see: crime,13,13,1,,,
transsexuals,13,5,13,,,
true love,13,10,13,,,
tv show,13,10,9,,,
ukraine,13,3,12,,,
ulrich thomsen,13,7,6,,,
unemployment,13,13,7,,,
united kingdom,13,7,7,,,
unnecessary,13,6,12,,,
unsettling,13,7,12,,,
very clever,13,9,6,,,
very funny!,13,11,8,,,
victor fleming,13,10,4,,,
virginia woolf,13,3,11,,,
whodunnit,13,9,11,,,
why the terrorists hate us,13,6,9,,,
will arnett,13,7,11,,,
winter,13,11,11,,,
xavier dolan,13,5,8,,,
hip-hop,12,2,12,507,2.0,0.9516249999999999
neo noir,12,8,9,700,8.0,0.7768125
1940's,12,9,8,,,
adrenaline,12,2,12,,,
adrenaline junkie,12,3,12,,,
agent,12,7,11,,,
airships,12,6,8,,,
alabama,12,9,5,,,
amazing fight choreography,12,6,7,,,
amazing soundtrack,12,7,10,,,
andrzej wajda,12,11,2,,,
anna paquin,12,8,11,,,
arranged marriages,12,10,5,,,
art direction,12,9,7,,,
author:arthur conan doyle,12,9,3,,,
backstage,12,10,3,,,
bad execution,12,7,11,,,
bad soundtrack,12,11,6,,,
bald nemesis,12,6,8,,,
barbara hershey,12,8,9,,,
based on manga,12,4,12,,,
beautiful animation,12,3,11,,,
bechdel test:pass (technically but not really),12,8,4,,,
ben whishaw,12,3,10,,,
best movies ever,12,11,4,,,
big brother,12,7,9,,,
bildungsroman,12,12,3,,,
bland hero,12,3,10,,,
bollocks,12,11,4,,,
boy scouts,12,5,12,,,
brian dennehy,12,10,8,,,
brian depalma,12,6,7,,,
brilliant ending,12,2,11,,,
bryce dallas howard,12,7,11,,,
busby berkeley,12,11,3,,,
carl theodor dreyer,12,6,6,,,
carla gugino,12,8,8,,,
carnival,12,9,9,,,
casting,12,8,8,,,
character:michael myers,12,10,2,,,
characters with great depth,12,7,12,,,
cheesy bad,12,7,12,,,
child murder,12,5,10,,,
chloe moretz,12,2,12,,,
christopher lambert,12,7,11,,,
chuck palahniuk,12,2,11,,,
cia agent,12,4,12,,,
class,12,10,8,,,
clever script,12,6,8,,,
cliffhanger,12,9,5,,,
complex morality,12,6,9,,,
costa-gavras,12,9,4,,,
creative plot,12,6,12,,,
cruelty,12,11,9,,,
cryptic,12,4,8,,,
date movie,12,7,9,,,
debased,12,10,3,,,
destruction,12,9,11,,,
diary,12,11,6,,,
dieselpunk,12,3,10,,,
discworld,12,3,9,,,
disjointed,12,10,9,,,
dreamworks animation,12,5,10,,,
drunkenness,12,10,9,,,
dumbed down,12,5,11,,,
eddie redmayne,12,9,8,,,
ending sucked,12,5,11,,,
english-language millenial comedies,12,12,1,,,
evil,12,11,12,,,
fantastic foreign films,12,9,4,,,
finnish new wave,12,12,2,,,
franco zeffirelli,12,9,3,,,
frank borzage,12,12,1,,,
frank herbert,12,3,10,,,
franklin j. schaffner,12,7,6,,,
gabriel byrne,12,5,12,,,
gael garcã­a bernal,12,6,10,,,
games,12,7,9,,,
george carlin,12,4,11,,,
glam rock,12,7,9,,,
goblin,12,5,11,,,
good casting,12,8,11,,,
good science,12,1,12,,,
gratuitous sex,12,7,11,,,
great use of music,12,11,5,,,
grieving,12,9,7,,,
grotesque,12,12,9,,,
guitar,12,9,10,,,
harlem,12,9,4,,,
homoerotic subtext,12,8,9,,,
hypocrisy,12,7,10,,,
imax,12,11,10,,,
immature,12,7,11,,,
important,12,4,11,,,
indiana,12,9,9,,,
interesting story,12,12,4,,,
isabella rossellini,12,7,10,,,
isao takahata,12,7,3,,,
jack conway,12,12,1,,,
jack the ripper,12,4,10,,,
jacques tati,12,5,7,,,
jail,12,10,11,,,
jailbreak,12,5,12,,,
jean negulesco,12,12,1,,,
jemaine clement,12,11,2,,,
jimmy stewart,12,6,11,,,
joe lo truglio,12,11,2,,,
john,12,12,2,,,
john cassavetes,12,11,2,,,
john lasseter,12,7,5,,,
john sturges,12,10,3,,,
jon voight,12,8,6,,,
josh duhamel,12,5,11,,,
josh hutcherson,12,6,10,,,
joy division,12,2,12,,,
judy garland,12,5,12,,,
juvenile,12,11,7,,,
karl urban,12,6,10,,,
kenya,12,7,8,,,
kickass,12,5,10,,,
kim cattrall,12,6,9,,,
kindness of strangers,12,4,10,,,
kirstie alley,12,6,9,,,
kusturica,12,4,11,,,
lauren graham,12,7,9,,,
leslie neilsen,12,6,8,,,
lolita,12,11,5,,,
lovely,12,8,11,,,
lucio fulci,12,6,8,,,
madeline kahn,12,4,11,,,
maintaining illusion,12,3,10,,,
makeup effects,12,9,11,,,
mako mori test:pass,12,12,1,,,
makoto shinkai,12,7,3,,,
mamoru hosoda,12,3,6,,,
materialism,12,9,6,,,
mediocre acting,12,5,12,,,
melissa mccarthy,12,4,11,,,
men in drag,12,6,7,,,
mental disability,12,6,10,,,
mentally impaired,12,9,4,,,
metal,12,8,11,,,
michael nyqvist,12,4,9,,,
michelle trachtenberg,12,4,10,,,
minimalistic,12,2,12,,,
misogynistic,12,11,10,,,
mmm... brains...,12,6,9,,,
molly ringwald,12,5,10,,,
monster:giant insect,12,10,2,,,
morricone score,12,5,7,,,
mothers and sons,12,11,4,,,
muay thai,12,4,11,,,
myrna loy,12,8,8,,,
netherlands,12,7,9,,,
no sex scenes,12,9,4,,,
oscar 2012,12,9,3,,,
oscar nominee: cinematography,12,11,2,,,
pam grier,12,6,7,,,
paralysis,12,3,10,,,
peer pressure,12,6,11,,,
peter segal,12,7,5,,,
pirate radio,12,2,11,,,
plot point:bio-medical danger,12,8,4,,,
political thriller,12,6,9,,,
pows,12,5,9,,,
predictable movie,12,9,12,,,
psychedellic,12,1,12,,,
psychopaths,12,8,11,,,
public relations,12,4,11,,,
puppetry,12,9,8,,,
puzzling,12,7,12,,,
r:strong sexual content,12,7,6,,,
racy,12,11,2,,,
rape & sexual abuse,12,9,11,,,
realistic relationships,12,7,11,,,
reality or imagination?,12,5,12,,,
rescue,12,9,11,,,
retarded,12,10,11,,,
rewatchable,12,9,5,,,
richard thorpe,12,12,1,,,
riddick,12,2,10,,,
roger avary,12,8,3,,,
ronald neame,12,12,1,,,
rufus sewell,12,9,11,,,
russian revolution,12,4,12,,,
russian roulette,12,7,10,,,
sea monster,12,5,10,,,
sean astin,12,8,10,,,
seen 2015,12,12,1,,,
self-indulgent,12,6,9,,,
shahrukh khan,12,9,6,,,
slow and predictable plot,12,6,12,,,
small cast,12,7,8,,,
social control,12,6,9,,,
socialism,12,9,9,,,
soldiers,12,11,10,,,
southern us,12,7,12,,,
stargate,12,3,9,,,
stephen herek,12,10,3,,,
steve oedekerk,12,4,9,,,
super technirama 70,12,12,1,,,
surreal-panos,12,12,1,,,
swamp,12,11,8,,,
tara reid,12,5,11,,,
taxi driver,12,10,5,,,
terrible dialogue,12,8,9,,,
terrible ending,12,6,12,,,
theme song,12,8,8,,,
therapist,12,9,8,,,
thin story,12,4,11,,,
to see with rachel,12,12,1,,,
to see: sci fi,12,12,1,,,
todd phillips,12,9,4,,,
tom tykwer,12,7,7,,,
toshirã´ mifune,12,9,8,,,
transvestism,12,9,8,,,
trucks,12,7,8,,,
vampire human love,12,2,11,,,
vanessa redgrave,12,12,10,,,
veterans,12,8,9,,,
will like,12,12,1,,,
william keighley,12,12,1,,,
worst movie ever!,12,8,12,,,
wyoming,12,4,9,,,
xenophobia,12,4,10,,,
zachary quinto,12,3,11,,,
fast-paced,11,6,7,382,5.0,0.6843999999999999
*good* musicals,11,7,5,,,
09/09,11,11,1,,,
1305,11,11,1,,,
abstract,11,4,11,,,
adrienne shelly,11,4,7,,,
african american,11,10,7,,,
alan alda,11,5,11,,,
alan j. pakula,11,8,4,,,
alcoholic,11,2,11,,,
alec guiness,11,5,8,,,
alejandro gonzález iñárritu,11,6,6,,,
alexis bledel,11,6,6,,,
alfred p. sloan feature film prize,11,11,1,,,
amanda bynes,11,5,7,,,
anarchism,11,9,9,,,
ancient greece,11,5,9,,,
apu trilogy,11,3,7,,,
arctic,11,8,7,,,
arthur hiller,11,11,1,,,
atomic bomb,11,7,8,,,
austin,11,8,9,,,
author:dr. seuss,11,7,4,,,
author:richard matheson,11,9,4,,,
author:robert louis stevenson,11,9,2,,,
awkward romance,11,7,9,,,
ayn rand,11,5,6,,,
bad jokes,11,6,11,,,
bane's voice,11,1,11,,,
bank,11,6,10,,,
based on a computer game,11,2,10,,,
beautiful color,11,4,7,,,
beautiful photography,11,7,10,,,
beethoven,11,4,10,,,
better than the book,11,8,9,,,
biased,11,9,10,,,
bill maher,11,1,11,,,
book adaptation,11,11,7,,,
book is better,11,5,10,,,
brett ratner,11,8,4,,,
brotherhood,11,10,6,,,
butler,11,6,9,,,
captain,11,8,5,,,
castle,11,7,10,,,
characterization,11,8,10,,,
chris pratt,11,4,10,,,
christmas movie,11,5,11,,,
cinderella,11,4,10,,,
clockwork devices,11,5,6,,,
comic strip,11,9,3,,,
cormac mccarthy,11,5,6,,,
corrupt cops,11,7,7,,,
could have been better,11,9,8,,,
crusades,11,4,9,,,
cryogenics,11,4,8,,,
cult movie,11,9,8,,,
cult of persona,11,3,10,,,
damsel in distress,11,5,11,,,
dark side of india,11,2,10,,,
david carradine,11,6,8,,,
david gordon green,11,8,4,,,
david tennant,11,5,10,,,
deforest kelley,11,6,5,,,
delmer daves,11,11,1,,,
denis villeneuve,11,5,7,,,
denmark,11,10,8,,,
dennis dugan,11,9,2,,,
desert island flicks,11,9,4,,,
deus ex machina,11,8,8,,,
devil worship,11,7,5,,,
director's cut,11,8,7,,,
disappointing ending,11,9,10,,,
disturbing in a bad way,11,7,11,,,
dominic cooper,11,6,7,,,
dostoyevsky,11,8,7,,,
duncan jones,11,2,10,,,
eddie izzard,11,9,7,,,
emeric pressburger,11,10,2,,,
entertaining for the wrong reasons,11,3,10,,,
epilepsy,11,6,10,,,
eugene levy,11,7,10,,,
eugenics,11,4,10,,,
execution,11,10,8,,,
falsely accused,11,7,9,,,
fast food,11,6,11,,,
femme fatale,11,6,11,,,
fencing,11,5,8,,,
final fantasy,11,1,11,,,
forgiveness,11,11,11,,,
fred willard,11,5,9,,,
fusion 3-d,11,10,2,,,
ghibli,11,4,11,,,
good performance,11,3,10,,,
google video,11,10,2,,,
gratuitous,11,7,7,,,
great cast excellent,11,7,7,,,
great ensemble cast,11,5,8,,,
great humor,11,2,11,,,
great plot,11,4,11,,,
great premise,11,3,11,,,
groundbreaking,11,7,9,,,
handheld cameras,11,7,11,,,
haneke,11,5,6,,,
holes90s,11,11,1,,,
hurried ending,11,3,11,,,
ice,11,6,9,,,
idi amin,11,2,10,,,
imperialism,11,10,10,,,
inane,11,10,7,,,
influential,11,9,8,,,
insurance,11,7,9,,,
j.m. barrie,11,6,5,,,
jacques tourneur,11,9,4,,,
jamaica,11,6,6,,,
james whale,11,8,4,,,
jane campion,11,6,4,,,
jennifer love hewitt,11,5,9,,,
jodorowsky,11,4,7,,,
john cromwell,11,11,1,,,
john steinbeck,11,7,5,,,
joker,11,5,10,,,
josh lucas,11,6,8,,,
judd apatow movie,11,6,4,,,
jules dassin,11,9,3,,,
juvenile deliquent,11,9,8,,,
kids fun,11,4,10,,,
labor unions,11,7,5,,,
leadership,11,8,10,,,
lee pace,11,6,7,,,
let down,11,8,8,,,
liev schreiber,11,8,10,,,
life reflection,11,4,11,,,
lisa kudrow,11,6,10,,,
little red riding hood,11,4,10,,,
living a fictional life,11,10,2,,,
living dead,11,6,9,,,
lloyd bacon,11,11,1,,,
magical,11,8,9,,,
male-female relationship,11,9,4,,,
manga,11,7,10,,,
martyrdom,11,6,10,,,
mary mcdonnell,11,7,6,,,
masculinity,11,6,9,,,
meaningless,11,8,11,,,
members of the press,11,9,4,,,
messy,11,5,10,,,
metaphor,11,8,9,,,
michelangelo antonioni,11,8,4,,,
michigan,11,7,6,,,
military industrial complex,11,5,7,,,
mind control,11,10,7,,,
minions,11,3,10,,,
mirrors,11,8,7,,,
mobster,11,9,9,,,
modern classic,11,10,5,,,
monotonous,11,5,11,,,
montypython,11,3,10,,,
morgan spurlock,11,3,8,,,
movie theatre,11,11,2,,,
musician's life,11,10,4,,,
my favourite,11,6,7,,,
mysticism,11,8,9,,,
narnia,11,3,7,,,
nascar,11,3,10,,,
natalie wood,11,5,4,,,
natives,11,6,10,,,
nerd,11,6,10,,,
nick and nora charles,11,6,5,,,
no marriage at the end,11,1,11,,,
nora ephron,11,7,6,,,
norman z. mcleod,11,11,1,,,
norse,11,2,10,,,
not as good as the book,11,10,4,,,
not faithful to the book,11,4,10,,,
obvious plot,11,2,11,,,
original story,11,4,8,,,
oscar 2013,11,9,3,,,
oscar nominee: costume design,11,9,2,,,
oscar nominee: music - original score,11,10,2,,,
oscar nominee: original screenplay,11,10,2,,,
painful,11,7,10,,,
panic,11,3,11,,,
passion,11,9,10,,,
paul greengrass,11,6,6,,,
pg-13:language,11,11,1,,,
philip glass,11,4,10,,,
phillip noyce,11,10,3,,,
poor script,11,7,10,,,
porn industry,11,8,9,,,
positive,11,9,9,,,
prehistoric,11,8,4,,,
profound,11,10,7,,,
protagonist is writer,11,9,3,,,
psychopath,11,8,9,,,
pua,11,11,3,,,
qube,11,11,1,,,
queen,11,7,8,,,
radio dj,11,7,7,,,
real estate,11,7,8,,,
real-time,11,5,8,,,
rebecca hall,11,7,11,,,
record store,11,2,11,,,
reporter,11,9,9,,,
repression,11,7,9,,,
ridiculous end,11,3,11,,,
role reversal,11,4,11,,,
roy del ruth,11,11,1,,,
ruined the franchise,11,8,5,,,
rupert everett,11,8,8,,,
rushed,11,6,9,,,
ryan philippe,11,2,11,,,
saturn award (best fantasy film),11,9,3,,,
second chance,11,6,11,,,
self-esteem,11,7,10,,,
serial,11,11,1,,,
setting,11,10,10,,,
sexual inuendo,11,9,3,,,
sexual references,11,10,5,,,
shane carruth,11,2,9,,,
sheriff,11,9,7,,,
sissy spacek,11,7,10,,,
slash,11,10,2,,,
snl alums,11,8,5,,,
society,11,10,9,,,
soldier,11,9,7,,,
some funny parts,11,7,8,,,
sophomoric,11,8,11,,,
sounds,11,1,11,,,
statue,11,11,2,,,
stephen hawking,11,4,11,,,
stephen rea,11,5,11,,,
stephen sondheim,11,7,6,,,
steroids,11,2,10,,,
strong director,11,11,2,,,
stupid but funny,11,7,9,,,
stupid main character,11,8,8,,,
summery,11,10,4,,,
takeshi kaneshiro,11,7,5,,,
teen relationships,11,3,11,,,
terrible plot,11,4,9,,,
terry jones,11,4,5,,,
the fall of the berlin wall,11,2,9,,,
three colors trilogy,11,3,6,,,
tibet,11,4,9,,,
time paradox,11,8,8,,,
to see: superhero,11,11,1,,,
to see: zombie,11,11,1,,,
tony richardson,11,11,1,,,
too much action,11,6,9,,,
true to life,11,6,10,,,
tspdt top 1000,11,11,1,,,
u-boat,11,3,9,,,
uganda,11,2,10,,,
uma thruman,11,3,6,,,
unbearable,11,7,10,,,
uneven,11,8,8,,,
unexpected,11,11,10,,,
unicorns,11,3,10,,,
unlikely heroes,11,6,7,,,
van helsing,11,10,2,,,
vangelis,11,4,10,,,
vengeful spirit,11,11,1,,,
villain,11,8,11,,,
vincenzo natali,11,6,8,,,
violence pornography,11,5,8,,,
walter lang,11,11,1,,,
waste of celluloid,11,6,7,,,
what is happiness?,11,10,3,,,
whit stillman,11,5,4,,,
william faulkner,11,10,2,,,
writing process,11,6,7,,,
young love,11,10,8,,,
zach galifinakis,11,2,11,,,
unusual plot structure,10,1,10,1064,1.0,0.7762500000000001
04/09,10,10,1,,,
2d/3d hybrid animation,10,2,8,,,
absent fathers,10,8,5,,,
absurdism,10,4,10,,,
accents,10,10,8,,,
adam brody,10,5,9,,,
adam mckay,10,5,6,,,
adult,10,9,6,,,
afi100,10,10,1,,,
aleksey balabanov,10,7,3,,,
alex proyas,10,4,7,,,
americana,10,7,9,,,
amputee,10,8,5,,,
andie macdowell,10,7,8,,,
androgyny,10,7,5,,,
andy wachowski,10,5,5,,,
anne bancroft,10,5,9,,,
anne heche,10,8,9,,,
anomie,10,7,5,,,
anxiety,10,5,8,,,
apatow productions,10,2,9,,,
archie mayo,10,10,1,,,
aristocracy,10,7,5,,,
atonement,10,4,9,,,
attachment,10,9,2,,,
author:rudyard kipling,10,7,3,,,
bad writing,10,6,10,,,
biological warfare,10,2,10,,,
birthday,10,10,4,,,
bkk,10,10,1,,,
blackjack,10,2,10,,,
bonnie hunt,10,9,5,,,
brad anderson,10,5,6,,,
brit marling,10,2,9,,,
bullet ballet,10,2,9,,,
bus,10,8,6,,,
cabin,10,8,7,,,
calm,10,5,9,,,
central intelligence agency,10,2,10,,,
character:jason vorhees,10,10,1,,,
charles bukowski,10,4,8,,,
cher,10,5,8,,,
chia-liang liu,10,9,2,,,
chile,10,6,8,,,
chris sarandon,10,4,7,,,
civilians at war,10,8,3,,,
class conflict,10,5,7,,,
claude rains,10,6,6,,,
cliche ending,10,4,8,,,
clyde geronimi,10,9,2,,,
code breaking,10,2,10,,,
colin hanks,10,6,7,,,
colours,10,5,10,,,
comic sidekick,10,3,9,,,
community,10,9,9,,,
concentration camp,10,7,7,,,
contamination,10,2,9,,,
cool but freaky,10,9,4,,,
cool dialogues,10,3,10,,,
corporate culture,10,5,8,,,
cosmetic surgery,10,3,10,,,
craig robinson,10,9,3,,,
crappy,10,9,5,,,
creepy singing,10,6,7,,,
cross-dressing women,10,7,4,,,
cuban missile crisis,10,3,10,,,
curtis hanson,10,7,5,,,
cute boys,10,8,4,,,
dance movie,10,6,8,,,
daniel auteuil,10,9,5,,,
daniel stern,10,7,8,,,
danny elfman score,10,3,8,,,
darth vader,10,3,7,,,
david thewlis,10,9,7,,,
deja vu,10,2,10,,,
deniro,10,6,8,,,
depressing without being uplifting,10,5,9,,,
desire,10,10,2,,,
dickens,10,6,5,,,
documentary style,10,6,10,,,
don't want to see,10,10,2,,,
douglas adams,10,2,9,,,
douglas sirk,10,6,5,,,
dry,10,8,8,,,
duel,10,6,7,,,
dumb science,10,1,10,,,
ed norton,10,4,8,,,
english literature,10,1,10,,,
enjoyed despite myself,10,8,3,,,
eric idle,10,6,8,,,
ettore scola,10,10,1,,,
evil children,10,4,6,,,
excellent fxs,10,4,7,,,
explicit sex,10,4,10,,,
ezra miller,10,6,6,,,
f,10,10,2,,,
f. murray abraham,10,7,6,,,
f. scott fitzgerald,10,6,5,,,
f.w. murnau,10,5,5,,,
fable,10,6,10,,,
faltering friendships,10,9,2,,,
favelas,10,2,10,,,
fernando meirelles,10,3,9,,,
fiction,10,9,7,,,
fight choreography,10,6,7,,,
fortune-telling,10,7,4,,,
fred macmurray,10,6,7,,,
freddie prinze jr.,10,5,10,,,
gay cowboy,10,3,10,,,
gay interest,10,8,5,,,
gay sex,10,5,9,,,
gene tierney,10,6,6,,,
george roy hill,10,10,1,,,
giuseppe tornatore,10,8,4,,,
good and evil,10,4,10,,,
good idea,10,8,8,,,
graham greene,10,5,8,,,
guillaume canet,10,4,9,,,
hallmark channel production,10,9,3,,,
hepburn and tracy,10,5,4,,,
heroes,10,6,10,,,
high squirm factor,10,1,10,,,
hilarious!,10,7,10,,,
hiroyuki sanada,10,6,5,,,
homer,10,3,8,,,
horrible acting,10,8,10,,,
i wanted to hug this movie,10,3,10,,,
ice skating,10,3,9,,,
improvised,10,4,10,,,
independence,10,7,10,,,
industrial progress,10,4,10,,,
innovation,10,4,10,,,
intriguing,10,8,9,,,
inventive,10,8,9,,,
istanbul,10,7,7,,,
jan de bont,10,5,3,,,
january jones,10,3,10,,,
jean-paul belmondo,10,4,9,,,
jerry lewis,10,6,6,,,
john rhys-davies,10,7,4,,,
jon lovitz,10,8,8,,,
joão césar monteiro,10,10,1,,,
julie christie,10,5,8,,,
just not good,10,2,9,,,
karate,10,7,7,,,
katherine isabelle,10,3,6,,,
kelly macdonald,10,5,9,,,
keri russell,10,5,10,,,
lack of development,10,3,10,,,
large family,10,3,9,,,
lawyer as protagonist,10,5,6,,,
leo mccarey,10,9,2,,,
lesbian sex scene,10,6,8,,,
lewis gilbert,10,10,1,,,
life in general,10,8,6,,,
likeable,10,3,9,,,
live action/animation,10,3,8,,,
lobbyism,10,3,8,,,
lon chaney jr.,10,7,4,,,
lone wolf and cub series,10,6,3,,,
looks interesting -- plot,10,8,3,,,
lowest common denominator,10,7,4,,,
luis buã±uel,10,5,10,,,
lying,10,7,7,,,
madeleine stowe,10,6,9,,,
magazines,10,4,8,,,
manchester,10,2,10,,,
marc forster,10,8,3,,,
mark waters,10,7,4,,,
marketing,10,4,10,,,
matt stone,10,5,6,,,
meandering,10,8,9,,,
meaningful,10,9,8,,,
mediocre,10,10,9,,,
michael gambon,10,5,8,,,
michael jai white,10,3,8,,,
michael ritchie,10,10,1,,,
michael sheen,10,6,8,,,
michael york,10,5,6,,,
mimics documentary-style,10,2,10,,,
miscarriage of justice,10,6,5,,,
mistaken identities,10,7,6,,,
monster hunter,10,10,1,,,
monster:giant gorilla,10,10,1,,,
mossad,10,4,9,,,
mother son relationship,10,5,10,,,
motherhood,10,7,6,,,
movies about movies,10,8,5,,,
mute,10,9,7,,,
my computer,10,10,1,,,
nagisa ôshima,10,10,1,,,
neo-realism,10,4,10,,,
nicholas hoult,10,4,8,,,
nick and nora charles (series),10,6,2,,,
nixon,10,3,10,,,
no depth,10,5,10,,,
no narrative,10,2,10,,,
noah wyle,10,5,5,,,
not a comedy,10,6,7,,,
not a documentary,10,9,2,,,
nuclear weapons,10,6,10,,,
okay once,10,9,3,,,
oliver reed,10,7,9,,,
olivia thirlby,10,4,8,,,
omar sharif,10,6,10,,,
one liners,10,5,10,,,
oop,10,10,1,,,
orcs,10,5,9,,,
oscar nominee: lead actor,10,8,4,,,
oscar nominee: sound effects editing,10,10,1,,,
overpopulation,10,5,8,,,
pakistan,10,7,6,,,
parrots,10,4,7,,,
pauly shore,10,5,8,,,
pbs,10,8,4,,,
personal,10,8,8,,,
peter boyle,10,6,9,,,
philip marlowe,10,6,5,,,
phone,10,8,4,,,
plot hole,10,4,10,,,
plot makes no sense,10,4,10,,,
polish movie,10,7,6,,,
political unrest,10,9,4,,,
polygamy,10,6,9,,,
poor character development,10,6,9,,,
popularity,10,4,10,,,
postwar,10,8,4,,,
prison break,10,5,8,,,
protagonist is an idiot,10,6,5,,,
protagonist is journalist,10,5,6,,,
pseudo-philosophical,10,6,6,,,
psychic,10,7,8,,,
quirky humor,10,5,10,,,
ralph macchio,10,5,6,,,
randy quaid,10,4,7,,,
rate up,10,9,2,,,
rationality,10,3,10,,,
raw,10,8,10,,,
real time,10,5,8,,,
refugee,10,8,4,,,
related:007 (series),10,9,2,,,
rené clair,10,10,1,,,
repressed sexuality,10,2,9,,,
revisionist western,10,7,8,,,
richard curtis,10,4,8,,,
richard lester,10,8,2,,,
richard nixon,10,6,6,,,
richard pryor,10,8,9,,,
rise and fall stories,10,7,5,,,
rita hayworth,10,4,10,,,
robert carlyle,10,8,7,,,
robert siodmak,10,10,1,,,
rod serling,10,8,4,,,
rodney dangerfield,10,5,7,,,
romans,10,6,9,,,
romany malco,10,8,4,,,
romeo and juliet,10,3,10,,,
sacrilege,10,7,7,,,
sadomasochistic,10,6,8,,,
saturn award (best actor),10,6,7,,,
saturn award (best music),10,9,6,,,
saturn award (best supporting actor),10,8,4,,,
schizo-cam,10,5,5,,,
schmaltzy,10,10,6,,,
school life,10,10,1,,,
sea,10,8,10,,,
sean bean lives,10,8,3,,,
sean patrick flanery,10,3,10,,,
secret societies,10,3,10,,,
secretary,10,8,5,,,
seen on airplane,10,8,3,,,
seijun suzuki,10,8,3,,,
sergei m. eisenstein,10,7,3,,,
setting:london (uk),10,9,2,,,
sexual violence,10,7,8,,,
shaky cam,10,5,9,,,
shane black,10,3,8,,,
sharks,10,7,9,,,
shaw brothers,10,10,3,,,
shelley duvall,10,5,10,,,
shenanigans,10,4,6,,,
shootout,10,8,7,,,
siberia,10,6,9,,,
sicily,10,6,8,,,
simon wincer,10,10,1,,,
slang,10,2,10,,,
slapstick humor,10,6,8,,,
sleeper agent,10,2,9,,,
slow moving plot,10,3,10,,,
socially relevant,10,5,6,,,
soviet,10,6,9,,,
sport:soccer football,10,6,4,,,
stopped watching,10,9,4,,,
strange ending,10,5,9,,,
stripping,10,5,7,,,
strong female,10,4,10,,,
stylised,10,3,9,,,
subgenre:police detective,10,10,1,,,
subgenre:road trip,10,9,2,,,
subscription,10,10,1,,,
subterranean,10,9,3,,,
subtle humor,10,6,10,,,
summer,10,6,9,,,
super interesting,10,8,3,,,
t&a,10,10,1,,,
teamwork,10,5,7,,,
terror,10,9,7,,,
terry pratchett,10,3,6,,,
the dog,10,4,10,,,
the ending,10,7,8,,,
the up series,10,8,3,,,
thieves,10,9,6,,,
thomas vinterberg,10,3,7,,,
to see: comedy,10,10,1,,,
tony jaa,10,3,8,,,
tony leung chiu wai,10,6,8,,,
too many characters,10,4,10,,,
too much violence,10,4,10,,,
too predictable,10,4,10,,,
traitor,10,6,8,,,
tries too hard,10,7,10,,,
trilogy of the imagination,10,3,4,,,
undercover cops,10,1,10,,,
unions,10,6,8,,,
unsatisfying,10,8,7,,,
ventriloquist,10,7,8,,,
vertically challenged people,10,7,4,,,
vignettes,10,7,8,,,
vincent gallo,10,3,9,,,
violently silly,10,4,9,,,
violently stupid,10,7,7,,,
violin,10,10,5,,,
volker schlöndorff,10,10,1,,,
wales,10,6,10,,,
walter hill,10,10,1,,,
white guilt,10,3,7,,,
will forte,10,7,5,,,
william friedkin,10,9,2,,,
wooden acting,10,6,9,,,
yugoslavia,10,4,9,,,
zero gravity,10,2,10,,,
zibri studio,10,9,2,,,
zoe bell,10,4,7,,,
zombie movie,10,3,9,,,
mother-daughter relationship,9,6,8,670,6.0,0.5179583333333333
slow-paced,9,7,9,930,4.0,0.07824999999999993
1910s,9,9,5,,,
?adapted from:book,9,9,1,,,
abroad,9,9,1,,,
absolutely hilarious,9,1,9,,,
academia,9,6,7,,,
adult animation,9,3,9,,,
afi,9,9,1,,,
agent/assassin with false memories/amnesia,9,8,2,,,
al leong,9,9,1,,,
alexander korda,9,9,2,,,
algeria,9,7,8,,,
alien monster,9,1,9,,,
alienation,9,8,8,,,
alternate world,9,2,9,,,
amateur film making,9,4,8,,,
americans save the world,9,4,5,,,
amy heckerling,9,8,2,,,
ancient books,9,1,9,,,
andy lau,9,7,4,,,
andy robinson,9,9,1,,,
angelic intervention,9,6,4,,,
anger,9,8,8,,,
anime cliches,9,3,8,,,
anne rice,9,3,6,,,
annoying reporter,9,9,1,,,
anthony asquith,9,9,1,,,
anthony quinn,9,5,8,,,
anthropomorphized animals,9,6,6,,,
anti-corporation,9,4,9,,,
antoine fuqua,9,6,6,,,
apple,9,5,9,,,
atlantis,9,3,9,,,
atom egoyan,9,5,6,,,
author:john grisham,9,6,4,,,
awful movie,9,8,6,,,
awful...just awful,9,7,9,,,
ax-grinding,9,9,1,,,
babysitting,9,7,7,,,
bad casting,9,8,9,,,
bad editing,9,9,6,,,
ballroom dancing,9,4,8,,,
bands,9,9,6,,,
based on a tv show?,9,9,1,,,
based on novel,9,7,7,,,
basil dearden,9,9,1,,,
bats,9,5,7,,,
battle of the sexes,9,3,7,,,
be satisfied with your life little man,9,2,8,,,
bearable disney,9,9,1,,,
beau bridges,9,7,8,,,
bennett miller,9,4,6,,,
best friends,9,6,5,,,
bob fosse,9,4,5,,,
borg,9,1,9,,,
brad dourif,9,7,7,,,
brent spiner,9,4,5,,,
brian,9,9,1,,,
bruce beresford,9,7,3,,,
btaegekids,9,9,1,,,
bullshit,9,6,8,,,
campaign manager,9,4,6,,,
caper movie,9,4,8,,,
cars with weapons,9,4,5,,,
cartoon-reality crossover,9,2,8,,,
castration,9,7,6,,,
catherine o'hara,9,6,7,,,
catholic,9,8,9,,,
cats and dogs,9,3,9,,,
child acting,9,8,4,,,
cincinnati,9,7,4,,,
cinéma vérité,9,9,2,,,
cliched plot,9,5,9,,,
comedic horror,9,3,8,,,
confusing ending,9,7,9,,,
conscience,9,8,6,,,
constantly rotating filming,9,1,9,,,
cornetto trilogy,9,2,8,,,
country,9,7,7,,,
country life,9,3,9,,,
crossdressing,9,5,7,,,
crying,9,5,9,,,
cultural authenticity,9,2,9,,,
cultural differences,9,4,8,,,
culture shock,9,4,8,,,
cured by love/hope,9,2,8,,,
daniel brã¼hl,9,5,8,,,
david butler,9,9,1,,,
david twohy,9,6,5,,,
david zucker,9,8,2,,,
dead,9,8,6,,,
dead nazis,9,1,9,,,
debate,9,5,8,,,
dentist,9,6,7,,,
doesn't live up to its full potential,9,4,9,,,
dogma,9,4,8,,,
don't forget to see,9,6,4,,,
doug liman,9,6,5,,,
dragon ball,9,4,6,,,
dramatic irony,9,5,8,,,
dream-like,9,3,9,,,
drew goddard,9,2,8,,,
drowning,9,7,8,,,
drums,9,6,5,,,
dudley moore,9,5,6,,,
dwarves,9,5,7,,,
dystopian future,9,4,9,,,
eastern europe,9,5,8,,,
ecological,9,5,8,,,
ed helms,9,3,9,,,
edward dmytryk,9,9,1,,,
elderly,9,7,8,,,
elle fanning,9,2,8,,,
elvis presley,9,8,2,,,
empty,9,6,9,,,
energy,9,8,6,,,
erich von stroheim,9,7,4,,,
escape from prison,9,5,7,,,
escapism,9,7,7,,,
ex-cop,9,7,6,,,
expose,9,6,5,,,
exquisite plotting.,9,1,9,,,
extremely gory,9,2,9,,,
eye-opening,9,5,6,,,
f. gary gray,9,6,4,,,
fame,9,9,7,,,
family movie,9,5,9,,,
favorite scenes,9,9,1,,,
favourite,9,9,1,,,
fay wray,9,5,5,,,
felicia day,9,2,9,,,
female power,9,3,9,,,
fetish,9,4,6,,,
finance,9,7,6,,,
flat,9,8,5,,,
flick,9,9,1,,,
flight,9,4,8,,,
francis veber,9,7,3,,,
french movie,9,5,8,,,
funny dialogues,9,4,8,,,
gang brawls,9,2,9,,,
gay marriage,9,6,8,,,
gender,9,7,6,,,
generation gap,9,7,7,,,
george lazenby,9,2,7,,,
george marshall,9,9,1,,,
george miller,9,9,1,,,
george sidney,9,9,1,,,
girls,9,8,4,,,
gnosticism,9,5,6,,,
golden harvest,9,8,3,,,
good comedy,9,5,7,,,
good remake,9,4,9,,,
gossip,9,7,6,,,
grainy,9,5,8,,,
grandmother,9,9,2,,,
great anime,9,4,6,,,
green,9,4,8,,,
guardian,9,8,4,,,
gunfights,9,6,8,,,
h.c. potter,9,9,1,,,
hailee steinfeld,9,1,9,,,
happiness,9,7,9,,,
hard science fiction,9,1,9,,,
harper lee,9,3,8,,,
hebrew,9,8,4,,,
herbert ross,9,8,2,,,
high body count,9,7,3,,,
highschool,9,8,7,,,
hitchhiker,9,6,5,,,
hitler,9,7,7,,,
horrible finish,9,2,9,,,
houston,9,7,5,,,
human condition,9,5,6,,,
human trafficking,9,8,7,,,
human versus computer,9,3,8,,,
hungary,9,6,7,,,
illusions,9,2,9,,,
incomprehensible,9,5,6,,,
indoctrination,9,5,7,,,
indonesia,9,5,7,,,
infantil,9,6,7,,,
innocence,9,8,6,,,
innocent,9,9,3,,,
innuendo,9,7,9,,,
inspiring teacher,9,3,9,,,
invention,9,6,6,,,
irritating,9,9,6,,,
jaime pressly,9,2,8,,,
james l. brooks,9,5,4,,,
james marsh,9,6,4,,,
james wan,9,5,6,,,
james woods,9,7,8,,,
jason,9,5,3,,,
jason biggs,9,5,9,,,
jay chou,9,5,8,,,
jesus freaks,9,6,5,,,
jihad,9,7,4,,,
joan crawford,9,7,5,,,
john f. kennedy,9,3,6,,,
john hawkes,9,4,8,,,
john schlesinger,9,9,1,,,
joseph losey,9,8,2,,,
julie taymor,9,3,7,,,
katana,9,4,9,,,
kathleen turner,9,6,8,,,
katottava,9,9,1,,,
king kong,9,7,4,,,
lacks logic,9,2,9,,,
lee van cleef,9,3,7,,,
leelee sobieski,9,7,8,,,
legal,9,6,9,,,
legislation,9,9,1,,,
lena headey,9,4,7,,,
leos carax,9,4,5,,,
library system,9,9,1,,,
living with disability,9,5,6,,,
liza minnelli,9,3,8,,,
lon chaney,9,5,5,,,
louis theroux,9,2,9,,,
love this movie,9,8,4,,,
loyalty vs. betrayal,9,7,4,,,
macbeth,9,2,9,,,
maori,9,3,9,,,
marcel pagnol,9,9,1,,,
mary stuart masterson,9,6,7,,,
matthew macfadyen,9,5,8,,,
mature,9,8,4,,,
mature kids,9,6,4,,,
media politics,9,4,8,,,
medical,9,6,9,,,
meh,9,8,9,,,
men being taught how to woo,9,6,4,,,
mena suvari,9,5,8,,,
mice,9,5,9,,,
michael anderson,9,8,2,,,
michael madsen,9,7,6,,,
michael palin,9,6,6,,,
mindblowing,9,7,8,,,
misanthropic,9,4,8,,,
modern,9,7,8,,,
modernism,9,5,8,,,
monologue,9,7,8,,,
moralistic,9,5,7,,,
mumbai,9,3,7,,,
murder/fatality,9,9,2,,,
netflix dvd,9,9,2,,,
netflix on hold,9,9,1,,,
newspaper theme,9,6,8,,,
nice,9,9,9,,,
no story line,9,7,9,,,
no suspense,9,4,9,,,
noirish,9,6,5,,,
nudity (full - male),9,6,7,,,
nursing home,9,7,4,,,
obnoxious,9,4,9,,,
okay,9,9,7,,,
oliver platt,9,6,9,,,
olivier assayas,9,9,1,,,
one of the worst movies of all time,9,6,7,,,
onesided,9,2,9,,,
original is better,9,8,7,,,
oscar (best art direction - set decoration),9,6,6,,,
oscar (best screenplay),9,6,8,,,
outcast teaches us all a cheesy lesson,9,6,4,,,
paddy considine,9,6,9,,,
paolo sorrentino,9,5,3,,,
parallels worlds,9,2,9,,,
parenting,9,5,8,,,
patrick dempsey,9,4,9,,,
penelope spheeris,9,7,3,,,
persia,9,3,9,,,
pg-13:sci-fi action violence,9,9,2,,,
philip kaufman,9,6,4,,,
philosophical issues,9,1,9,,,
photograph,9,8,3,,,
phylosophycal,9,4,9,,,
pimps,9,7,6,,,
pirate,9,5,7,,,
play adaptation,9,6,6,,,
politicians,9,6,5,,,
poor plot development,9,5,7,,,
popcorn,9,4,9,,,
post-modern,9,7,7,,,
propaganda in disguise,9,7,7,,,
prosthetics,9,9,1,,,
pub,9,5,8,,,
puerto rico,9,5,6,,,
radha mitchell,9,7,9,,,
relatable,9,6,6,,,
religious oppression,9,7,6,,,
revealing,9,7,4,,,
rewatch for rating,9,9,1,,,
richard brooks,9,8,2,,,
ridiculous training sequence,9,7,6,,,
ring,9,9,3,,,
robert z. leonard,9,9,1,,,
rock hudson,9,6,8,,,
roger donaldson,9,8,2,,,
role playing game,9,3,9,,,
romcom,9,6,8,,,
roy william neill,9,9,1,,,
rubbish,9,5,9,,,
sam dunn,9,5,3,,,
sang-soo hong,9,9,1,,,
saturn award (best director),9,9,2,,,
scientist experiments on self,9,4,6,,,
scuba diving,9,5,8,,,
sean bean dies,9,9,2,,,
second half was worse,9,4,7,,,
security guard,9,6,5,,,
sexual content,9,9,2,,,
shailene woodley,9,3,9,,,
shirley maclaine,9,6,7,,,
sibling rivalry,9,3,9,,,
skeletor,9,2,8,,,
snappy dialog,9,3,8,,,
software developers,9,3,9,,,
space battle,9,5,7,,,
spectacle,9,4,9,,,
speilberg,9,8,2,,,
stanley kramer,9,8,2,,,
stereotyped characters,9,5,8,,,
stiller&wilson,9,6,4,,,
stopping time,9,3,8,,,
stuart townsend,9,4,8,,,
stupid twist,9,6,8,,,
sufficiently explodey to be good,9,6,5,,,
superheros,9,5,8,,,
supporting characters,9,8,8,,,
survivalist,9,5,8,,,
sweet and romantic,9,5,8,,,
talia shire,9,5,2,,,
teachers and students,9,8,3,,,
technicolor,9,5,6,,,
teenage pregnancy,9,3,8,,,
television show,9,8,2,,,
terry zwigoff,9,5,5,,,
thandie newton,9,5,8,,,
the plot,9,4,8,,,
theme:lying,9,9,1,,,
therapy,9,4,9,,,
to see: action,9,9,1,,,
todd haynes,9,5,5,,,
todd solondz,9,5,4,,,
tom hooper,9,7,3,,,
tony curtis,9,6,9,,,
too much love interest,9,2,9,,,
too simple plot,9,6,8,,,
top 10 ever,9,7,3,,,
totalitarian states,9,5,6,,,
tragicomedy,9,4,7,,,
twentysomething life,9,7,5,,,
twist downer ending,9,4,7,,,
udo kier,9,8,4,,,
understated charm,9,1,9,,,
unhappy marriage,9,8,3,,,
union,9,6,8,,,
unreal reactions,9,2,8,,,
vacation romances,9,5,6,,,
very dumb,9,1,9,,,
very sad,9,5,9,,,
volcano,9,6,4,,,
wacky,9,7,9,,,
want to see,9,6,9,,,
washed up,9,9,4,,,
weak,9,8,9,,,
weak third act,9,4,7,,,
weapons industry,9,4,7,,,
whiskey,9,8,4,,,
zizek,9,4,8,,,
gross out,8,4,6,476,3.0,0.3469166666666666
06 oscar nominated best movie - animation,8,4,4,,,
16mm,8,6,5,,,
1890s,8,7,4,,,
1984,8,2,8,,,
2015 academy award nomination best picture,8,8,1,,,
7.2-filmaffinity,8,8,1,,,
a classic,8,8,3,,,
accent,8,7,6,,,
acting and story,8,6,6,,,
action right from the start to the very end,8,2,8,,,
adam curtis,8,3,6,,,
adolescent gays,8,1,8,,,
agnosticism,8,3,7,,,
agonizing,8,6,6,,,
airplane crash,8,6,7,,,
alain delon,8,5,6,,,
alex cox,8,4,4,,,
all the best parts are in the trailer,8,2,8,,,
amateur,8,4,7,,,
ambient music,8,2,8,,,
american,8,6,6,,,
amusement park,8,5,5,,,
andy kaufman,8,1,8,,,
animated classic,8,7,4,,,
animated masterpiece,8,2,8,,,
animated segments,8,8,2,,,
animation style,8,2,7,,,
anthony wong chau-sang,8,6,5,,,
antichristian,8,4,6,,,
area 51,8,3,7,,,
armin mueller-stahl,8,6,7,,,
art school,8,4,7,,,
arthur penn,8,7,2,,,
artist mind,8,3,7,,,
asperger's syndrome,8,5,7,,,
audition,8,7,3,,,
authentic,8,7,7,,,
author:jules verne,8,4,4,,,
author:leo tolstoy,8,4,5,,,
available at cml,8,7,2,,,
avant garde,8,4,8,,,
awful awards,8,8,1,,,
bad music,8,7,6,,,
bad screenplay,8,6,7,,,
bahamas,8,5,7,,,
bar brawl,8,7,2,,,
batman (series),8,7,2,,,
bechdel test: pass,8,6,6,,,
bernard herrmann,8,8,2,,,
bernie mac,8,6,7,,,
better than original,8,6,7,,,
bisexuality,8,6,7,,,
bitter ending,8,8,4,,,
bleak atmosphere,8,4,8,,,
blind,8,7,4,,,
blockbuster,8,8,7,,,
blunt existentialism,8,4,5,,,
bodyguard,8,4,8,,,
boobies guns and blood!,8,1,8,,,
brad silberling,8,5,4,,,
brainless,8,7,6,,,
brandon routh,8,5,4,,,
bravery,8,8,8,,,
brett easton ellis,8,3,5,,,
brian cox,8,6,6,,,
broken english,8,3,7,,,
buddhist,8,3,8,,,
bully,8,5,7,,,
burt lancaster,8,7,6,,,
cameo:bruce willis,8,5,4,,,
candice bergen,8,5,7,,,
cannabis,8,5,7,,,
carl reiner,8,8,2,,,
carlos saldanha,8,7,2,,,
cavalry charge,8,6,3,,,
chainsaw,8,5,6,,,
chase scenes,8,4,8,,,
cheech marin,8,6,6,,,
child's perspective,8,3,7,,,
childish naivity,8,1,8,,,
children cartoon,8,4,7,,,
chinese culture,8,4,8,,,
choreography,8,6,8,,,
chris weitz,8,5,4,,,
chuck jones,8,7,2,,,
cinema digital sound,8,8,1,,,
clay animation,8,1,8,,,
cleavage,8,5,6,,,
clever dialogue,8,4,8,,,
composer,8,6,8,,,
confidence game,8,3,7,,,
consciousness,8,6,7,,,
convicts,8,3,7,,,
cool concept,8,4,6,,,
cool design,8,5,4,,,
courtney love,8,4,7,,,
covert operation,8,4,6,,,
coverup,8,5,8,,,
cruel,8,8,8,,,
cute girls,8,3,7,,,
d.w. griffith,8,8,1,,,
dad,8,7,3,,,
dana carvey,8,2,8,,,
deborah kerr,8,4,5,,,
debt collection,8,4,7,,,
decadent,8,7,4,,,
deceit,8,7,6,,,
delivery boy,8,8,3,,,
democracy,8,5,6,,,
depth of emotion,8,1,8,,,
director,8,8,5,,,
disco,8,7,8,,,
discrimination,8,7,7,,,
disgusting scenes,8,6,6,,,
disturbing and moving,8,4,8,,,
drama and commedy,8,3,8,,,
dream within a dream,8,2,7,,,
drug trafficking,8,3,7,,,
dual-hd video,8,8,1,,,
dude comedy,8,3,7,,,
dylan moran,8,6,5,,,
e. m. forster,8,3,6,,,
edgar award (best motion picture screenplay),8,6,3,,,
edith wharton,8,3,5,,,
edward d. wood jr.,8,3,6,,,
egg,8,7,2,,,
ego,8,4,8,,,
el salvador,8,3,5,,,
elevator,8,6,5,,,
eli wallach,8,3,8,,,
elias koteas,8,6,7,,,
ensemble,8,6,8,,,
environmentalism,8,5,8,,,
excellent soundscore,8,6,3,,,
excessive violence,8,7,6,,,
explosion,8,6,8,,,
fabrice luchini,8,8,3,,,
families in crisis,8,7,3,,,
fantasy life,8,7,3,,,
feudal japan,8,3,8,,,
filmed in bc,8,5,4,,,
fred schepisi,8,8,1,,,
freddy krueger,8,4,6,,,
friendship transcending death,8,4,7,,,
frustrating to watch,8,3,7,,,
gang,8,5,8,,,
garry marshall,8,7,5,,,
gay friend,8,6,7,,,
georg wilhelm pabst,8,8,1,,,
gigolo,8,4,8,,,
giovanni ribisi,8,7,6,,,
globalisation,8,6,8,,,
golden globe winner,8,6,5,,,
gonzo,8,3,7,,,
good characters,8,8,8,,,
good direction,8,4,7,,,
good message,8,5,7,,,
good movie,8,8,5,,,
great actors,8,6,8,,,
great characters,8,5,7,,,
great direction,8,6,8,,,
great screenplay,8,3,7,,,
great title,8,8,1,,,
gretchen mol,8,6,6,,,
growth,8,8,4,,,
guy maddin,8,7,2,,,
h. bruce humberstone,8,8,1,,,
hamilton luske,8,7,2,,,
harvard,8,4,6,,,
heroic bloodshed,8,3,6,,,
high society,8,7,6,,,
hinduism,8,6,5,,,
hipster,8,7,7,,,
hirokazu koreeda,8,7,2,,,
historical inaccuracy,8,5,5,,,
hit girl,8,2,8,,,
hobbits,8,5,7,,,
holes60s,8,8,1,,,
homage to hitchcock,8,6,4,,,
homosexual,8,4,8,,,
human relationship,8,4,7,,,
hypertextual,8,7,2,,,
imax 3-d,8,8,1,,,
immortals,8,4,5,,,
implausible plot elements,8,2,7,,,
inappropriate music,8,5,8,,,
incredible 3d,8,1,8,,,
individualism,8,6,7,,,
insulting to women,8,2,8,,,
intelligence,8,6,6,,,
interesting premise,8,3,7,,,
irvine welsh,8,4,5,,,
irving rapper,8,8,1,,,
isabel coixet,8,5,6,,,
israeli/palestinian conflict,8,3,8,,,
jack davenport,8,4,4,,,
jack white,8,2,8,,,
jada pinkett smith,8,6,6,,,
jaden smith,8,3,8,,,
jane lynch,8,3,8,,,
jason isaacs,8,6,5,,,
jason momoa,8,1,8,,,
jay chandrasekhar,8,5,5,,,
jean cocteau,8,4,4,,,
jean-jacques annaud,8,8,1,,,
jean-pierre dardenne,8,7,2,,,
jedi,8,4,6,,,
jenny agutter,8,4,7,,,
jeremy piven,8,5,6,,,
jesse ventura,8,1,8,,,
jessica lange,8,7,8,,,
jim abrahams,8,5,4,,,
jim carey,8,5,7,,,
joe berlinger,8,8,1,,,
john dahl,8,5,3,,,
john g. avildsen,8,7,2,,,
john krasinski,8,5,4,,,
john le carre,8,3,5,,,
john singleton,8,6,4,,,
john williams,8,8,5,,,
joseph fiennes,8,6,7,,,
judge reinhold,8,3,8,,,
julio medem,8,4,2,,,
karel reisz,8,7,2,,,
katso sanna!,8,8,1,,,
ken annakin,8,8,1,,,
ki-duk kim,8,4,6,,,
kids in trouble,8,8,2,,,
king,8,6,6,,,
lack of character depth,8,4,8,,,
lacks substance,8,3,7,,,
lacks tension,8,3,7,,,
laidback,8,1,8,,,
larry charles,8,5,4,,,
lasse hallström,8,8,1,,,
lauren montgomery,8,7,2,,,
lawrence kasdan,8,6,3,,,
lee marvin,8,7,4,,,
legacy,8,7,5,,,
length,8,7,8,,,
lens flares,8,5,7,,,
leslie howard,8,6,6,,,
liberal,8,4,7,,,
life story,8,5,8,,,
linda hamilton,8,3,6,,,
lionel barrymore,8,8,4,,,
loner,8,6,6,,,
losers,8,7,6,,,
losing virginity,8,5,6,,,
luc dardenne,8,7,2,,,
luis bunuel,8,3,5,,,
lukas moodysson,8,4,5,,,
luke skywalker,8,3,5,,,
lust for power,8,4,5,,,
maid,8,8,3,,,
makes no sense,8,4,8,,,
male gaze,8,5,7,,,
man vs nature,8,3,7,,,
manoel de oliveira,8,7,2,,,
mansion,8,7,6,,,
marine corps,8,5,7,,,
mario bava,8,6,3,,,
mario monicelli,8,8,1,,,
marty feldman,8,1,8,,,
matheson,8,8,1,,,
mathieu kassovitz,8,6,5,,,
maureen o'hara,8,5,4,,,
mean-spirited,8,4,8,,,
megalomania,8,3,7,,,
melanie griffith,8,5,8,,,
meta referential,8,2,7,,,
metafilm,8,4,7,,,
michael winslow,8,5,4,,,
michelle yeoh,8,6,8,,,
mick jackson,8,8,1,,,
middle ages,8,6,7,,,
military court,8,5,5,,,
mindless,8,4,7,,,
mischa barton,8,3,7,,,
mise en abyme,8,4,6,,,
missionary,8,6,5,,,
mistery,8,6,8,,,
modern art,8,7,3,,,
montreal,8,6,8,,,
morally counterintuitive,8,6,3,,,
mr. t,8,2,8,,,
music:rock and roll (1960s),8,4,4,,,
musician,8,6,8,,,
nancy meyers,8,4,5,,,
nature vs. civilization,8,6,8,,,
ne,8,8,1,,,
nicholas meyer,8,6,3,,,
nightmare vacations,8,4,5,,,
nikita mikhalkov,8,8,1,,,
no action,8,3,8,,,
no blood,8,1,8,,,
no chemistry,8,7,7,,,
no desire to see this,8,2,8,,,
no payoff,8,2,7,,,
no story,8,6,7,,,
noel coward,8,6,5,,,
nonsense,8,7,7,,,
nora roberts,8,8,1,,,
norman foster,8,8,1,,,
not luc besson,8,1,8,,,
not original,8,4,7,,,
not very funny,8,3,8,,,
obscene,8,8,6,,,
octopus,8,7,7,,,
old fx quality,8,2,8,,,
old men,8,2,8,,,
olivia de havilland,8,6,6,,,
olivia williams,8,4,8,,,
oscar (best art direction),8,3,5,,,
oscar (best costume design),8,5,6,,,
oscar isaac,8,4,8,,,
oscar nominee: art direction,8,8,1,,,
over-the-top action.,8,1,8,,,
overhyped,8,6,5,,,
palme d'or,8,8,7,,,
patient,8,6,4,,,
peru,8,8,5,,,
peter cook,8,8,1,,,
peter ustinov,8,6,8,,,
phil collins,8,2,6,,,
pilot,8,3,8,,,
plain storyline,8,3,6,,,
plot: seven samurai,8,7,2,,,
porn,8,5,8,,,
power,8,7,8,,,
power of music,8,1,8,,,
practical fx,8,7,3,,,
premise,8,7,8,,,
prisoners,8,7,6,,,
private eyes,8,6,2,,,
pro america,8,5,4,,,
pro american,8,6,3,,,
pro-life,8,4,7,,,
procedural,8,3,6,,,
prodigy,8,3,8,,,
prom,8,6,6,,,
protagonist is a computer programmer,8,1,8,,,
protest,8,6,8,,,
purpose in life,8,6,6,,,
puzzle solving,8,3,5,,,
quarantine,8,3,8,,,
quebec,8,6,6,,,
quotable dialogue,8,7,3,,,
r:sexual content,8,7,2,,,
racial stereotype,8,5,7,,,
rain forest,8,4,8,,,
randal kleiser,8,6,2,,,
raoul ruiz,8,8,1,,,
raquel welch,8,6,5,,,
rare books,8,1,8,,,
rated r,8,8,3,,,
ray romano,8,6,5,,,
rebels,8,5,8,,,
recovery,8,6,4,,,
red curtain trilogy,8,3,5,,,
rednecks,8,3,7,,,
reluctant hero,8,4,7,,,
remake of a swedish film,8,2,7,,,
remote location,8,3,7,,,
republicans,8,5,6,,,
resistance,8,8,8,,,
retirement,8,6,7,,,
richard benjamin,8,7,3,,,
richard jenkins,8,4,6,,,
rinko kikuchi,8,2,7,,,
rob cohen,8,6,4,,,
rob lowe,8,5,8,,,
robert deniro,8,4,6,,,
robert heinlein,8,4,5,,,
robert shaw,8,7,4,,,
rock music,8,7,7,,,
roller derby,8,2,7,,,
romance of the three kingdoms,8,3,5,,,
romantic and sweet,8,4,8,,,
rooney mara,8,2,8,,,
ruth gordon,8,5,3,,,
ruutu.fi,8,8,1,,,
sad. again with the dying animated animals,8,3,6,,,
salespeople,8,6,5,,,
salvation,8,5,3,,,
sam taylor,8,8,1,,,
satire:hollywood insiders,8,4,6,,,
saturated,8,5,4,,,
saturn award (best supporting actress),8,7,4,,,
sci-fi. dark,8,5,8,,,
scientist,8,8,6,,,
scientologist,8,2,8,,,
scottish,8,4,8,,,
seasons,8,8,3,,,
seen it before,8,6,5,,,
separation,8,7,7,,,
series:pooh,8,5,4,,,
set:mechanical gearworks,8,3,5,,,
setting:montreal,8,6,3,,,
sexually leaky,8,6,4,,,
sexy female scientist,8,3,5,,,
shannyn sossamon,8,4,7,,,
shaolin,8,8,1,,,
ship,8,6,8,,,
shyamalan,8,5,4,,,
silence,8,7,5,,,
simon west,8,4,4,,,
singularity,8,5,6,,,
small business,8,5,5,,,
snake plissken,8,2,8,,,
snappy banter,8,8,1,,,
social climbing,8,5,4,,,
social drama,8,5,7,,,
somalia,8,3,7,,,
special police forces,8,1,8,,,
sperm donor,8,5,7,,,
spielberg/lucas,8,8,1,,,
spiritual warfare,8,1,8,,,
stellan skarsgard,8,6,7,,,
steve james,8,7,2,,,
steve miner,8,8,1,,,
stockholm,8,7,6,,,
street children,8,5,6,,,
stuttering,8,6,7,,,
subgenre:screwball,8,6,3,,,
success,8,7,8,,,
summer camp,8,6,6,,,
super boring,8,5,4,,,
superb acting,8,5,7,,,
superstition,8,6,8,,,
sustainability,8,4,7,,,
swimming,8,8,2,,,
switzerland,8,6,8,,,
tay garnett,8,8,1,,,
telepathy,8,8,6,,,
theme music,8,2,7,,,
thierry guetta,8,1,8,,,
thomas mccarthy,8,3,6,,,
thong,8,8,1,,,
tia carrere,8,5,7,,,
timur bekmambetov,8,3,7,,,
tobacco,8,2,7,,,
toilet humor,8,4,8,,,
tony shalhoub,8,5,7,,,
too long!,8,5,8,,,
topher grace,8,5,7,,,
topic:aids/hiv,8,3,6,,,
topic:hollywood industry,8,6,3,,,
training montage,8,5,7,,,
treacherous spouses,8,7,2,,,
treachery,8,4,8,,,
trees,8,5,7,,,
trevor howard,8,6,3,,,
truck,8,3,8,,,
two-color technicolor,8,8,1,,,
typography,8,1,8,,,
ufos,8,5,6,,,
ulrich seidl,8,8,1,,,
unanswered questions,8,7,2,,,
unconventional romance,8,8,4,,,
unfaithfulness,8,6,6,,,
unfinished storyline,8,2,8,,,
uninteresting,8,8,8,,,
unlikely criminals,8,7,2,,,
unrealistic therapist,8,1,8,,,
vegas,8,4,8,,,
very long,8,5,8,,,
victorian,8,5,8,,,
vincent sherman,8,8,1,,,
viola davis,8,3,8,,,
vivien leigh,8,5,4,,,
wallace and gromit,8,6,3,,,
walter huston,8,6,5,,,
watergate,8,2,7,,,
weak dialogue,8,3,8,,,
weak screenplay,8,5,8,,,
weak writing,8,2,7,,,
well constructed,8,4,7,,,
well plotted,8,6,4,,,
whiney protagonist,8,4,6,,,
white house,8,6,5,,,
whodunit,8,6,6,,,
william gibson,8,2,6,,,
wishes,8,6,6,,,
without martha,8,8,1,,,
women in jeopardy,8,8,1,,,
women's friendship,8,4,4,,,
women's rights,8,6,7,,,
wonderful,8,8,5,,,
woody allen classic,8,5,6,,,
worth watching,8,5,7,,,
xmas theme?,8,6,4,,,
ziyi zhang,8,5,5,,,
tear-jerker,7,3,7,1011,3.0,0.7691666666666667
03/15,7,7,1,,,
06/09,7,7,1,,,
07/09,7,7,1,,,
12 years in the making,7,1,7,,,
1800s,7,5,7,,,
1980's cult,7,1,7,,,
80s music,7,5,5,,,
adapted from book,7,5,7,,,
adapted from:b'way,7,7,1,,,
adapted from:short story,7,6,2,,,
adapted from:video game,7,2,6,,,
adolescent psychology,7,2,6,,,
aftermath of war,7,5,4,,,
aging disorder,7,2,7,,,
ai,7,6,5,,,
air force,7,7,2,,,
akihiko hirata,7,7,1,,,
al gore,7,1,7,,,
albert dupontel,7,4,3,,,
alberto lattuada,7,7,1,,,
alex pettyfer,7,5,5,,,
alexandre aja,7,3,6,,,
alexandre desplat,7,6,2,,,
alexandre dumas,7,2,6,,,
alien abduction,7,6,6,,,
all-male cast,7,2,6,,,
amazing kung fu,7,3,7,,,
amber heard,7,6,5,,,
ancient rome,7,5,5,,,
andalusia,7,7,1,,,
andrew adamson,7,4,3,,,
angela lansbury,7,5,5,,,
animal,7,4,7,,,
animal rights,7,3,7,,,
animal:horse,7,7,1,,,
anti-intellectualism,7,4,4,,,
appalachia,7,5,7,,,
arabic,7,6,6,,,
arcade,7,3,6,,,
arnold cgi,7,1,7,,,
arthur c. clarke,7,2,6,,,
arthur rankin jr.,7,7,1,,,
asian culture,7,4,7,,,
atlanta,7,5,7,,,
atmospherically beautiful,7,5,7,,,
author:frank herbert,7,3,5,,,
author:ian fleming,7,6,2,,,
author:robert ludlum,7,4,2,,,
author:terry pratchett,7,3,4,,,
avant-garde romantic comedy,7,4,4,,,
awesome martial arts,7,1,7,,,
bad message,7,4,7,,,
bahman ghobadi,7,6,2,,,
barry pepper,7,5,6,,,
based on video game,7,3,7,,,
bathtub,7,7,2,,,
ben barnes,7,3,7,,,
bertrand tavernier,7,7,2,,,
best comedy,7,4,4,,,
best of the series so far,7,4,7,,,
better than everybody thinks,7,3,7,,,
better than the remake,7,5,6,,,
betty thomas,7,6,2,,,
betty white,7,2,7,,,
biblical references,7,2,7,,,
bikers,7,5,7,,,
billy west,7,3,5,,,
bizarre ending,7,1,7,,,
black hole,7,2,7,,,
bland characters,7,4,6,,,
blender,7,4,3,,,
bob clark,7,5,3,,,
bogart & bacall,7,4,4,,,
book is so much better,7,7,4,,,
booze,7,7,1,,,
boss,7,7,2,,,
boys' school,7,3,7,,,
breaks the fourth wall,7,6,4,,,
bridget fonda,7,5,7,,,
bryan forbes,7,7,1,,,
bud abbott,7,7,1,,,
calligraphy,7,7,1,,,
cameo,7,5,5,,,
camera,7,6,7,,,
campbell scott,7,5,5,,,
cards,7,5,5,,,
career,7,5,6,,,
catherine hardwicke,7,4,4,,,
cavemen,7,5,7,,,
cellphone scene,7,7,4,,,
cgi blood,7,3,7,,,
change the world,7,2,7,,,
charlie hunnam,7,2,6,,,
cheesy (good),7,5,6,,,
cheesy ending,7,6,7,,,
child actors,7,3,7,,,
child prodigy,7,4,6,,,
childbirth,7,7,4,,,
cia comedy,7,3,6,,,
cinematographer:dariusz wolski,7,7,1,,,
civilization,7,3,7,,,
clarivoyance,7,3,5,,,
clash of cultures,7,4,6,,,
classism,7,6,4,,,
claude lelouch,7,7,1,,,
claude miller,7,7,1,,,
climbing,7,5,5,,,
clip show,7,2,6,,,
clive barker,7,5,5,,,
coffin,7,6,2,,,
colors,7,7,6,,,
comic movie,7,4,4,,,
communists,7,6,4,,,
con,7,5,5,,,
con artist,7,4,7,,,
conjoined twins,7,6,3,,,
connie nielsen,7,6,7,,,
conrad veidt,7,6,2,,,
corey feldman,7,4,6,,,
corey yuen,7,6,2,,,
creepy good,7,5,6,,,
creepy kid,7,6,7,,,
criminals,7,7,5,,,
critical thinking,7,3,6,,,
crocodile,7,7,5,,,
crusaders,7,5,6,,,
cultural classic,7,6,3,,,
cyberterrorism,7,1,7,,,
dany boon,7,4,3,,,
daryl hannah,7,5,7,,,
david koepp,7,5,4,,,
death wish,7,5,6,,,
debra messing,7,7,4,,,
decapitation,7,6,7,,,
deformity,7,6,4,,,
dehumanization,7,5,6,,,
delbert mann,7,6,2,,,
delightful,7,7,2,,,
delusional,7,3,7,,,
dementia,7,4,7,,,
demon,7,5,6,,,
dermot mulroney,7,4,6,,,
detail,7,3,7,,,
determination,7,3,6,,,
diamonds,7,6,4,,,
dianne wiest,7,5,4,,,
different from book,7,4,7,,,
digital editing,7,2,7,,,
dinosaur,7,3,7,,,
donkey kong,7,1,7,,,
double frame rate,7,1,7,,,
drag,7,5,7,,,
dreyer,7,4,4,,,
dumb blonde,7,3,6,,,
dutch,7,6,5,,,
dvd:alternate endings,7,3,5,,,
dying,7,6,4,,,
easily confused with another title,7,4,7,,,
eastern philosophy,7,3,6,,,
edgar award (best foreign film),7,6,2,,,
edward g. robinson,7,5,6,,,
egyptian mythology,7,3,6,,,
eighties,7,6,6,,,
elliott gould,7,4,5,,,
embarassing scenes,7,3,5,,,
emilie de ravin,7,2,7,,,
emily perkins,7,3,5,,,
emo,7,4,6,,,
emotions,7,5,7,,,
empty scenario,7,3,5,,,
enterprise,7,4,7,,,
entrepreneurs,7,3,7,,,
erotic tension,7,2,7,,,
escape to reality,7,6,2,,,
esp,7,6,4,,,
evangeline lilly,7,3,7,,,
evil computer,7,3,7,,,
evil government,7,4,5,,,
evil spirits,7,6,5,,,
ex-imdb top 250,7,7,1,,,
exchange student,7,4,5,,,
explicit sex scene,7,4,5,,,
expository dialogue,7,4,6,,,
fabulous,7,6,4,,,
face,7,6,3,,,
fairuza balk,7,4,7,,,
false accusation,7,1,7,,,
false identity,7,5,3,,,
family issues,7,3,7,,,
fantastic,7,7,6,,,
fantastical imagery,7,1,7,,,
farm,7,5,5,,,
father figure,7,4,6,,,
female lead,7,6,6,,,
few nice laughs,7,2,7,,,
fight,7,6,6,,,
film within a film,7,4,7,,,
filmifriikki,7,7,1,,,
fishing,7,6,4,,,
flashback overload,7,6,2,,,
flat story,7,2,7,,,
foggy,7,6,3,,,
foolish,7,7,3,,,
formula 1,7,2,7,,,
fran kranz,7,2,6,,,
francesco rosi,7,7,1,,,
freddie highmore,7,6,6,,,
fredric march,7,5,4,,,
frustration,7,3,7,,,
fucked up,7,5,5,,,
full frontal nudity,7,4,7,,,
funny when your 10. less funny when your not.,7,3,7,,,
gadget car,7,6,3,,,
gamera,7,7,1,,,
gary fleder,7,6,2,,,
gay kiss,7,5,3,,,
gay propaganda,7,4,5,,,
gender-bending,7,7,3,,,
genitalia,7,3,5,,,
george bush,7,4,5,,,
gizmo,7,2,6,,,
glorifying violence,7,4,5,,,
good cast,7,5,5,,,
good writing,7,4,7,,,
gorilla,7,7,5,,,
government research,7,6,4,,,
graham chapman,7,4,4,,,
great action,7,6,6,,,
great actions,7,2,7,,,
great score,7,5,7,,,
great villain,7,5,6,,,
great voice acting,7,1,7,,,
guard,7,5,3,,,
guy hamilton,7,7,1,,,
gymnastics,7,3,6,,,
gyrocopter,7,3,5,,,
hair,7,7,4,,,
hairdresser,7,6,3,,,
hannibal lector,7,1,7,,,
harmony korine,7,4,5,,,
harry lachman,7,7,1,,,
hdtv,7,7,1,,,
helsinki,7,5,6,,,
henry selick,7,4,3,,,
high school violence,7,4,6,,,
hipsters,7,4,7,,,
hiroshi inagaki,7,7,1,,,
hiroshi teshigahara,7,6,2,,,
hitmen,7,4,5,,,
hoax,7,3,7,,,
hollow,7,2,7,,,
hollywoodization,7,5,6,,,
homoerotic,7,2,6,,,
honesty,7,5,7,,,
horrible ending,7,5,6,,,
hostage situations,7,4,5,,,
hot ladies,7,4,3,,,
hottie,7,3,7,,,
housekeeper,7,6,5,,,
hulk hogan,7,4,5,,,
husband wife relationship,7,2,7,,,
i laughed continuosly throughout this film,7,1,7,,,
i own this,7,6,2,,,
ian mcewan,7,7,1,,,
illegitimate child,7,6,3,,,
impersonation,7,7,6,,,
inconsistencies,7,5,5,,,
internet archive,7,7,1,,,
interracial marriage,7,3,6,,,
intersecting lives,7,5,4,,,
investor corruption,7,1,7,,,
irvin kershner,7,3,5,,,
it thought it was funny but it wasn't,7,6,2,,,
italian bittersweet romance,7,2,7,,,
j. lee thompson,7,7,1,,,
jack palance,7,7,5,,,
jacqueline bisset,7,5,7,,,
jacques audiard,7,4,4,,,
jan troell,7,6,3,,,
jazz club,7,6,2,,,
jeanne moreau,7,4,4,,,
jenna fischer,7,3,7,,,
jerry zucker,7,4,3,,,
jessica tandy,7,6,5,,,
ji-woon kim,7,4,4,,,
jim sheridan,7,6,2,,,
jingoistic,7,5,6,,,
joan allen,7,4,6,,,
joan fontaine,7,4,6,,,
joe pantoliano,7,5,7,,,
john boorman,7,6,2,,,
john di maggio,7,4,5,,,
john farrow,7,6,2,,,
john hannah,7,5,5,,,
john madden,7,6,2,,,
john pilger,7,7,1,,,
john ritter,7,4,7,,,
jon turteltaub,7,7,1,,,
joseph mccarthy,7,5,4,,,
jukebox,7,4,4,,,
jules bass,7,7,1,,,
kang-ho song,7,4,6,,,
kansas,7,4,6,,,
kazuo mori,7,7,1,,,
kiera knightley,7,3,7,,,
kitchen,7,5,5,,,
knives,7,6,4,,,
koreyoshi kurahara,7,7,1,,,
kuenstlerroman,7,7,1,,,
kyle gass,7,1,7,,,
lacey chabert,7,4,6,,,
larry clark,7,2,6,,,
larry wachkowski,7,5,4,,,
late-career surprise,7,6,2,,,
lea thompson,7,4,5,,,
legal system,7,4,7,,,
light-hearted,7,6,6,,,
lightning,7,7,4,,,
lisa cholodenko,7,4,3,,,
literary,7,7,5,,,
lizzy caplan,7,3,6,,,
logic complexity,7,6,2,,,
long movie,7,6,5,,,
longing,7,7,3,,,
lots of blood,7,3,7,,,
lou costello,7,7,1,,,
louis leterrier,7,5,3,,,
lovers on the lam,7,5,3,,,
lovers reunited,7,7,1,,,
ludacris,7,4,7,,,
lupin iii,7,4,4,,,
lutheran,7,4,5,,,
mad max,7,2,7,,,
maggie grace,7,4,6,,,
magic board game,7,3,4,,,
magic/illusion/mysticism,7,5,4,,,
main character is boring,7,4,5,,,
maine,7,5,5,,,
mamoru oshii,7,6,3,,,
marc webb,7,3,4,,,
marcel carné,7,7,1,,,
mark sandrich,7,7,1,,,
mark twain,7,7,1,,,
martin campbell,7,3,5,,,
mary steenburgen,7,6,5,,,
masked killer,7,4,3,,,
maths,7,3,5,,,
matt reeves,7,3,5,,,
matti kassila,7,7,1,,,
maya deren,7,4,4,,,
mcg,7,3,5,,,
mean,7,4,7,,,
meticulous,7,1,7,,,
mexican,7,3,7,,,
michael biehn,7,5,6,,,
michael caton-jones,7,6,2,,,
michel hazanavicius,7,3,6,,,
mid-life crisis,7,6,6,,,
mind,7,6,7,,,
mind bending,7,5,7,,,
miners,7,5,6,,,
miracles,7,4,7,,,
misanthrope,7,4,6,,,
mockbuster,7,7,1,,,
monarchy,7,3,7,,,
montage,7,7,6,,,
morals,7,7,5,,,
motel,7,4,5,,,
mountain man,7,3,6,,,
movies,7,4,4,,,
multiple short stories in one,7,6,4,,,
muslim,7,5,7,,,
mã©lanie laurent,7,2,7,,,
naomie harris,7,4,7,,,
narcolepsy,7,6,5,,,
nebraska,7,6,5,,,
neill blomkamp,7,3,5,,,
neo nazi,7,1,7,,,
nietzche,7,2,7,,,
ninjas,7,2,6,,,
no tension,7,3,7,,,
non sequitur,7,4,4,,,
nora tschirner,7,4,3,,,
norman mclaren,7,7,1,,,
norman taurog,7,7,1,,,
not enough complicated,7,1,7,,,
not horror,7,5,6,,,
not remotely scary,7,2,6,,,
nudity (nic cage),7,2,6,,,
nun,7,2,7,,,
nuri bilge ceylan,7,7,1,,,
obejrzane,7,7,1,,,
ogres,7,3,6,,,
olympia dukakis,7,5,3,,,
one last heist,7,5,4,,,
one set,7,2,7,,,
one-dimensional characters,7,3,7,,,
oscar (best effects - sound effects editing),7,7,2,,,
out from prison,7,7,1,,,
overdone,7,5,4,,,
overly sentimental,7,6,6,,,
overly simplistic,7,4,6,,,
parker posey,7,4,5,,,
partially black and white,7,7,2,,,
partially photographed in imax,7,6,2,,,
partricia arquette,7,1,7,,,
patriotism,7,5,7,,,
paul haggis,7,4,4,,,
personality change,7,4,7,,,
peter berg,7,7,2,,,
peter falk,7,5,6,,,
peter fonda,7,4,6,,,
peter gabriel music,7,4,4,,,
peter hyams,7,5,2,,,
peter stormare,7,6,7,,,
pg-13:violence,7,7,1,,,
phil karlson,7,7,1,,,
phillip pullman,7,1,7,,,
physical comedy,7,6,6,,,
pink,7,3,7,,,
pink floyd,7,4,7,,,
plausible,7,1,7,,,
playwright:oscar wilde,7,4,3,,,
pleasant,7,5,4,,,
poison,7,7,4,,,
political correctness,7,2,7,,,
poorly thought out ending,7,1,7,,,
pornography's influence,7,4,7,,,
portland,7,4,6,,,
prank,7,7,7,,,
predictable twist,7,1,7,,,
prep school,7,5,4,,,
pretentious garbage about good things,7,6,7,,,
pretty,7,4,7,,,
primitive peoples,7,5,5,,,
prisoners of war,7,4,7,,,
prophecy,7,7,6,,,
protagonist is medical doctor,7,7,1,,,
protagonist is young princess & heir,7,2,6,,,
psychic character,7,5,5,,,
psychological drama,7,6,7,,,
psychology and the nature of reality,7,1,7,,,
pt anderson,7,4,5,,,
puberty,7,7,4,,,
punishment,7,4,6,,,
questioning sexuality,7,1,7,,,
r:sexuality,7,7,1,,,
race relations,7,4,5,,,
racial stereotypes,7,7,4,,,
ralph richardson,7,7,3,,,
ransom,7,5,7,,,
rape scene,7,6,7,,,
rashida jones,7,2,7,,,
ray charles,7,2,7,,,
realistic sci/fi,7,2,7,,,
really funny,7,5,5,,,
refreshing,7,7,6,,,
regret,7,7,6,,,
rehabilitation,7,6,6,,,
related:dr. jekyll and mr. hyde,7,7,1,,,
relationship,7,6,7,,,
religion:xian,7,7,1,,,
remote control,7,4,5,,,
rene russo,7,4,7,,,
rented,7,7,1,,,
resilience,7,3,6,,,
rewrite history,7,1,7,,,
rich people,7,4,5,,,
richard basehart,7,6,2,,,
robert stevenson,7,7,1,,,
rod steiger,7,4,5,,,
roger michell,7,6,2,,,
rolf de heer,7,6,3,,,
romero,7,3,6,,,
ron clements,7,6,2,,,
rugby,7,2,7,,,
rupert friend,7,2,6,,,
russell mulcahy,7,6,2,,,
rza,7,2,7,,,
sad but much good,7,3,7,,,
sammo hung kam-bo,7,6,3,,,
samuel l.jackson,7,4,3,,,
sardonic,7,6,5,,,
saudi arabia,7,3,6,,,
scheme,7,3,7,,,
science is magic,7,2,7,,,
scouting,7,2,7,,,
seamless impersonation of a historical figure,7,5,3,,,
secret gov't agency works with and hides aliens,7,5,2,,,
self-destruction,7,1,7,,,
self-important,7,5,6,,,
self-mocking,7,2,7,,,
senseless,7,4,7,,,
sequel bait,7,1,7,,,
sequel fever,7,7,4,,,
sergio corbucci,7,7,1,,,
series:james bond,7,5,3,,,
servants and employers,7,7,2,,,
setting:asylum,7,2,6,,,
setting:chicago,7,7,3,,,
setting:in computer,7,5,3,,,
seventies,7,3,7,,,
sex addict,7,2,7,,,
sexual identity,7,2,7,,,
sexy redhead,7,1,7,,,
sharlto copley,7,4,7,,,
shawn levy,7,5,2,,,
sheep,7,5,4,,,
sheriffs and outlaws,7,5,4,,,
shintaro katsu,7,7,1,,,
shocking ending,7,3,7,,,
shôhei imamura,7,7,1,,,
sickening,7,5,7,,,
sidney franklin,7,7,1,,,
signs,7,1,7,,,
silent film,7,3,7,,,
sinbad,7,6,4,,,
skyscraper,7,3,7,,,
snoop dogg,7,5,7,,,
snuff,7,5,7,,,
social angst,7,3,5,,,
social conflicts,7,3,5,,,
social network,7,1,7,,,
songwriting,7,1,7,,,
south korea,7,6,5,,,
south park,7,3,7,,,
sport,7,4,7,,,
sport:basketball,7,6,2,,,
sports competition,7,5,4,,,
stageplay,7,7,1,,,
stapler,7,1,7,,,
stealing,7,6,4,,,
stephen daldry,7,4,3,,,
sting,7,4,7,,,
stockard channing,7,6,6,,,
stupid characters,7,7,7,,,
subculture,7,7,5,,,
subgenre:police procedural,7,7,1,,,
superficial plot,7,2,7,,,
sure thing,7,5,7,,,
sushi,7,1,7,,,
tacky,7,5,5,,,
tag,7,6,4,,,
tale:jekyll&hyde,7,7,1,,,
talent,7,6,6,,,
talking dog,7,2,7,,,
taylor lautner,7,3,7,,,
te kijken,7,6,2,,,
tea,7,5,4,,,
teaching,7,6,4,,,
techno,7,3,7,,,
technobabble,7,2,7,,,
ted danson,7,6,4,,,
teenage,7,5,4,,,
telly savalas,7,4,7,,,
terence fisher,7,4,3,,,
terrible adaptation,7,6,4,,,
terrific cast,7,6,3,,,
the end,7,4,7,,,
thor,7,2,7,,,
though provoking,7,3,6,,,
tigers,7,4,7,,,
to see: cult classic,7,7,1,,,
to see: horror/comedy,7,7,1,,,
tod browning,7,4,4,,,
tolkein,7,5,4,,,
tom berenger,7,5,6,,,
tom felton,7,3,5,,,
tom mcgrath,7,5,3,,,
tomboy,7,4,6,,,
tommy wiseau,7,1,7,,,
too much,7,5,6,,,
too much religion,7,2,7,,,
toronto,7,6,5,,,
toronto film festival winner,7,7,1,,,
tracy morgan,7,2,6,,,
tragic hero,7,2,7,,,
traveling,7,5,6,,,
tropical,7,4,5,,,
tv movie,7,7,6,,,
twins/inter-related lives,7,5,3,,,
two hours of suck,7,3,5,,,
u.s. army,7,2,7,,,
ugly main character,7,2,6,,,
ultra panavision 70,7,7,1,,,
unbelievable characters,7,3,7,,,
undercover,7,5,7,,,
underdeveloped characters,7,5,5,,,
undressing,7,6,2,,,
unjustified twists,7,2,7,,,
unrealistic ending,7,4,7,,,
unusual editing,7,1,7,,,
urban violence,7,1,7,,,
useless,7,7,4,,,
vegetarians,7,4,7,,,
very boring,7,4,7,,,
very moving,7,5,7,,,
video game testers,7,1,7,,,
videotape,7,4,6,,,
vietnam war veteran,7,5,5,,,
visual style,7,3,7,,,
vivian leigh,7,2,6,,,
volkswagen,7,6,4,,,
vomit,7,7,6,,,
walter salles,7,4,3,,,
war crimes,7,7,6,,,
war hero,7,4,7,,,
watched it for the boobs,7,2,6,,,
wayne knight,7,3,5,,,
weather reporter as protagonist,7,4,3,,,
weird ending,7,4,7,,,
well written,7,5,7,,,
wheelchair badass,7,3,5,,,
why we fight series,7,7,1,,,
widower,7,6,5,,,
wierd,7,5,7,,,
william a. seiter,7,7,1,,,
wing chun,7,2,7,,,
without romance,7,1,7,,,
witty dialogue,7,6,7,,,
witty!,7,6,5,,,
women disguised as men,7,4,5,,,
workaholic,7,4,7,,,
worse than the book,7,6,6,,,
wotan wilke mã¶hring,7,7,1,,,
yuppies,7,3,7,,,
zim,7,7,1,,,
zoltan korda,7,5,3,,,
álex de la iglesia,7,7,1,,,
fairy-tale,6,3,5,371,3.0,0.991
cross-dressing,6,3,4,271,3.0,0.9740833333333333
black-and-white,6,2,6,140,2.0,0.7715000000000001
04/10,6,6,1,,,
05/09,6,6,1,,,
11 year old explicit violence,6,1,6,,,
12th century,6,5,3,,,
1980's,6,4,6,,,
2015 academy award nomination best actor,6,5,2,,,
2015 academy award nomination best actor supporting role,6,5,2,,,
60's,6,4,6,,,
80s soundtrack,6,1,6,,,
90s club culture,6,1,6,,,
_jur,6,6,1,,,
a must see,6,4,3,,,
aamir khan,6,3,6,,,
abe,6,6,1,,,
about rich people without real problems,6,1,6,,,
accurate,6,6,4,,,
acrobat,6,5,4,,,
action choreography,6,2,6,,,
action scenes,6,5,6,,,
adorable,6,4,6,,,
afi 10 (courtroom drama),6,6,1,,,
agnès varda,6,6,1,,,
alan cumming,6,5,6,,,
albino,6,2,5,,,
alejandro gonzã¡lez iã±ã¡rritu,6,4,5,,,
aleksandr sokurov,6,6,1,,,
alexander mackendrick,6,5,2,,,
alexander siddig,6,3,6,,,
alfonso cuarón,6,6,1,,,
alfred e. green,6,5,2,,,
alice braga,6,4,6,,,
alicia witt,6,4,6,,,
allan dwan,6,6,1,,,
amateur porn,6,1,6,,,
anachronism,6,5,3,,,
andre the giant,6,1,6,,,
andrew dice clay,6,2,6,,,
andrew niccol,6,5,3,,,
anglo-indian relations,6,4,3,,,
anh hung tran,6,4,2,,,
animal horror,6,4,4,,,
animals talking,6,3,5,,,
animation & live action interact (scene),6,3,4,,,
annoying soundtrack,6,6,6,,,
anthropology,6,5,6,,,
apocolyptic,6,1,6,,,
arabian nights,6,5,2,,,
ari,6,6,1,,,
armie hammer,6,2,6,,,
aronofski,6,2,6,,,
art student as protagonist,6,1,6,,,
asia argento,6,3,5,,,
assembly line,6,5,4,,,
atrocity,6,5,3,,,
audrey tatou,6,4,4,,,
author:edgar rice burroughs,6,2,5,,,
author:ernest hemingway,6,5,2,,,
author:henry james,6,5,3,,,
author:john irving,6,4,3,,,
author:john le carre,6,5,2,,,
author:john steinbeck,6,5,2,,,
author:lewis carroll,6,3,4,,,
available dvd,6,6,1,,,
avatar trilogy,6,1,6,,,
awesome zombie flick,6,2,5,,,
awful truth,6,3,4,,,
awkward situations,6,3,5,,,
axel foley,6,1,6,,,
b movie,6,4,5,,,
bad accents,6,5,6,,,
bad dub,6,6,5,,,
bad for history-sense,6,1,6,,,
bad technology,6,6,1,,,
baffling,6,2,5,,,
bakery,6,3,5,,,
banter,6,5,6,,,
beautifully shot,6,1,6,,,
beauty and the beast,6,2,6,,,
bees,6,3,6,,,
beloved character dies pointlessly,6,6,1,,,
best christmas movie,6,2,6,,,
bitter,6,4,6,,,
bjork,6,2,6,,,
black & white,6,6,4,,,
black market,6,4,5,,,
blue indians in space,6,1,6,,,
body/gender-switch,6,4,6,,,
bodybuilding,6,2,4,,,
bogart,6,5,5,,,
bohemian life,6,5,3,,,
bonneville salt flats,6,1,6,,,
bookshop,6,2,6,,,
bootlegging,6,4,5,,,
bope,6,1,6,,,
bordering on girly,6,1,6,,,
boring script,6,2,6,,,
boxing story,6,1,6,,,
breaking glass,6,4,3,,,
breast implants,6,2,6,,,
breasts,6,5,6,,,
british accents,6,6,2,,,
british humor,6,3,6,,,
bromantic comedy,6,2,6,,,
brother sister relationship,6,4,5,,,
budd boetticher,6,6,1,,,
burlesque,6,3,6,,,
burn victim,6,6,2,,,
burton,6,4,6,,,
byron haskin,6,4,3,,,
béla tarr,6,6,1,,,
camping trip,6,4,6,,,
candy,6,2,5,,,
captain hammer,6,1,6,,,
car crash,6,6,5,,,
cello,6,2,6,,,
cemetary,6,5,5,,,
changing species,6,1,6,,,
chantal akerman,6,6,1,,,
chaotic,6,4,6,,,
character drama,6,3,6,,,
character:freddy krueger,6,6,1,,,
characters with individual goals,6,1,6,,,
charles vidor,6,6,1,,,
charles walters,6,6,1,,,
cheating wife,6,4,4,,,
cheesy morals,6,2,6,,,
cheh chang,6,5,2,,,
chick movie,6,3,6,,,
chickflick,6,1,6,,,
child soldiers,6,5,4,,,
childhood classic,6,5,4,,,
childhood classic first seen in adulthood,6,3,4,,,
childhood flashback,6,5,5,,,
childhood recaptured,6,3,4,,,
chilling,6,5,6,,,
chris miller,6,4,3,,,
chris o'donnell,6,4,5,,,
chris sanders,6,3,3,,,
christoper nolan,6,1,6,,,
class society,6,5,3,,,
claude autant-lara,6,6,1,,,
clint mansell,6,3,4,,,
coal miners,6,5,5,,,
collage,6,5,4,,,
colombia,6,3,4,,,
comeback,6,2,6,,,
comedy for kids,6,4,5,,,
comet,6,3,5,,,
comic book feel,6,4,5,,,
company,6,4,6,,,
compassion,6,6,3,,,
condescending,6,6,5,,,
conformity,6,4,6,,,
connection,6,3,5,,,
cool gadgets,6,1,6,,,
corporate,6,5,3,,,
counterculture,6,5,5,,,
courtroom setting,6,4,3,,,
crazy people,6,3,6,,,
creative block,6,6,1,,,
crime family,6,4,6,,,
criminal mastermind,6,4,3,,,
cult horror,6,5,4,,,
cynical protangonist,6,3,5,,,
czech,6,4,6,,,
czechoslovak new wave,6,6,1,,,
cédric klapisch,6,6,1,,,
dana andrews,6,4,3,,,
dark fairy tale,6,1,6,,,
david caruso,6,2,6,,,
david hewlett,6,4,6,,,
dax shepard,6,4,5,,,
dean deblois,6,4,3,,,
death scenes,6,4,5,,,
debra winger,6,5,5,,,
deception to win wager,6,4,3,,,
deconstructive,6,5,3,,,
definite chick flick,6,1,6,,,
delorean,6,2,5,,,
denis leary,6,4,6,,,
deserted island,6,4,4,,,
deutsch,6,4,4,,,
didn't see,6,6,2,,,
different perspectives,6,2,6,,,
different view,6,6,1,,,
director's cut is better,6,5,5,,,
disappointment,6,3,5,,,
discovery,6,5,6,,,
disfunctional family,6,3,6,,,
do people really have 2 pay 10 bucks to see how cruel we are to each other? try getting married!,6,4,4,,,
doesn't make sense,6,4,5,,,
doesn't take itself seriously,6,2,6,,,
dolly parton,6,4,3,,,
domineering mother,6,5,2,,,
don ameche,6,3,6,,,
don johnson,6,3,6,,,
don knotts,6,5,3,,,
dumb dystopia,6,2,6,,,
dumb ending,6,3,5,,,
dusan makavejev,6,5,2,,,
eco,6,2,6,,,
eco-horror,6,6,1,,,
economic depression,6,6,3,,,
eddie griffin,6,4,6,,,
edge of your seat,6,2,6,,,
edinburgh,6,3,6,,,
edward sedgwick,6,6,1,,,
egomaniacs,6,2,6,,,
elder care,6,1,6,,,
elem klimov,6,6,1,,,
elizabeth perkins,6,6,3,,,
elizabethan,6,4,3,,,
ellen burstyn,6,4,6,,,
emmanuelle seigner,6,2,6,,,
emotionally captivating,6,1,6,,,
ending lame,6,6,6,,,
erection,6,5,4,,,
eric darnell,6,5,2,,,
ernest b. schoedsack,6,6,1,,,
ertem egilmez,6,6,1,,,
esoteric plotlines,6,4,3,,,
estrangeinro,6,6,1,,,
ethical,6,4,5,,,
evangelical christian trash,6,5,2,,,
even-numbered st movie,6,6,1,,,
excellent animation,6,2,6,,,
excellent historical depiction,6,1,6,,,
expected more,6,6,4,,,
explodeytime,6,5,2,,,
extortion,6,5,5,,,
facades,6,6,1,,,
fall from power,6,3,4,,,
fallen angel,6,3,6,,,
families,6,5,4,,,
farrah fawcett,6,3,6,,,
fast-paced dialogue,6,1,6,,,
felicity jones,6,2,6,,,
ferrari,6,1,6,,,
fights,6,4,5,,,
filmclub,6,6,1,,,
first person movie,6,4,6,,,
flash forward,6,3,5,,,
flood,6,4,4,,,
folklore,6,4,6,,,
framed,6,4,6,,,
franchise beaten to death,6,6,1,,,
frank perry,6,6,1,,,
françois ozon,6,6,1,,,
fred c. newmeyer,6,6,1,,,
free running,6,2,5,,,
french comedy,6,6,2,,,
full characters,6,4,3,,,
funny scenes,6,2,6,,,
gabourey sidibe,6,2,5,,,
gary cole,6,3,6,,,
gary dourdan,6,6,1,,,
gaspard ulliel,6,3,4,,,
gender disguise,6,4,3,,,
general motors,6,2,5,,,
genre mix,6,5,4,,,
george seaton,6,6,1,,,
george w. bush,6,5,5,,,
gets better as it goes,6,3,5,,,
golden bear (best film),6,3,4,,,
good adaptation of the book,6,4,6,,,
good documentary,6,2,5,,,
good score,6,4,3,,,
good thriller,6,5,3,,,
gore vidal,6,5,3,,,
gory fun,6,1,6,,,
government agencies,6,5,4,,,
graduation,6,5,5,,,
great animation,6,3,6,,,
great chase scenes,6,3,5,,,
great editing,6,5,4,,,
great lines,6,3,6,,,
greenland,6,1,6,,,
greg mottola,6,5,2,,,
gregory hoblit,6,6,1,,,
grocery store,6,4,6,,,
groucho marx,6,2,6,,,
guerra,6,5,2,,,
gwenth paltrow,6,3,5,,,
halloween movie,6,6,2,,,
halloween theme,6,2,5,,,
hallucinations,6,3,5,,,
hans petter moland,6,6,1,,,
harlin,6,5,4,,,
harry connick jr.,6,4,6,,,
hayley atwell,6,2,6,,,
hayley mills,6,4,3,,,
hd,6,5,3,,,
head through glass,6,4,3,,,
heart of darkness,6,3,4,,,
heart problems,6,5,4,,,
heart ripped out,6,5,3,,,
henry james,6,3,4,,,
henry rollins,6,2,6,,,
henry winkler,6,5,4,,,
herbie the love bug (series),6,5,2,,,
high brow stupidity,6,1,6,,,
hilarious!! :d,6,3,6,,,
hillbillies,6,4,6,,,
historic,6,5,6,,,
hit and run,6,5,6,,,
hitchcockian,6,4,6,,,
homosexual theme,6,2,5,,,
hoodoo,6,2,6,,,
hostages,6,5,5,,,
howard deutch,6,6,2,,,
howard hughes,6,2,6,,,
human rights,6,5,6,,,
humanlike robots,6,4,3,,,
humorless,6,3,6,,,
hurricane,6,5,4,,,
i am legend,6,3,4,,,
ian mcshane,6,4,5,,,
ice cream,6,5,3,,,
ice hockey,6,4,6,,,
ida lupino,6,5,3,,,
idiot plot,6,5,2,,,
ihq,6,6,1,,,
illness,6,6,5,,,
imhotep,6,1,6,,,
impossible science,6,1,6,,,
imprisonment,6,4,6,,,
improvisation,6,6,6,,,
inconsistent with other movies,6,1,6,,,
independent,6,5,6,,,
industrial light and magic,6,6,1,,,
informatics,6,2,6,,,
inquisition,6,3,6,,,
insanely hot actress,6,6,1,,,
inspiration for life,6,4,3,,,
insularity,6,6,1,,,
insulting,6,4,5,,,
insulting to persians,6,2,5,,,
interesting ideea,6,1,6,,,
interpretable,6,5,3,,,
ioan gruffudd,6,2,6,,,
iowa,6,6,4,,,
iranian,6,5,6,,,
irish americans,6,5,5,,,
irving cummings,6,6,1,,,
iwo jima,6,1,6,,,
jack gold,6,6,1,,,
jack kinney,6,6,1,,,
jackass,6,3,5,,,
jacques demy,6,6,1,,,
james algar,6,6,1,,,
james caviezel,6,4,6,,,
james garner,6,5,4,,,
janet leigh,6,4,5,,,
jared hess,6,4,2,,,
jason alexander,6,3,5,,,
jason robards,6,4,6,,,
jason sudeikis,6,2,6,,,
jay oliva,6,6,1,,,
jcl to buy,6,6,1,,,
jeffrey dean morgan,6,3,6,,,
jensen ackles,6,2,5,,,
jerome bixby,6,3,4,,,
jeunet,6,5,2,,,
jim caviezel,6,5,5,,,
jj abrams,6,1,6,,,
joan micklin silver,6,5,2,,,
john badham,6,6,1,,,
john crowley,6,4,3,,,
john mills,6,4,5,,,
john moffitt,6,6,1,,,
jonathan pryce,6,5,5,,,
joseph conrad,6,5,2,,,
joseph cross,6,3,6,,,
judd nelson,6,4,6,,,
judy greer,6,4,6,,,
juno temple,6,4,6,,,
justin bartha,6,4,4,,,
kate bosworth,6,4,5,,,
keanu reaves,6,2,6,,,
kelly reichardt,6,4,3,,,
kevin macdonald,6,5,2,,,
kevin pollak,6,4,5,,,
kimiyoshi yasuda,6,6,1,,,
kindness,6,5,6,,,
king ghidorah,6,5,2,,,
knoll,6,5,3,,,
kolmasulottuvuus.fi,6,6,1,,,
kon ichikawa,6,5,2,,,
kung-fu,6,3,6,,,
kurt vonnegut,6,5,2,,,
kôji yakusho,6,6,1,,,
lack of character development,6,3,6,,,
lame sequel,6,3,6,,,
lara flynn boyle,6,4,6,,,
laser maze room (in a comedy),6,3,4,,,
leo tolstoy,6,5,2,,,
lesbians hiding their identities,6,4,4,,,
life changing,6,4,6,,,
lighting,6,6,5,,,
lily cole,6,1,6,,,
lily tomlin,6,4,6,,,
linda fiorentino,6,5,6,,,
lindsay anderson,6,4,2,,,
lion,6,3,5,,,
list j,6,6,1,,,
lives of women,6,5,2,,,
liz garbus,6,6,1,,,
loose ends,6,5,5,,,
lord of the rings,6,4,4,,,
lori petty,6,1,6,,,
loss of child,6,5,5,,,
loud,6,4,6,,,
love of music,6,1,6,,,
love/hate,6,2,6,,,
low-brow,6,4,5,,,
lucid dreaming,6,5,6,,,
machines,6,5,5,,,
magician,6,5,5,,,
mainstream,6,6,4,,,
majid majidi,6,6,1,,,
major recutting,6,6,1,,,
male models,6,1,6,,,
mamet,6,4,5,,,
man vs. beast,6,2,5,,,
mandy patinkin,6,3,6,,,
many interviews,6,4,4,,,
marcia gay harden,6,4,5,,,
mark robson,6,6,2,,,
maryland,6,6,3,,,
mass murder/terrorism,6,6,3,,,
massachusetts institute of technology,6,2,6,,,
massacred the book,6,5,2,,,
mclovin,6,1,6,,,
medications,6,2,6,,,
mekhi phifer,6,6,3,,,
melbourne,6,5,6,,,
mental imbalance,6,5,5,,,
merchant-ivory,6,4,3,,,
merlin,6,3,6,,,
mexico city,6,4,4,,,
michael c. hall,6,3,6,,,
michael giacchino,6,5,2,,,
michael vartan,6,4,3,,,
michael winner,6,6,1,,,
mickey rooney,6,5,4,,,
miklós jancsó,6,6,1,,,
military recruits/training,6,6,1,,,
mini-series,6,6,3,,,
miniature sets,6,2,5,,,
mira nair,6,5,2,,,
mira sorvino,6,4,6,,,
miranda richardson,6,6,5,,,
misinformation,6,2,6,,,
misunderstandings,6,4,5,,,
modern music,6,1,6,,,
molly shannon,6,5,5,,,
mood,6,5,4,,,
moral,6,4,6,,,
moral dilemma,6,5,6,,,
moronic,6,4,6,,,
mosfilm,6,4,3,,,
mostly about a single day,6,5,2,,,
motown,6,3,5,,,
movie within a movie,6,2,5,,,
mt,6,6,1,,,
multicultural,6,3,6,,,
multilayered,6,1,6,,,
multiple personality disorder,6,3,3,,,
multiple viewings,6,6,1,,,
mumblecore,6,5,6,,,
murderer,6,3,6,,,
music:rock and roll (the beatles),6,3,3,,,
must show,6,5,2,,,
mysterious,6,6,6,,,
mysterious parcel,6,6,1,,,
napoleanic war,6,6,1,,,
narcissism,6,5,5,,,
nastassja kinski,6,5,5,,,
native american,6,5,5,,,
navy seals,6,4,6,,,
neal patrick harris,6,1,6,,,
needles,6,4,4,,,
neil labute,6,4,3,,,
neorealism,6,3,6,,,
nerds kicking butt,6,1,6,,,
new age,6,4,6,,,
new french extremity,6,4,3,,,
newlyweds,6,5,2,,,
nicole holofcener,6,5,2,,,
niels arestrup,6,4,4,,,
nightmare,6,5,4,,,
no character depth,6,3,5,,,
no plot at al,6,2,6,,,
non-fiction,6,3,4,,,
non-verbal,6,1,6,,,
norman reedus,6,2,6,,,
north korea,6,5,5,,,
not as good as the original,6,3,6,,,
not bad,6,6,5,,,
not directed by steven spielberg,6,1,6,,,
not enough monster action,6,2,5,,,
not happy ending,6,2,5,,,
novelist as protagonist,6,4,3,,,
nuanced,6,2,6,,,
obscenity,6,3,4,,,
occupation,6,6,4,,,
odd-numbered st movie,6,6,1,,,
oded fehr,6,3,5,,,
oh my goood!,6,1,6,,,
oklahoma,6,5,5,,,
older man younger woman,6,5,5,,,
oldschoolish,6,3,5,,,
one dimensional characters except for affleck. ending trite.,6,1,6,,,
organ donor,6,2,6,,,
orgasm,6,6,2,,,
original good;sequel sucked,6,3,6,,,
orphan,6,6,5,,,
oscar (best sound editing),6,5,4,,,
otherness,6,6,3,,,
out of order,6,3,6,,,
outsiders,6,6,5,,,
overcoming obstacles,6,5,5,,,
owls,6,2,6,,,
oxford,6,5,6,,,
oz,6,5,5,,,
p.t. anderson,6,4,3,,,
panda,6,2,6,,,
pandemic,6,2,6,,,
pandering,6,5,5,,,
parliament,6,3,5,,,
pelicula anime,6,6,1,,,
penãƒâ©lope cruz,6,4,6,,,
perfect crime,6,4,3,,,
perverted,6,4,5,,,
pete postlethwaite,6,6,4,,,
peter finch,6,3,6,,,
peter macnicol,6,3,6,,,
peter watkins,6,6,1,,,
peter weller,6,3,6,,,
peter yates,6,6,2,,,
pg-13:some sexual material,6,6,1,,,
philip k. dick (uncredited),6,2,5,,,
physics fail,6,6,2,,,
pigeons,6,3,4,,,
playful,6,3,6,,,
plot wending,6,1,6,,,
pocahontas,6,1,6,,,
poe,6,1,6,,,
pollution,6,5,4,,,
pooh,6,3,3,,,
poorly realized,6,3,5,,,
pop culture,6,5,6,,,
porno industry,6,1,6,,,
post wwii,6,4,5,,,
post-punk soundtrack,6,6,2,,,
predictable plot,6,3,5,,,
pregnant man,6,1,6,,,
prime minister,6,4,5,,,
production design,6,5,6,,,
prophetic,6,5,5,,,
protagonist is actor,6,6,1,,,
psychodrama,6,3,6,,,
psychotic tendencies,6,1,6,,,
pursuing a dream,6,2,6,,,
pychologically thrilling,6,3,6,,,
quinten tarantino,6,2,6,,,
quirky good,6,3,6,,,
quirky style,6,3,5,,,
quotes,6,4,6,,,
r:some sexual content,6,6,1,,,
r:strong graphic battles,6,2,5,,,
r:strong language,6,6,1,,,
radical politics,6,5,2,,,
raja gosnell,6,5,3,,,
ralph nelson,6,6,1,,,
ramen,6,1,6,,,
ramin bahrani,6,5,2,,,
rape culture,6,2,5,,,
raul julia,6,5,5,,,
ray stevenson,6,3,6,,,
read the book,6,5,2,,,
ready for sequel,6,3,4,,,
realistic tough female,6,5,2,,,
reality check,6,4,4,,,
red,6,6,3,,,
red herring,6,2,6,,,
reggae,6,3,6,,,
rené clément,6,6,1,,,
repeat watch,6,4,4,,,
repetition,6,3,5,,,
required in high school in 1997,6,6,1,,,
research,6,6,4,,,
resurrection,6,6,6,,,
retro-futuristic,6,6,5,,,
revenge as motive,6,6,4,,,
rex harrison,6,5,6,,,
rian johnson,6,3,4,,,
ricardo montalban,6,4,4,,,
rise to power,6,5,5,,,
rob marshall,6,4,3,,,
robert day,6,6,1,,,
robert j. flaherty,6,6,1,,,
robotic exoskeleton,6,5,2,,,
rocket,6,3,6,,,
rodan,6,6,1,,,
roger spottiswoode,6,6,1,,,
romain duris,6,3,5,,,
ron jeremy,6,4,4,,,
ronny yu,6,5,3,,,
room-mate from hell,6,3,5,,,
rosanna arquette,6,4,6,,,
rosie o'donnell,6,5,5,,,
rough humor,6,2,6,,,
royal pretends to be commoner,6,3,4,,,
ruins,6,5,6,,,
salt lake city,6,2,6,,,
salvador dali,6,3,6,,,
sam liu,6,6,1,,,
samantha morton,6,3,5,,,
samuel l jackson,6,2,6,,,
sandra bernhard,6,2,6,,,
satanic cult,6,4,6,,,
saturn award (best makeup),6,5,2,,,
saturn award (best performance by a younger actor),6,5,4,,,
sauna,6,3,4,,,
scams,6,5,5,,,
scarlet johannson,6,1,6,,,
schizophrenic,6,3,6,,,
schwarzenegger,6,3,4,,,
science project,6,2,6,,,
scientific errors,6,3,6,,,
scorsese,6,6,5,,,
sean young,6,4,6,,,
search and rescue,6,2,6,,,
seclusion,6,3,5,,,
seen part of,6,6,1,,,
self indulgent,6,4,5,,,
senior citizens,6,2,6,,,
sentient machine,6,3,3,,,
sergei parajanov,6,4,3,,,
sets,6,3,6,,,
setting:diner,6,3,4,,,
setting:england,6,5,2,,,
setting:library,6,6,2,,,
setting:train,6,4,3,,,
sexism and stupidity,6,2,5,,,
sexual exploitation,6,2,6,,,
sexual tension,6,4,6,,,
sheep zombies,6,1,6,,,
shepard fairey,6,1,6,,,
shower scene,6,5,4,,,
significant character in a wheelchair,6,6,1,,,
sigur ros,6,3,6,,,
singer,6,6,4,,,
sir john candy,6,4,3,,,
sitcom,6,4,5,,,
skinheads,6,4,4,,,
slave trade,6,5,3,,,
slice of life,6,5,6,,,
slow moving,6,4,6,,,
small towns,6,3,6,,,
smart kids,6,4,3,,,
smart writing,6,3,6,,,
snake,6,6,4,,,
snl,6,4,5,,,
social segregation,6,1,6,,,
sociology,6,3,6,,,
some good moments,6,3,6,,,
sony pictures animation,6,6,1,,,
souls,6,3,6,,,
space western,6,3,6,,,
spaceship,6,4,5,,,
spooky,6,3,5,,,
spy on the run,6,4,3,,,
spy team,6,2,6,,,
stallone,6,5,6,,,
starting over,6,6,4,,,
stellan skarsgã¥rd,6,4,6,,,
stepfather,6,5,5,,,
stereotypical,6,2,6,,,
steve carr,6,5,2,,,
steve rash,6,6,1,,,
steven brill,6,4,2,,,
stilted,6,6,4,,,
strength through music,6,3,4,,,
striptease,6,3,6,,,
strong female characters,6,5,6,,,
subgenre:sword and sandal,6,5,2,,,
subordination,6,3,4,,,
success is the best revenge,6,4,3,,,
sucks big time!,6,5,4,,,
suspensful,6,5,4,,,
svcd,6,6,1,,,
sword,6,5,4,,,
sympathetic characters,6,6,5,,,
sympathetic villain,6,1,6,,,
tango,6,6,4,,,
tarkovsky,6,4,5,,,
tasteful,6,3,5,,,
taye diggs,6,6,4,,,
tears,6,5,2,,,
tehran,6,3,4,,,
television industry,6,6,5,,,
tense.,6,1,6,,,
testosterone,6,3,6,,,
the acting,6,4,6,,,
the crazy babysitter twins,6,5,2,,,
the end of the solitude,6,2,5,,,
the human condition,6,6,1,,,
themes,6,2,6,,,
third reich,6,4,3,,,
thomas hardy,6,4,3,,,
timothy spall,6,5,4,,,
tippi hedren,6,2,6,,,
to see: chick flick,6,5,2,,,
to watch,6,6,3,,,
tokuzô tanaka,6,6,1,,,
tom arnold,6,5,5,,,
tom green,6,2,6,,,
tom holland,6,5,4,,,
tomas alfredson,6,4,3,,,
tony leung,6,3,6,,,
too violent,6,6,6,,,
too weird,6,3,6,,,
topic:propaganda,6,6,2,,,
tornados,6,2,6,,,
torture porn,6,1,6,,,
tosee,6,6,1,,,
tour de france,6,1,6,,,
trailblazing,6,4,3,,,
training,6,6,5,,,
transvestites,6,2,5,,,
troubled production,6,4,3,,,
trust,6,5,6,,,
turkish,6,6,3,,,
turtle,6,5,5,,,
tv remake,6,4,3,,,
twentieth century-fox,6,6,2,,,
typical,6,5,5,,,
uli edel,6,6,1,,,
underrated piece of genius,6,4,5,,,
unengaging,6,5,6,,,
unfitting soundtrack,6,1,6,,,
uninspired,6,6,5,,,
unintentionally funny ending,6,1,6,,,
upstairs-downstairs,6,5,2,,,
uwe boll sucks,6,4,4,,,
valeria golino,6,5,6,,,
vanity,6,4,6,,,
venice film festival winner,6,4,3,,,
viegla jauka filmiå†a,6,6,1,,,
vietnam war based movie,6,2,6,,,
virginia,6,4,5,,,
waitress,6,6,3,,,
war in the eye of enemy,6,1,6,,,
watch-fully,6,6,1,,,
watched 2008,6,6,1,,,
we've seen this before,6,2,6,,,
wealth,6,5,5,,,
well-done time travel,6,4,3,,,
white people,6,4,6,,,
who done it,6,3,5,,,
wikilens top pick,6,6,1,,,
wildly overrated,6,6,1,,,
wilfred jackson,6,5,2,,,
will ferrel,6,4,6,,,
willpower,6,5,5,,,
wine and romance,6,2,6,,,
winery,6,3,6,,,
wisdom,6,3,6,,,
witness protection,6,5,6,,,
womanizing,6,4,5,,,
world record,6,3,5,,,
worse than expected,6,4,6,,,
worst ending ever,6,3,6,,,
ww2,6,5,6,,,
wwi,6,5,5,,,
yellowface,6,6,2,,,
yves robert,6,4,2,,,
film-noir,5,3,5,393,2.0,0.880625
"""underaged sex""=child porn",5,5,1,,,
01/15,5,5,1,,,
02/15,5,5,1,,,
06 oscar nominated best movie,5,5,1,,,
15th century,5,4,2,,,
1970's,5,3,5,,,
2015 academy award nomination animated feature film,5,5,1,,,
2015 academy award nomination best actress,5,5,1,,,
2015 academy award nomination best actress supporting role,5,5,1,,,
6.8-filmaffinity,5,5,1,,,
60s horror,5,4,2,,,
7.0-filmaffinity,5,5,1,,,
a classic!!,5,4,2,,,
a good tom cruise movie,5,2,4,,,
a sequel better without,5,5,1,,,
aaron johnson,5,3,3,,,
abdellatif kechiche,5,3,3,,,
absolute crap,5,2,5,,,
abuse of power,5,5,4,,,
action thriller,5,4,5,,,
activist,5,3,5,,,
actor talks to audience,5,1,5,,,
actual footage,5,1,5,,,
adam baldwin,5,4,4,,,
adam west,5,3,4,,,
adapted from:poem,5,4,2,,,
aeronautics,5,1,5,,,
african american history,5,3,4,,,
ageism,5,2,5,,,
aidan gillen,5,5,2,,,
airplane hijacking,5,3,4,,,
akward,5,4,3,,,
alan lowery,5,5,1,,,
albert maysles,5,4,2,,,
alberta,5,4,2,,,
alcohol abuse,5,4,5,,,
alejandro amenábar,5,5,1,,,
alfonso cuarã³n,5,2,5,,,
alice eve,5,3,5,,,
aliens invasion,5,4,5,,,
allegorical,5,4,4,,,
allen ginsberg,5,2,4,,,
almost as good as the book,5,3,4,,,
amateur sleuths,5,5,1,,,
america-centric,5,1,5,,,
americanized movies,5,2,5,,,
amicus,5,4,2,,,
amorality,5,2,5,,,
anachronistic music,5,1,5,,,
ancient gods,5,1,5,,,
andrea arnold,5,2,3,,,
andrew bujalski,5,5,1,,,
andré téchiné,5,5,1,,,
andy tennant,5,4,2,,,
andy warhol,5,3,5,,,
angelica huston,5,2,5,,,
angie dickinson,5,4,5,,,
animal abuse,5,2,5,,,
anna chlumsky,5,3,4,,,
anna karina,5,4,3,,,
annoying kid,5,3,5,,,
annoying sexist stereotype mars story,5,2,4,,,
anthony harvey,5,5,2,,,
anthony russo,5,3,3,,,
anton corbijn,5,4,3,,,
anton walbrook,5,4,2,,,
antonioni,5,4,2,,,
apocolypse,5,3,4,,,
armando iannucci,5,1,5,,,
arranged marriage,5,5,5,,,
artificial human,5,4,5,,,
arturo perez-reverte,5,2,5,,,
asa butterfield,5,1,5,,,
assassin-in-training (scene),5,3,3,,,
at rogers video,5,5,1,,,
atreyu,5,1,5,,,
author,5,4,4,,,
author:anne rice,5,3,5,,,
author:mark twain [samuel clemens],5,5,1,,,
author:virginia woolf,5,2,4,,,
authority,5,4,4,,,
autobiography,5,4,5,,,
automata,5,4,3,,,
awesome performance,5,2,5,,,
bachelor party,5,3,2,,,
backwards,5,1,5,,,
bad computing,5,1,5,,,
bad fights,5,2,4,,,
bad fx,5,4,3,,,
bad mothers,5,3,4,,,
badass girl,5,1,5,,,
badly made,5,2,5,,,
banjo,5,2,5,,,
banking,5,3,5,,,
barbara steele,5,4,4,,,
barber,5,5,2,,,
barbet schroeder,5,5,1,,,
barnyard animals,5,3,3,,,
bas,5,5,1,,,
based on a musical,5,5,2,,,
batman voice,5,1,5,,,
battle,5,4,4,,,
battle scenes,5,5,3,,,
battlestar galactica,5,1,5,,,
bauhaus!,5,1,5,,,
bbc produced,5,3,4,,,
bechdel test:who cares,5,4,3,,,
behind the scenes,5,5,1,,,
behind-the-scenes,5,4,4,,,
berlinale 2008,5,5,2,,,
bernhard wicki,5,4,2,,,
bertrand blier,5,5,1,,,
best of bond,5,3,3,,,
bestiality,5,5,5,,,
better than first part,5,4,3,,,
bg,5,5,1,,,
bibi andersson,5,2,5,,,
bicycle,5,5,5,,,
big themes,5,2,4,,,
bill bailey,5,2,5,,,
bille august,5,5,2,,,
billy dee williams,5,4,4,,,
billy zane,5,5,5,,,
birding,5,1,5,,,
bjã¶rk,5,2,5,,,
black and white characters interact with colour world,5,3,3,,,
black metal,5,2,5,,,
blah,5,4,5,,,
blind swordsman,5,1,5,,,
blind woman,5,3,4,,,
bloodthirsty us president,5,2,4,,,
bob balaban,5,5,4,,,
bob newhart,5,4,3,,,
bob rafelson,5,5,1,,,
bold,5,3,5,,,
bond james bond,5,4,3,,,
bootytastic,5,3,2,,,
boring after 2/3,5,2,5,,,
boring beginning,5,2,5,,,
bow & arrow,5,4,4,,,
box office flop,5,5,1,,,
boyfriend girlfriend relationship,5,5,4,,,
brain damage,5,4,5,,,
brasil,5,2,5,,,
brett morgen,5,5,1,,,
brian levant,5,5,1,,,
brian posehn,5,3,4,,,
bride,5,5,1,,,
bright red hair,5,5,1,,,
british english,5,2,5,,,
british history,5,3,4,,,
broomstick,5,5,1,,,
bruce boxleitner,5,3,5,,,
bruce dickinson,5,2,4,,,
bruce mcdonald,5,4,2,,,
bruno kirby,5,5,2,,,
bullets,5,1,5,,,
bunuel,5,2,5,,,
businessman,5,4,5,,,
busom buddy with a volleyball,5,1,5,,,
byung-hun lee,5,4,4,,,
cafe,5,5,2,,,
camels,5,4,3,,,
capital punishment,5,2,5,,,
capra-esque,5,4,3,,,
captain nemo,5,1,5,,,
card games,5,2,5,,,
carjacking,5,2,5,,,
carl franklin,5,4,2,,,
carlos saura,5,5,1,,,
cartoons for big kids,5,2,4,,,
cattle,5,4,3,,,
catwoman,5,3,4,,,
cedric yarbrough,5,5,1,,,
celebrates militarism,5,1,5,,,
cellos,5,4,3,,,
central america,5,4,3,,,
cgi instead of real tricks,5,3,4,,,
chad,5,4,2,,,
chang-dong lee,5,3,3,,,
change of heart,5,3,5,,,
changed the book too much,5,4,4,,,
character motivation,5,1,5,,,
charity,5,3,4,,,
charles crichton,5,5,1,,,
charles frend,5,5,1,,,
charlie day,5,1,5,,,
charlotte bronte,5,4,2,,,
charlotte rampling,5,3,5,,,
cheesy but good,5,3,5,,,
cheesy soundtrack,5,2,5,,,
chefs,5,5,2,,,
child birth,5,3,4,,,
child character,5,5,1,,,
child rape,5,3,5,,,
childhood issues,5,1,5,,,
childish style,5,2,5,,,
children's story,5,3,5,,,
chloe sevigny,5,5,5,,,
choices,5,5,5,,,
chris smith,5,4,2,,,
christian apologism,5,2,4,,,
christian ulmen,5,3,3,,,
christina applegate,5,3,4,,,
chuck russell,5,4,2,,,
cinemascope,5,3,3,,,
cinematographer:geoffrey unsworth,5,5,1,,,
cinematographer:gordon willis,5,5,1,,,
cinematographer:harris savides,5,5,1,,,
cinematographer:john alcott,5,4,2,,,
cinematographer:rodrigo prieto,5,5,1,,,
cinematographer:vittorio storaro,5,5,1,,,
civilian caught up in intrigue,5,3,2,,,
clara bow,5,2,3,,,
clark duke,5,4,3,,,
classic animation,5,4,3,,,
classic christmas tale,5,1,5,,,
classic love story,5,2,4,,,
classic monster,5,3,3,,,
classroom,5,1,5,,,
claude berri,5,4,2,,,
claude sautet,5,5,1,,,
claudette colbert,5,3,4,,,
claudio brook,5,4,2,,,
clean,5,5,3,,,
clever plot,5,2,5,,,
cliche dialogue,5,4,5,,,
cliché,5,4,4,,,
cloris leachman,5,4,5,,,
co-production,5,5,2,,,
coaching,5,4,4,,,
college humor,5,1,5,,,
colour/b&w combo,5,3,2,,,
comdey,5,5,5,,,
comedic moments,5,1,5,,,
comic-verfilmung,5,5,1,,,
commitment,5,3,5,,,
confronting,5,4,3,,,
confronting death,5,1,5,,,
confusion,5,5,5,,,
conservatism,5,4,3,,,
constitution of individuality and identity,5,5,1,,,
contest,5,4,4,,,
contrived plot,5,2,5,,,
contrived.,5,4,4,,,
corrupt government,5,2,5,,,
costumed vigilante,5,4,2,,,
could have been funnier,5,2,5,,,
coup,5,3,4,,,
crap ending,5,3,5,,,
craptacular,5,3,4,,,
crazy family,5,2,5,,,
crazy guy,5,3,5,,,
crime sprees,5,4,2,,,
crisis of conscience,5,4,3,,,
cristian mungiu,5,2,3,,,
cyborg,5,5,4,,,
d.j. caruso,5,4,2,,,
daemons,5,4,3,,,
dali,5,2,5,,,
dan akroyd,5,4,4,,,
dan brown,5,2,4,,,
daniel alfredson,5,2,4,,,
daring rescues,5,5,1,,,
dashiell hammett,5,4,2,,,
dave chappelle,5,4,4,,,
dave franco,5,3,4,,,
david ayer,5,4,3,,,
david frankel,5,5,2,,,
david graf,5,5,1,,,
david greene,5,5,1,,,
david morse,5,5,5,,,
david niven,5,3,4,,,
david wain,5,4,3,,,
david wenham,5,4,4,,,
dead wife,5,4,3,,,
dean stockwell,5,5,4,,,
death personified,5,4,2,,,
decline of civilization,5,2,5,,,
deer,5,3,5,,,
deformity/disability,5,5,1,,,
demetri martin,5,3,4,,,
denholm elliott,5,3,3,,,
denis lavant,5,4,2,,,
depp and burton,5,2,5,,,
derek jacobi,5,4,4,,,
desperation,5,4,5,,,
detectives,5,5,2,,,
diego luna,5,3,5,,,
dildo,5,3,4,,,
disapointing,5,4,4,,,
discipline,5,3,5,,,
discussion of culture,5,5,1,,,
distasteful,5,4,5,,,
doesn't add anything new to the genre,5,3,4,,,
dominic monaghan,5,3,4,,,
door to the different world,5,3,5,,,
double feature,5,4,2,,,
doug pray,5,5,1,,,
douglas fairbanks sr,5,3,3,,,
down  syndrome,5,4,3,,,
drag queens,5,5,2,,,
dramatic comedy,5,1,5,,,
drifting,5,3,4,,,
drug cartels,5,3,5,,,
drugs & music,5,5,5,,,
dumb fun,5,5,2,,,
dvd1,5,5,1,,,
e.m. forster,5,3,3,,,
e.t.,5,4,3,,,
el dorado,5,2,4,,,
elizabeth olsen,5,1,5,,,
elizabeth shue,5,5,4,,,
ellen barkin,5,5,5,,,
elvis,5,2,5,,,
emotional and heroic,5,4,5,,,
emotionless,5,3,5,,,
emperor,5,4,5,,,
enclosed space,5,2,3,,,
ending after credits,5,2,4,,,
engineers,5,2,5,,,
equality,5,3,4,,,
eric blore,5,2,3,,,
ernest borgnine,5,4,5,,,
ernie hudson,5,5,4,,,
espy award,5,5,1,,,
ethical dilemma,5,2,5,,,
eugene forde,5,5,1,,,
evacuees,5,4,2,,,
evangelicalism,5,3,5,,,
evil humans,5,2,5,,,
excellent characters,5,3,4,,,
excellent for its time,5,3,5,,,
exploding heads,5,1,5,,,
extraordinary!!!,5,4,4,,,
extreme violence,5,2,5,,,
extreme violence is good for growing youth,5,4,3,,,
extremely slow build,5,2,5,,,
eye candy,5,4,4,,,
faerie tale,5,2,4,,,
fairytale,5,4,5,,,
faithful to book,5,4,4,,,
fake authentic,5,2,5,,,
fake memories,5,5,1,,,
falling in love,5,4,4,,,
family crisis,5,4,4,,,
fantastic animation,5,2,5,,,
fantasy spoof,5,1,5,,,
fast-cut,5,1,5,,,
fbb,5,3,2,,,
fear of commitment,5,4,3,,,
feeling of helplessness,5,1,5,,,
feelings,5,4,5,,,
fell asleep,5,4,4,,,
female driven comedy,5,1,5,,,
female middle-age angst,5,1,5,,,
fight club,5,4,3,,,
fighting robots,5,1,5,,,
film,5,4,4,,,
fine art,5,1,5,,,
first was much better,5,1,5,,,
folk tale,5,4,5,,,
forced marriage,5,5,1,,,
forgery,5,4,3,,,
foster home,5,2,5,,,
franz kafka,5,3,4,,,
fred niblo,5,5,1,,,
frederick forsyth,5,2,5,,,
french resistance,5,3,4,,,
french suspense,5,1,5,,,
friz freleng,5,5,1,,,
frog,5,4,2,,,
fucking awesome,5,2,5,,,
funeral home,5,2,5,,,
funny classic,5,2,5,,,
future art deco,5,2,4,,,
gael garcia bernal,5,3,5,,,
gael garcãƒâ­a bernal,5,4,5,,,
galactic,5,4,2,,,
galactica,5,1,5,,,
gang war,5,5,3,,,
gardener,5,5,1,,,
gary hustwit,5,3,2,,,
gay brits,5,1,5,,,
geek sorority,5,1,5,,,
genie,5,4,4,,,
genre:movie as whodunit,5,2,4,,,
george pollock,5,5,1,,,
german perspective,5,2,5,,,
ghana,5,4,4,,,
giant,5,3,4,,,
giant space bugs,5,1,5,,,
gilbert & sullivan,5,3,4,,,
giorgos lanthimos,5,2,4,,,
glam,5,1,5,,,
glamour,5,4,5,,,
glasses,5,4,5,,,
gltbq,5,3,3,,,
good but not great,5,4,2,,,
good chick flick,5,1,5,,,
good clean comedy,5,1,5,,,
good idea... bad movie,5,5,1,,,
good performances,5,5,1,,,
good science bad science,5,1,5,,,
goro miyazaki,5,2,4,,,
got bored & turned it off,5,3,3,,,
grandfather,5,5,4,,,
great dialouge,5,2,5,,,
great movie!,5,4,5,,,
great special effects,5,5,3,,,
great stunts,5,2,4,,,
gregg champion,5,5,1,,,
grigori aleksandrov,5,5,1,,,
grunge,5,4,4,,,
guerrillas,5,5,3,,,
gun fights,5,2,5,,,
h. r. giger,5,1,5,,,
haiti,5,4,3,,,
handcam-real style,5,2,5,,,
handicapped,5,5,5,,,
hard to rate (personal),5,4,3,,,
harold becker,5,5,1,,,
harrowing,5,4,5,,,
harry beaumont,5,5,1,,,
harry dean stanton,5,5,5,,,
havana,5,5,1,,,
hayden panettiere,5,4,3,,,
he-man,5,1,5,,,
hearing impairment,5,4,2,,,
heart-wrenching,5,2,5,,,
heavy handed ending,5,1,5,,,
heavy-handed message,5,5,2,,,
heist film,5,5,4,,,
henri-georges clouzot,5,4,2,,,
henry levin,5,5,1,,,
hidden camera,5,3,4,,,
hiding place,5,5,2,,,
hierarchy,5,2,4,,,
hiking,5,4,5,,,
hilarious spoof,5,1,5,,,
hilariously bad,5,3,5,,,
hilarity,5,4,5,,,
hippie,5,3,5,,,
hiroshi shimizu,5,5,1,,,
hiroyuki imaishi,5,3,3,,,
historical drama,5,5,4,,,
hitchcock parody,5,1,5,,,
hiv,5,5,5,,,
hobbit,5,2,5,,,
holes in the plot,5,3,5,,,
homelessness,5,4,5,,,
homelist1,5,5,1,,,
homestuck,5,4,2,,,
hooligans,5,3,5,,,
hope davis,5,4,5,,,
horror classic,5,4,3,,,
horse,5,4,4,,,
hot bikini action,5,3,2,,,
hugh  jackman,5,1,5,,,
human harvesting,5,1,5,,,
human sacrifice,5,5,4,,,
hybernation,5,1,5,,,
i don't get it,5,5,2,,,
i like watching this movie when im so high i dont know left from right,5,1,5,,,
idea,5,3,5,,,
iggy pop,5,3,5,,,
immersive,5,3,4,,,
immigrant,5,4,5,,,
immigrant life,5,3,4,,,
immoral,5,3,5,,,
improbable,5,4,4,,,
improved sequel,5,2,4,,,
inaccurate adaptation,5,2,5,,,
incestuous,5,4,3,,,
indian motorcycle,5,1,5,,,
innacurate,5,5,5,,,
innocent person on the run,5,5,1,,,
insane asylum,5,5,3,,,
interesting monsters,5,3,3,,,
interwoven lives,5,1,5,,,
israeli,5,5,3,,,
italians,5,3,5,,,
jack clayton,5,4,2,,,
jaco van dormael,5,3,3,,,
jacques becker,5,3,3,,,
jafar panahi,5,4,2,,,
jake kasdan,5,5,1,,,
james benning,5,5,1,,,
james foley,5,5,2,,,
james wong,5,4,3,,,
jason patric,5,3,5,,,
jason segal,5,1,5,,,
jason woliner,5,5,1,,,
jean gabin,5,4,4,,,
jeffrey wright,5,5,5,,,
jeremy northam,5,3,5,,,
jerry o'connell,5,4,3,,,
joel grey,5,1,5,,,
john c reilly,5,2,5,,,
john cameron mitchell,5,3,3,,,
john cazale,5,4,4,,,
john duigan,5,4,2,,,
john gielgud,5,4,3,,,
john hillcoat,5,4,2,,,
john m. stahl,5,5,1,,,
john moore,5,2,4,,,
jonathan lynn,5,5,1,,,
jonathan silverman,5,4,3,,,
joseph cotton,5,3,3,,,
joseph sargent,5,5,1,,,
josh peck,5,3,5,,,
journal writing,5,4,4,,,
julia ormond,5,3,4,,,
julie benz,5,4,5,,,
julien duvivier,5,5,1,,,
jumpscares,5,3,4,,,
jupiter,5,1,5,,,
juxtaposition,5,5,1,,,
kafkaesque,5,4,4,,,
karen allen,5,3,5,,,
karl malden,5,5,4,,,
kate ashfield,5,2,5,,,
kate nauta,5,1,5,,,
kazuya tsurumaki,5,5,1,,,
kelly preston,5,4,4,,,
ken marino,5,5,1,,,
kentucky,5,3,4,,,
kevin reynolds,5,5,1,,,
kickboxing,5,3,5,,,
kihachi okamoto,5,5,1,,,
killer whale,5,3,5,,,
kim jong il,5,1,5,,,
kinji fukasaku,5,5,1,,,
kirby dick,5,5,1,,,
korean horror,5,2,5,,,
kristy swanson,5,5,5,,,
kurt wimmer,5,2,4,,,
kyra sedgwick,5,4,5,,,
l.a.,5,4,4,,,
lacks contemplative depth,5,1,5,,,
landscapes,5,3,5,,,
large cast,5,4,5,,,
larry miller,5,4,3,,,
laughable,5,5,5,,,
lauren bacall,5,4,5,,,
lazy,5,4,5,,,
lee daniels,5,2,4,,,
lee tamahori,5,5,2,,,
leonid gayday,5,3,2,,,
leonor watling,5,2,4,,,
lesson,5,4,4,,,
library setting,5,4,4,,,
lightsabers,5,4,2,,,
lily collins,5,3,5,,,
lino ventura,5,5,2,,,
little town,5,1,5,,,
location,5,4,5,,,
logic,5,2,5,,,
loki,5,2,4,,,
long fight scenes,5,1,5,,,
long shots,5,2,5,,,
longwinded,5,4,5,,,
lonliness,5,5,2,,,
louisa may alcott,5,2,5,,,
lovable,5,5,2,,,
love letters,5,2,5,,,
loved it,5,5,5,,,
lucas belvaux,5,5,1,,,
luis mandoki,5,5,1,,,
lush,5,3,5,,,
machine gun leg,5,2,5,,,
mafia life,5,3,4,,,
maggie q,5,4,5,,,
magical aging/immortality,5,1,5,,,
magicians,5,4,5,,,
man is man's worst enemy,5,3,3,,,
man on the run,5,2,4,,,
manager,5,5,2,,,
mandarin,5,2,5,,,
manuela velasco,5,2,5,,,
margaret cho,5,3,3,,,
marionettes,5,3,4,,,
martha coolidge,5,4,2,,,
martial arts flick,5,2,5,,,
martin brest,5,4,2,,,
martin mcdonagh,5,3,3,,,
martina gedeck,5,3,3,,,
marvel comics,5,3,5,,,
mary-kate olsen,5,3,5,,,
matthew modine,5,3,4,,,
mawkish,5,4,3,,,
max ophüls,5,5,1,,,
meaning of love,5,2,5,,,
mechagodzilla,5,5,1,,,
mel brooks movie,5,3,3,,,
memorable sequence,5,1,5,,,
merian c. cooper,5,4,2,,,
merry,5,4,2,,,
metaphors,5,2,4,,,
mf,5,5,1,,,
michael lehmann,5,4,2,,,
michael mckean,5,3,5,,,
mick jagger,5,3,5,,,
mike clattenburg,5,4,2,,,
mimes,5,4,4,,,
miranda otto,5,4,4,,,
misunderstood,5,1,5,,,
modern life,5,4,4,,,
mohsen makhmalbaf,5,5,1,,,
molly parker,5,4,5,,,
mom,5,5,1,,,
monster:giant cephalopod,5,5,1,,,
montana,5,5,3,,,
monty python alumni,5,3,4,,,
moody atmosphere,5,1,5,,,
mother,5,5,5,,,
multiple locations,5,1,5,,,
music industry,5,5,4,,,
my parents are deeeaaadddd,5,1,5,,,
mysterious or thrilling,5,1,5,,,
nadeshda brennicke,5,5,1,,,
naomi kawase,5,5,1,,,
natasha richardson,5,3,4,,,
near death,5,1,5,,,
necrophilia,5,4,5,,,
netflixbacklist,5,5,1,,,
new beginning,5,1,5,,,
nice period piece,5,4,3,,,
nicholas sparks,5,2,4,,,
nicholas stoller,5,4,2,,,
nick cassavetes,5,4,2,,,
nick cave,5,1,5,,,
night,5,5,5,,,
nino rota,5,2,4,,,
no clear ending,5,1,5,,,
no explanation,5,4,5,,,
no humor,5,1,5,,,
no point,5,4,5,,,
no totally happy ending,5,2,4,,,
nobel prize,5,1,5,,,
non-hollywood,5,2,4,,,
norma shearer,5,4,2,,,
not as good as the others,5,3,5,,,
not ended,5,1,5,,,
not enough action,5,3,5,,,
not linear,5,1,5,,,
not very good,5,5,4,,,
not very strong ending,5,1,5,,,
notable cast,5,4,2,,,
novelist,5,2,5,,,
obedience,5,5,3,,,
old school,5,4,5,,,
old west,5,4,4,,,
omar epps,5,5,1,,,
one of a kind,5,3,3,,,
one of my favorites,5,4,5,,,
one of the best i've seen,5,4,5,,,
one room,5,4,3,,,
opaque,5,3,5,,,
oregon,5,5,3,,,
organised crime,5,3,5,,,
orphaned cartoon character,5,4,3,,,
orson scott card,5,1,5,,,
oscar (best makeup),5,5,2,,,
oscar 2001,5,5,1,,,
oscar best picture,5,4,4,,,
oscar nom: bp,5,5,1,,,
outback,5,5,4,,,
outlaw,5,3,5,,,
outsider,5,5,3,,,
over the top violence,5,2,5,,,
overly dramatic,5,5,3,,,
overly stylised,5,2,5,,,
ozarks,5,1,5,,,
pageant,5,3,5,,,
palahnuik,5,2,4,,,
panama,5,1,5,,,
parasite,5,5,4,,,
parents,5,5,3,,,
pathetic,5,5,4,,,
paul auster,5,3,5,,,
paul mazursky,5,5,2,,,
paul reiser,5,5,4,,,
paul schrader,5,4,2,,,
peace,5,4,5,,,
pen-ek ratanaruang,5,4,2,,,
penny marshall,5,4,2,,,
pentecostal,5,4,3,,,
perfume,5,1,5,,,
persian,5,4,3,,,
personal demons,5,2,5,,,
personalities,5,4,4,,,
pete docter,5,2,4,,,
peter chan,5,5,1,,,
peter graves,5,3,4,,,
peter joseph,5,3,2,,,
peter medak,5,4,2,,,
phil alden robinson,5,4,2,,,
phil lord,5,4,2,,,
philip leacock,5,5,1,,,
philippe falardeau,5,5,1,,,
phillip glass score,5,1,5,,,
phoebe cates,5,2,5,,,
piercings,5,3,4,,,
pierre richard,5,4,2,,,
pierre étaix,5,5,1,,,
pietro germi,5,5,1,,,
platonic love,5,5,4,,,
playboy girl,5,2,5,,,
playwright:andrew lloyd webber,5,1,5,,,
playwright:tennessee williams,5,4,2,,,
plot point:sudden scientific insight,5,3,3,,,
plot revolves around troublesome dead body,5,4,2,,,
plot:repossessed organs,5,2,4,,,
poet,5,5,3,,,
pointless plot,5,1,5,,,
police state,5,3,4,,,
poorly directed,5,2,5,,,
pop counterculture,5,1,5,,,
porn for women,5,3,2,,,
potter,5,5,2,,,
powersuit,5,1,5,,,
pranks,5,4,4,,,
precognition,5,2,5,,,
presidential elections,5,4,5,,,
pretty funny,5,4,3,,,
pretty good,5,5,3,,,
previsible,5,3,3,,,
prince charming,5,1,5,,,
pro wrestling,5,4,4,,,
project greenlight,5,3,2,,,
protagonist is a journalist,5,5,1,,,
protagonist is an assassin,5,3,3,,,
pub crawl,5,1,5,,,
purile,5,4,2,,,
pygmalion,5,2,5,,,
pyramids,5,1,5,,,
qi shu,5,3,5,,,
r:brief nudity,5,5,1,,,
r:brief violence,5,5,1,,,
r:drug content,5,5,1,,,
r:pervasive language,5,5,1,,,
r:strong violence,5,5,1,,,
rachel griffiths,5,4,3,,,
rage,5,4,5,,,
raising children,5,2,5,,,
rajkumar hirani,5,2,4,,,
random unnecessary close-ups of cream,5,1,5,,,
rape victim,5,5,1,,,
ray walston,5,4,4,,,
re-watch,5,5,2,,,
real-life married couple,5,4,2,,,
realistic characters,5,5,3,,,
redhead,5,4,4,,,
redneck,5,3,5,,,
rehash sequel,5,3,5,,,
related:the matrix (1999),5,4,2,,,
relaxing,5,4,5,,,
retirees,5,3,3,,,
revival,5,4,3,,,
richard ayoade,5,2,4,,,
richard eyre,5,5,2,,,
richard loncraine,5,5,1,,,
richard quine,5,5,1,,,
ridiculous dialogue,5,2,5,,,
ridiculous ending,5,4,4,,,
ridiculously spiritual,5,2,5,,,
righting the wronged,5,5,1,,,
rihanna,5,2,5,,,
rip off,5,5,5,,,
rival suitor,5,5,1,,,
rob brydon,5,1,5,,,
rob minkoff,5,3,3,,,
robert benton,5,5,1,,,
robert greenwald,5,4,2,,,
robert mulligan,5,4,2,,,
robin tunney,5,3,5,,,
rock band,5,3,4,,,
rockumentary,5,3,5,,,
roddy mcdowall,5,3,4,,,
rogers and hammerstein,5,2,4,,,
romance boygirl dancing,5,3,5,,,
romance.,5,5,5,,,
romp,5,3,5,,,
ron fricke,5,3,3,,,
ronin,5,4,3,,,
rose mcgowan,5,3,4,,,
roy andersson,5,4,2,,,
ruben fleischer,5,3,3,,,
rude,5,5,5,,,
rushed ending,5,3,5,,,
russ meyer,5,2,4,,,
russel brand,5,3,5,,,
russel crowe,5,3,5,,,
ryan fleck,5,4,2,,,
sabu,5,5,2,,,
sailing ships,5,4,2,,,
sam shepard,5,5,5,,,
sanity,5,4,5,,,
sappy ending,5,5,5,,,
satisfaction in life,5,1,5,,,
saturn award (best animated film),5,4,3,,,
saturn award (best costumes),5,4,2,,,
saturn award (best horror film),5,5,3,,,
scarecrow,5,2,5,,,
scarlett johansson's  boobs,5,1,5,,,
scary not funny,5,2,5,,,
scorcese,5,3,4,,,
score:philip glass,5,1,5,,,
scot mcfadyen,5,5,1,,,
scrabble,5,4,5,,,
screenwriter:aaron sorkin,5,5,1,,,
seals,5,2,5,,,
search,5,4,4,,,
sensuality,5,1,5,,,
sepia,5,5,3,,,
sequelto:casino royale[2006],5,2,4,,,
serendipity,5,2,4,,,
seth,5,5,1,,,
seth gordon,5,3,3,,,
setting:afghanistan,5,2,4,,,
setting:brothel,5,2,4,,,
setting:harvard university,5,1,5,,,
setting:submarine,5,5,1,,,
several short films,5,1,5,,,
sewer/tunnel chase,5,4,3,,,
shakespeare sort of,5,3,3,,,
shannen doherty,5,2,5,,,
shannon elizabeth,5,4,5,,,
shannon hartman,5,5,1,,,
shari springer berman,5,4,2,,,
sharon leal,5,4,3,,,
shelley winters,5,3,5,,,
shia leboeuf,5,1,5,,,
shit ending,5,1,5,,,
shoes,5,5,4,,,
shooting and shooting,5,1,5,,,
short movie,5,5,4,,,
shot by shot remake,5,2,4,,,
should'a stopped at 2,5,1,5,,,
shrimp,5,1,5,,,
shunji iwai,5,4,2,,,
shy person,5,4,4,,,
sidney j. furie,5,5,1,,,
sierra leone,5,2,4,,,
simone signoret,5,5,1,,,
simply: why???,5,1,5,,,
sincerity,5,3,5,,,
single parent,5,5,5,,,
sixties,5,1,5,,,
sixto rodriguez,5,1,5,,,
skepticism,5,4,5,,,
skinnydipping,5,4,2,,,
skits,5,4,4,,,
skydiving,5,4,2,,,
sleeping beauty,5,1,5,,,
sloth,5,3,5,,,
slow starter,5,4,4,,,
small time criminals,5,1,5,,,
social injustice,5,4,2,,,
social rejection,5,1,5,,,
societal criticism,5,4,2,,,
sometimes marriage makes you wanna forget why the hell you said yes,5,4,2,,,
soundtracks,5,4,5,,,
southern,5,3,5,,,
space ship,5,4,4,,,
sparse dialog,5,2,4,,,
spiritual,5,5,5,,,
spirituality,5,5,5,,,
standoff,5,1,5,,,
stark,5,4,5,,,
starring:hepburn and tracy,5,5,1,,,
stephen hopkins,5,4,2,,,
stephen sommers,5,4,2,,,
stockholm syndrome,5,3,5,,,
story of one family,5,5,1,,,
strangulation,5,5,3,,,
streep strong & funny,5,2,5,,,
street art,5,2,5,,,
strike,5,5,5,,,
strong performance,5,1,5,,,
struggle,5,4,4,,,
stuck,5,4,2,,,
stupid fight scenes,5,1,5,,,
subgenre:fable,5,4,2,,,
substantial changes from source of adaption,5,3,3,,,
sucks,5,5,5,,,
summer vacation,5,4,5,,,
sundance grand jury prize: documentary,5,5,1,,,
sunglasses,5,5,3,,,
super dry,5,1,5,,,
superior sequel,5,3,4,,,
surprising ending,5,3,5,,,
surrogate,5,3,4,,,
susanne bier,5,4,2,,,
suspension of disbelief required,5,2,5,,,
sydney,5,5,5,,,
taboo relationship,5,2,5,,,
tahar rahim,5,1,5,,,
taiwan,5,3,5,,,
tale:snow white (a-t #709),5,5,1,,,
tank,5,3,5,,,
taylor hackford,5,5,1,,,
taylor kitsch,5,4,3,,,
teachers,5,4,4,,,
technophobic,5,2,5,,,
ted demme,5,5,1,,,
ted kotcheff,5,5,1,,,
telekenisis,5,2,4,,,
tennessee,5,4,4,,,
terence young,5,4,2,,,
terrence howard,5,5,4,,,
test,5,5,5,,,
thai boxing,5,3,4,,,
the asylum,5,5,2,,,
the final twist,5,1,5,,,
the most romantic,5,1,5,,,
the story,5,2,4,,,
the twists in the plot,5,1,5,,,
theatrical people/inside the theatre or cinema/actors & acting,5,5,2,,,
thelma ritter,5,4,4,,,
thief,5,5,5,,,
thierry lhermitte,5,3,3,,,
thinker,5,3,5,,,
thomas jane,5,3,5,,,
tiger,5,3,4,,,
titanic,5,3,5,,,
todd field,5,4,4,,,
toilet humour,5,1,5,,,
toni servillo,5,3,4,,,
tony burton,5,4,2,,,
tony gilroy,5,3,4,,,
too many plot threads,5,2,5,,,
too many sequels,5,4,4,,,
top-notch special effects,5,1,5,,,
topic:religion,5,1,5,,,
topic:us culture,5,3,3,,,
toplist05,5,5,1,,,
torture (scene),5,4,4,,,
toy store,5,3,5,,,
trading places,5,3,3,,,
tragic drama.,5,5,2,,,
tragic events as comedy,5,1,5,,,
transformers,5,1,5,,,
transphobia,5,3,5,,,
transplants,5,3,3,,,
transylvania,5,4,4,,,
traps,5,5,4,,,
trashy,5,4,5,,,
travesty,5,5,4,,,
troma pictures,5,5,3,,,
trust no one,5,3,4,,,
tsui hark,5,5,1,,,
tunnels,5,5,3,,,
tv spinoff,5,5,1,,,
tyler perry,5,4,4,,,
typewriter,5,4,2,,,
uk,5,5,3,,,
uncle,5,5,1,,,
unconvincing,5,5,5,,,
underground,5,5,5,,,
unflinching,5,5,2,,,
unfulfilling,5,1,5,,,
unfunny comedy,5,4,5,,,
unintelligent,5,4,5,,,
unique look,5,2,5,,,
universal,5,5,3,,,
unjustified invasion,5,1,5,,,
unlikely hero,5,3,5,,,
unnecessary villain,5,3,4,,,
unravelling emotional issues,5,1,5,,,
unreflective,5,1,5,,,
unusual story,5,4,5,,,
unwatchable,5,4,5,,,
up series,5,2,5,,,
uprising,5,4,4,,,
ursula k. le guin,5,4,2,,,
uruguay,5,5,4,,,
us college students,5,3,3,,,
vampires do not sparkle,5,2,3,,,
van johnson,5,3,5,,,
vanessa l. williams,5,3,5,,,
vendetta,5,5,3,,,
vengence,5,2,4,,,
very good for kids,5,4,3,,,
very slow,5,4,5,,,
victor salva,5,5,1,,,
video game connection,5,2,4,,,
video game like,5,2,5,,,
video only,5,3,3,,,
video surveillance,5,3,3,,,
vigilante justice,5,3,5,,,
villain as hero,5,2,4,,,
violent yet uplifting,5,2,5,,,
virus outbreak,5,3,5,,,
voice over narration,5,4,4,,,
vulgarity,5,4,4,,,
wanderlust,5,4,2,,,
warfare,5,2,4,,,
warriors,5,5,4,,,
washington state,5,5,2,,,
waterfall,5,4,4,,,
wayne wang,5,4,2,,,
weak directing,5,2,4,,,
weak sequel,5,2,5,,,
weird al,5,1,5,,,
weird pacing,5,1,5,,,
wesley ruggles,5,5,1,,,
western comedy,5,2,5,,,
what if...,5,3,5,,,
whipping,5,4,3,,,
white collar crime,5,4,4,,,
wicca,5,2,4,,,
wikileaks,5,3,3,,,
wildlife,5,3,5,,,
william fichtner,5,4,5,,,
wirework,5,5,1,,,
woman carried onto tall building,5,5,1,,,
woo-ping yuen,5,5,1,,,
woods,5,5,4,,,
wordless,5,1,5,,,
world inside another world,5,1,5,,,
wtf ending,5,2,5,,,
x-files!!,5,2,5,,,
yu-gi-oh!,5,1,5,,,
virtual-reality,4,1,4,1087,1.0,0.99425
chick-flick,4,3,2,201,3.0,0.9002500000000001
low-budget,4,4,3,616,4.0,0.397125
self-discovery,4,3,4,899,1.0,0.22275
#1 prediction,4,2,4,,,
14th century,4,2,3,,,
2d,4,4,2,,,
30s,4,4,3,,,
50 cent,4,4,3,,,
50's & 60's,4,2,4,,,
6.5-filmaffinity,4,4,1,,,
7.1-filmaffinity,4,4,1,,,
7.4-filmaffinity,4,4,1,,,
70's new york,4,3,2,,,
80's music,4,4,4,,,
90% drama 10% comedy,4,1,4,,,
90s sci-fi,4,3,2,,,
=======================,4,4,1,,,
aaliyah,4,1,4,,,
abba,4,2,4,,,
abel ferrara,4,3,2,,,
abel gance,4,4,1,,,
aboregines,4,2,4,,,
abrubt end,4,1,4,,,
actress,4,4,3,,,
adam elliot,4,2,3,,,
adam scott,4,4,4,,,
adam shankman,4,4,2,,,
adam wingard,4,4,1,,,
adapted from: video game,4,1,4,,,
adapted from:author,4,4,1,,,
adapted from:radio play,4,3,2,,,
adaptedinto:television series,4,4,1,,,
adolescence gays,4,1,4,,,
adult swim,4,2,3,,,
affleck was the bomb in phantoms!,4,1,4,,,
agatha christie-like,4,2,4,,,
agents,4,2,4,,,
agnieszka holland,4,3,2,,,
aidan quinn,4,3,4,,,
aircraft,4,4,3,,,
akira takarada,4,4,1,,,
aladdin,4,4,1,,,
alain corneau,4,4,1,,,
alejandro amenã¡bar,4,4,4,,,
alekos sakellarios,4,3,2,,,
alex shaffer,4,1,4,,,
alexander skarsgard,4,4,2,,,
alexandre astier,4,3,2,,,
alfred l. werker,4,4,1,,,
ali larter,4,2,4,,,
alice in wonderland,4,1,4,,,
alien quadrilogy,4,4,1,,,
all ages,4,4,2,,,
allan arkush,4,4,1,,,
allen is brilliant,4,3,2,,,
allison anders,4,4,2,,,
alpha male,4,3,2,,,
alternative life,4,1,4,,,
amazing acting,4,1,4,,,
amazing acting!,4,1,4,,,
amazing animation,4,2,4,,,
amazing cast,4,4,2,,,
amazing make-up effects,4,1,4,,,
amazing premise,4,2,3,,,
amazing stunts,4,2,3,,,
amber tamblyn,4,2,4,,,
ambiance,4,1,4,,,
ambulance,4,2,4,,,
american history,4,3,4,,,
american roots music,4,2,3,,,
amusing,4,4,4,,,
an inner sanctum mystery,4,4,1,,,
anaglyphic 3-d sequences,4,3,2,,,
ancient book,4,4,2,,,
ancient egyptians,4,1,4,,,
ancient greeks,4,1,4,,,
andrew dominik,4,3,2,,,
andrew fleming,4,4,1,,,
andrew stanton,4,3,3,,,
andrew v. mclaglen,4,4,1,,,
andrey konchalovskiy,4,4,1,,,
android,4,4,3,,,
andré de toth,4,4,1,,,
andy dick,4,2,4,,,
animal:orca,4,4,1,,,
animal:pig,4,4,1,,,
animal:whale,4,4,1,,,
anthony anderson,4,4,4,,,
anti-abortion,4,2,4,,,
anti-fascism,4,2,4,,,
anti-feminist,4,4,2,,,
anti-intellectual,4,2,4,,,
anti-military,4,2,4,,,
anti-vegetarian propaganda,4,1,4,,,
anticlimactic,4,4,3,,,
antique,4,4,2,,,
ants,4,2,4,,,
apatow,4,3,3,,,
apocalyptic storm,4,1,4,,,
apprenticeship,4,4,2,,,
ari folman,4,2,3,,,
ark of the covenant,4,1,4,,,
arktis,4,4,1,,,
art film,4,4,2,,,
arthur lubin,4,4,1,,,
as bad as the title,4,3,4,,,
assumed identities,4,4,2,,,
asthma,4,3,4,,,
atf,4,2,4,,,
athletics,4,3,3,,,
attempted rape,4,4,3,,,
august diehl,4,3,2,,,
author:ayn rand,4,2,3,,,
author:c. s. forester,4,4,1,,,
author:c. s. lewis,4,2,3,,,
author:chuck palahniuk,4,2,4,,,
author:e. m. forster,4,4,2,,,
author:edgar allan poe,4,4,1,,,
author:f. scott fitzgerald,4,3,2,,,
author:frank miller,4,2,3,,,
author:louisa may alcott,4,3,2,,,
author:mark twain,4,4,1,,,
author:raymond chandler,4,3,2,,,
author:sarah waters,4,3,2,,,
author:stanislaw lem,4,4,1,,,
author:truman capote,4,2,3,,,
awesome music,4,1,4,,,
awesomely bad,4,2,4,,,
axe,4,4,3,,,
ayrton senna,4,1,4,,,
b&w,4,4,1,,,
b-grade,4,3,3,,,
backwoods,4,3,4,,,
bad directing,4,4,2,,,
bad humor,4,2,4,,,
bad language,4,3,3,,,
bad poetry,4,2,3,,,
bad sound,4,3,4,,,
badapted screenplay,4,4,1,,,
badly written,4,3,4,,,
bakshi,4,1,4,,,
balloon,4,4,3,,,
ballooning,4,1,4,,,
banal moral,4,2,4,,,
barbara streisand,4,1,4,,,
barbara striesand,4,1,4,,,
based on a tv series,4,3,4,,,
based on play,4,2,4,,,
basque,4,4,1,,,
battle of wits,4,4,1,,,
battle royale,4,1,4,,,
bd,4,4,1,,,
bear,4,3,2,,,
beat generation,4,3,4,,,
beginning,4,3,4,,,
belivable science,4,1,4,,,
ben folds,4,2,3,,,
bengal,4,2,4,,,
benjamin bratt,4,4,3,,,
berenice bejo,4,1,4,,,
bernard rose,4,3,2,,,
best adapted screenplay,4,1,4,,,
best love story,4,1,4,,,
best visual effects i've ever seen,4,1,4,,,
big bad wolf,4,1,4,,,
big corporations,4,1,4,,,
big tobacco,4,1,4,,,
bijou phillips,4,1,4,,,
bike messengers,4,1,4,,,
bill cosby,4,3,3,,,
bill duke,4,4,2,,,
bill forsyth,4,4,1,,,
bio chemical research,4,2,2,,,
bird,4,4,4,,,
bizzare,4,3,4,,,
black and white morals,4,2,4,,,
black magic,4,4,4,,,
black ops,4,2,4,,,
blog,4,2,4,,,
blood and guts,4,2,4,,,
blood splatters,4,3,4,,,
bluish,4,4,1,,,
bluntman and chronic,4,1,4,,,
bob barker,4,1,4,,,
body modification,4,3,3,,,
boheme,4,1,4,,,
bolivia,4,3,3,,,
bollywood influence,4,4,3,,,
bore,4,4,1,,,
boundaries,4,2,4,,,
box,4,3,4,,,
boy and his dog,4,1,4,,,
boy-on-boy action,4,2,3,,,
bp,4,4,1,,,
bratpack,4,3,3,,,
bridge,4,4,4,,,
bridget moynahan,4,4,4,,,
brilliant film,4,4,4,,,
british columbia,4,4,4,,,
british humour,4,4,3,,,
brittany snow,4,2,4,,,
bruce dern,4,4,4,,,
bruce sinofsky,4,4,1,,,
bruno barreto,4,4,1,,,
brussels,4,3,4,,,
bryan greenberg,4,3,3,,,
bsar,4,4,1,,,
btaegeshelf,4,4,1,,,
bubba smith,4,3,2,,,
bucharest,4,3,3,,,
bud spencer,4,4,3,,,
buddhist monks,4,3,4,,,
buddies,4,3,3,,,
buddy comedy,4,4,4,,,
buddy cops,4,1,4,,,
bug hunt,4,4,2,,,
bullying taken too far,4,3,4,,,
burnout,4,4,1,,,
byron howard,4,2,3,,,
cabin fever,4,2,4,,,
cameo:tom hanks,4,1,4,,,
camera work,4,2,4,,,
capitalist protag,4,4,1,,,
car racing,4,3,4,,,
carol kane,4,3,3,,,
carroll ballard,4,4,1,,,
cary fukunaga,4,2,3,,,
casinos,4,2,3,,,
cat and mouse,4,3,4,,,
cat burglar,4,2,4,,,
catholic church,4,2,4,,,
catholic school,4,4,4,,,
cathy moriarty,4,3,2,,,
cemetery,4,3,4,,,
central event:wedding preparation,4,2,3,,,
centred on movie theatre,4,2,2,,,
change of tone,4,3,3,,,
character based on real person:harvey milk,4,1,4,,,
character based on real person:queen victoria of uk,4,2,3,,,
character chemistry,4,1,4,,,
character portrays jesus,4,2,3,,,
characters lack depth,4,2,4,,,
charles ferguson,4,2,3,,,
charles martin smith,4,4,3,,,
chat rooms,4,2,3,,,
cheating death,4,2,4,,,
cheesiness,4,2,3,,,
cheesy lines,4,2,4,,,
chiaki kuriyama,4,3,2,,,
chicken,4,4,4,,,
child,4,4,3,,,
child labor,4,4,3,,,
child molestor,4,3,3,,,
child selling,4,4,1,,,
childhood fav,4,3,4,,,
children's,4,4,3,,,
chinese factor,4,1,4,,,
chinese propaganda,4,1,4,,,
ching siu-tung,4,4,1,,,
chlã¶e sevigny,4,3,3,,,
chomsky,4,1,4,,,
choppy editing,4,4,4,,,
choppy style,4,2,4,,,
chris hegedus,4,3,2,,,
chris kattan,4,3,4,,,
chris klein,4,3,4,,,
chris renaud,4,4,1,,,
chris van allsburg,4,3,2,,,
chris wedge,4,2,3,,,
chris williams,4,2,3,,,
christian allegory,4,1,4,,,
christian fundamentalism,4,1,4,,,
christian propaganda,4,2,3,,,
christopher cain,4,4,1,,,
christopher mcdonald,4,3,4,,,
christopher miller,4,2,3,,,
ciarã¡n hinds,4,4,4,,,
cinema verite,4,3,3,,,
cinematographer:bojan bazelli,4,4,1,,,
cinematographer:luigi kuveiller,4,4,1,,,
cinematographer:michael chapman,4,4,1,,,
cinematographer:phedon papamichael,4,4,1,,,
cinematographer:tak fujimoto,4,4,1,,,
cinematographer:victor j. kemper,4,4,1,,,
cinematographer:vilmos zsigmond,4,4,1,,,
circuses and carnivals,4,2,2,,,
city life,4,2,4,,,
claire forlani,4,3,4,,,
clancy brown,4,4,2,,,
classic literature,4,4,1,,,
classic romantic comedy,4,2,4,,,
classical animation,4,1,4,,,
cliche contrition,4,1,4,,,
clichã©,4,4,3,,,
cliff robertson,4,3,4,,,
clinton,4,3,4,,,
clousseau,4,3,2,,,
clubs,4,4,3,,,
clueless,4,3,4,,,
coach,4,4,4,,,
cole porter,4,2,4,,,
collectible,4,4,1,,,
colm meaney,4,2,4,,,
colonial power,4,4,3,,,
combat,4,2,4,,,
comedy musical,4,3,3,,,
comics based,4,4,3,,,
command line inteface,4,1,4,,,
community laws,4,2,4,,,
complot,4,2,4,,,
confused,4,2,4,,,
confusing if you haven't read the book,4,3,4,,,
congress,4,3,4,,,
conrad vernon,4,3,3,,,
convenience store,4,1,4,,,
convent,4,4,3,,,
cooperation,4,3,4,,,
corey haim,4,2,3,,,
corny humor,4,2,4,,,
corpses,4,4,4,,,
cory booker,4,1,4,,,
costume,4,4,2,,,
could go farther,4,1,4,,,
couldn't finish,4,2,3,,,
couldn't finish it,4,4,2,,,
counterespionage,4,1,4,,,
cousins,4,3,2,,,
covers a lifespan,4,2,4,,,
cows,4,3,3,,,
crap horror,4,3,4,,,
crime-fighting/police robot,4,4,1,,,
criminal,4,3,4,,,
criminal = good police = bad,4,1,4,,,
critical,4,4,4,,,
cruel characters,4,1,4,,,
cults,4,3,3,,,
cure,4,3,4,,,
current events,4,2,4,,,
cute romance,4,2,4,,,
cyber-intimidation,4,2,3,,,
dabney coleman,4,3,2,,,
dalai lama,4,2,3,,,
damn the man,4,1,4,,,
dan curtis,4,4,2,,,
danger is my middle name,4,1,4,,,
dangerous friends,4,4,1,,,
daniel mann,4,4,1,,,
daniel petrie,4,4,1,,,
dark side,4,3,4,,,
dave foley,4,3,4,,,
david dobkin,4,4,1,,,
david hyde pierce,4,2,4,,,
david maysles,4,4,1,,,
david s. goyer,4,4,3,,,
david s. ward,4,4,1,,,
david slade,4,2,3,,,
davis guggenheim,4,4,1,,,
de niro,4,3,4,,,
dealing,4,1,4,,,
dean martin,4,4,4,,,
dean parisot,4,4,1,,,
death of child,4,3,4,,,
debut film,4,4,3,,,
deceptive title,4,4,1,,,
deceptive trailers,4,3,2,,,
deconstruction,4,1,4,,,
deep meaning,4,4,3,,,
defies logic,4,2,4,,,
demme,4,4,1,,,
demonic possession,4,2,4,,,
denial,4,2,4,,,
dennis iliadis,4,1,4,,,
depp,4,3,4,,,
derailed by twist,4,1,4,,,
desenho,4,4,1,,,
desmond llewelyn,4,3,2,,,
dev patel,4,2,4,,,
devastating,4,3,3,,,
devil child,4,2,4,,,
devon aoki,4,2,3,,,
diabetes,4,2,4,,,
diablo cody,4,1,4,,,
dialgoue,4,4,1,,,
dick and fart humor,4,2,3,,,
dillinger,4,1,4,,,
dimensionalized 2-d to 3-d for reissue in 2012,4,4,1,,,
dirigibles,4,2,3,,,
disappointing sequel,4,3,4,,,
disappointing successor,4,2,4,,,
disappointments,4,4,1,,,
disguise,4,3,4,,,
dishonor among thieves,4,3,2,,,
dismemberment,4,2,4,,,
disney almost making fun of itself,4,2,4,,,
dissociative identity disorder,4,2,3,,,
distorted representation of history,4,1,4,,,
diy,4,2,4,,,
djinn,4,4,2,,,
doctor,4,4,4,,,
doctor-patient relationship,4,4,2,,,
docufiction,4,4,3,,,
doesn't resist to some cliches,4,1,4,,,
dogma 95,4,2,4,,,
doll,4,2,4,,,
dollar saver,4,4,1,,,
dome karukoski,4,4,1,,,
domination,4,3,3,,,
dominatrix,4,4,4,,,
don chaffey,4,4,1,,,
donkey,4,2,4,,,
donnie darko,4,1,4,,,
doona bae,4,1,4,,,
doppelganger,4,2,2,,,
douglas mcgrath,4,4,2,,,
dr. horrible,4,1,4,,,
drag queen movie,4,3,4,,,
dragontattoo,4,4,1,,,
drags,4,3,4,,,
drags on,4,3,4,,,
drawn out,4,4,3,,,
dreary,4,3,4,,,
drive-in,4,4,2,,,
driving,4,3,4,,,
dull characters,4,3,2,,,
dull. incoherent. childish.,4,2,4,,,
dumb movie,4,3,4,,,
dumbest twist ever,4,1,4,,,
"dwayne ""the rock"" johnson",4,3,3,,,
dwight frye,4,3,3,,,
dwight h. little,4,4,1,,,
dying young,4,4,2,,,
eagles,4,3,4,,,
earnest protagonist,4,1,4,,,
ed wood,4,4,4,,,
edith piaf,4,1,4,,,
edmond o'brien,4,2,4,,,
elisabeth moss,4,3,4,,,
ellen degeneres,4,3,4,,,
ellen muth,4,1,4,,,
elliott nugent,4,4,1,,,
embarassed to watch,4,4,3,,,
emmanuelle chriqui,4,3,4,,,
emmy rossum,4,2,4,,,
empire state building,4,3,4,,,
empty characters,4,2,4,,,
empty planet,4,2,4,,,
enthralling,4,4,4,,,
envy,4,4,4,,,
enzo barboni,4,4,1,,,
epic ending,4,3,3,,,
epico,4,4,3,,,
epifedrine,4,1,4,,,
erik van looy,4,2,3,,,
erlend's to-watch list,4,4,1,,,
ermanno olmi,4,4,1,,,
ernest r. dickerson,4,4,1,,,
ernst-hugo jã¤regã¥rd,4,2,4,,,
escapist action,4,2,3,,,
esoteric,4,3,4,,,
estonia,4,3,4,,,
eternal youth,4,2,4,,,
ethan embry,4,1,4,,,
ethic,4,3,4,,,
eugene jarecki,4,4,1,,,
europe trilogy,4,3,2,,,
european,4,4,3,,,
everything else,4,4,4,,,
evil robot,4,2,3,,,
evil twin,4,2,3,,,
ex-con,4,2,3,,,
excellent dialogue,4,2,2,,,
excellent graphics,4,2,3,,,
excellent soundtrack,4,3,4,,,
excessive coarseness,4,3,4,,,
executed with economy of expression,4,2,3,,,
exo-skeleton,4,1,4,,,
experience,4,1,4,,,
exploding shark,4,1,4,,,
extended edition,4,4,1,,,
extraordinary,4,4,3,,,
extrasensory visual capacity,4,4,1,,,
extremely funny,4,2,4,,,
eye opening,4,3,4,,,
fair,4,3,3,,,
fairly bad,4,3,4,,,
fake suicide,4,2,4,,,
fake trailers,4,2,2,,,
fallout taste,4,1,4,,,
family film,4,3,4,,,
family fun,4,4,4,,,
family traditions,4,1,4,,,
fantasy lands,4,3,2,,,
fate vs. free will,4,3,3,,,
faun,4,3,2,,,
fbi pursuit,4,2,4,,,
fbi pursuit/case,4,4,4,,,
feelgood,4,4,4,,,
fellini,4,3,3,,,
female heroine,4,3,4,,,
fenton bailey,4,4,1,,,
fernando e. solanas,4,4,1,,,
ferzan ozpetek,4,4,1,,,
fictional history,4,2,4,,,
film-making,4,2,4,,,
finding yourself,4,2,4,,,
finger injuries,4,4,1,,,
finland trilogy,4,3,2,,,
fireworks,4,4,3,,,
fixer,4,1,4,,,
flabby ass,4,1,4,,,
flag,4,3,2,,,
flooded sets,4,4,1,,,
flying saucers,4,4,1,,,
focused,4,2,4,,,
foodie,4,2,4,,,
for children,4,4,4,,,
forest fair,4,4,1,,,
fox,4,3,4,,,
francis lawrence,4,3,2,,,
franco's spain,4,3,3,,,
frank,4,4,3,,,
frank coraci,4,4,2,,,
frank lloyd,4,4,1,,,
franã§ois truffaut,4,4,3,,,
freaky,4,4,4,,,
freddy crueger,4,1,4,,,
free will,4,2,4,,,
freebird,4,2,4,,,
french revolution,4,3,4,,,
friday night fare,4,4,1,,,
friendship between boys,4,3,4,,,
friðrik þór friðriksson,4,4,1,,,
full of cliches,4,2,4,,,
funny parts,4,4,3,,,
funny pranks,4,1,4,,,
gabriele muccino,4,2,3,,,
gabriele salvatores,4,3,3,,,
gael garcía bernal,4,4,2,,,
gag,4,3,2,,,
gaming,4,3,4,,,
gangs of japan,4,3,4,,,
garage band,4,1,4,,,
gareth edwards,4,2,3,,,
gareth evans,4,3,2,,,
garth jennings,4,2,3,,,
gary goldman,4,4,1,,,
gary trousdale,4,3,2,,,
gaspar noã©,4,3,3,,,
gaspar noé,4,4,2,,,
gates of hell trilogy,4,3,2,,,
gavin hood,4,4,2,,,
gavin o'connor,4,3,2,,,
gay couple,4,4,3,,,
gay friendly,4,1,4,,,
gay history,4,1,4,,,
gay subtext,4,2,4,,,
gender issues,4,4,3,,,
gene simmons,4,2,4,,,
gentlemanly,4,1,4,,,
geology,4,2,4,,,
george bernard shaw,4,2,3,,,
george bush smoking pot,4,1,4,,,
george hickenlooper,4,4,1,,,
george kennedy,4,3,3,,,
georges franju,4,3,2,,,
german soldier,4,4,3,,,
germans,4,4,4,,,
gerry bednob,4,4,1,,,
giants,4,1,4,,,
gimmicky,4,4,4,,,
gina gershon,4,2,4,,,
ginger rogers,4,3,4,,,
gipsy,4,3,4,,,
gladiators,4,3,4,,,
globetrotting,4,2,3,,,
gloria swanson,4,1,4,,,
goblins,4,3,4,,,
godfrey reggio,4,4,1,,,
goemon,4,4,1,,,
golden brooks,4,4,1,,,
golshifteh farahani,4,2,3,,,
gonzo journalism,4,2,4,,,
good children movie,4,1,4,,,
good dialogues,4,4,1,,,
good fx,4,4,4,,,
good in the 80s,4,3,2,,,
good movie nobody saw,4,3,2,,,
good special effects,4,4,4,,,
google,4,1,4,,,
gordon liu,4,2,3,,,
gordon pinsent,4,2,3,,,
gorgeous,4,3,3,,,
gothic girl,4,2,2,,,
gradual tension,4,1,4,,,
grandparents,4,3,3,,,
graphic novels,4,4,1,,,
graphics,4,4,4,,,
graveyard,4,3,3,,,
great beginning,4,3,4,,,
great casting,4,4,3,,,
great photography,4,2,4,,,
greatest movie of all time,4,2,4,,,
greedy executive theme,4,3,2,,,
green lantern,4,2,4,,,
greer garson,4,4,3,,,
gregg araki,4,3,3,,,
griffin dunne,4,2,3,,,
groupie,4,2,4,,,
guerilla warfare,4,4,3,,,
gullibility,4,3,2,,,
gun,4,4,4,,,
gun control,4,3,4,,,
gun smuggling,4,1,4,,,
gut-wrenching story,4,3,4,,,
guy movie,4,2,4,,,
hal holbrook,4,3,4,,,
hamilton macfadden,4,4,1,,,
han dynasty,4,2,2,,,
hard to hear lines,4,2,4,,,
harold french,4,4,1,,,
harpo marx,4,2,4,,,
harry shearer,4,2,3,,,
has soul,4,3,2,,,
hateful,4,1,4,,,
have but not seen,4,4,1,,,
health,4,3,4,,,
heart,4,4,4,,,
heart attack,4,2,4,,,
heat wave,4,4,1,,,
herds of cgi animals,4,3,2,,,
heritage,4,3,3,,,
hero is a wimp,4,3,2,,,
hide the dead body,4,2,3,,,
hideo gosha,4,3,2,,,
hippy,4,3,3,,,
hiromasa yonebayashi,4,2,3,,,
hiroshima,4,3,3,,,
historical fiction,4,2,4,,,
historical setting,4,2,4,,,
histrionic,4,3,3,,,
hollywood artistic license,4,2,3,,,
hollywood drama,4,2,4,,,
home invasion,4,3,3,,,
homicide,4,3,3,,,
hongkong,4,3,4,,,
honor bullshit,4,3,4,,,
hooker with a heart of gold,4,2,4,,,
hopeful,4,4,4,,,
hopeless,4,4,3,,,
horrific violence,4,2,4,,,
horror game,4,1,4,,,
howard zieff,4,4,1,,,
hs,4,4,1,,,
huac,4,2,2,,,
human,4,3,4,,,
hunger,4,4,2,,,
hunted,4,3,4,,,
hurricane katrina,4,3,4,,,
hyped,4,4,4,,,
hypochondria,4,3,4,,,
hysterical in a quirky way,4,1,4,,,
i didn't get it.,4,1,4,,,
i see dead people,4,1,4,,,
i would rather suck exhaust than watch this pos again.,4,1,4,,,
iain softley,4,4,2,,,
ian mckellan,4,2,4,,,
ice age,4,4,4,,,
idea is better than the actual film,4,3,4,,,
identical remake,4,1,4,,,
idiotic characters,4,3,4,,,
idiots,4,4,3,,,
if you build it they will come,4,1,4,,,
iguana,4,1,4,,,
illusionism,4,2,4,,,
illusionist,4,2,4,,,
imelda staunton,4,3,4,,,
imposter,4,3,4,,,
in the nucleus,4,4,1,,,
incompetent cops,4,1,4,,,
incongruous,4,2,4,,,
indian,4,4,4,,,
indie music,4,2,4,,,
inequality,4,1,4,,,
infanticide,4,4,2,,,
information retrieval,4,1,4,,,
injuries,4,4,4,,,
insider acting stuff,4,1,4,,,
inspiration,4,4,4,,,
inspirational ending,4,3,2,,,
inspirational speeches,4,1,4,,,
inspirational teacher,4,2,4,,,
inspiring sports movie,4,3,2,,,
instills good moral values,4,1,4,,,
institutionalization,4,4,2,,,
insubstantial,4,1,4,,,
insults audience's intelligence,4,2,4,,,
intelligent design,4,2,4,,,
intensity,4,2,4,,,
intercultural relationship,4,3,4,,,
interspecies sex,4,1,4,,,
intertwined,4,3,3,,,
intoxicants,4,1,4,,,
introspective,4,1,4,,,
ione skye,4,2,3,,,
ip man,4,3,3,,,
irene dunne,4,2,3,,,
irrfan khan,4,2,4,,,
irwin winkler,4,3,2,,,
ishiro honda,4,4,1,,,
italian horror,4,3,3,,,
j. g. ballard,4,3,2,,,
jack cardiff,4,4,2,,,
jai courtney,4,3,4,,,
jake johnson,4,2,4,,,
james doohan,4,3,3,,,
james fox,4,4,3,,,
james ponsoldt,4,3,2,,,
james remar,4,4,4,,,
jamie kennedy,4,4,4,,,
jamie uys,4,3,2,,,
jan hrebejk,4,3,2,,,
jay chapman,4,4,1,,,
jazz music,4,3,4,,,
jean arthur,4,2,2,,,
jean becker,4,4,1,,,
jean seberg,4,2,4,,,
jean-christophe grange,4,2,2,,,
jean-marc vallée,4,4,1,,,
jean-marie poiré,4,4,1,,,
jeff bleckner,4,4,1,,,
jeff nichols,4,3,2,,,
jenna elfman,4,2,4,,,
jennifer beals,4,4,3,,,
jennifer connelly is a fox,4,4,1,,,
jennifer ehle,4,2,4,,,
jennifer saunders,4,2,4,,,
jennifer tilly,4,3,4,,,
jerzy skolimowski,4,4,1,,,
jesse dylan,4,3,2,,,
jesse peretz,4,2,3,,,
jessica simpson,4,1,4,,,
jim morrison,4,1,4,,,
jirí menzel,4,4,1,,,
joanne woodward,4,3,3,,,
joe hisaishi,4,3,2,,,
joe mantegna,4,3,4,,,
joe may,4,4,1,,,
joe russo,4,2,3,,,
joel coen,4,3,3,,,
john berry,4,4,1,,,
john boulting,4,4,1,,,
john corbett,4,3,2,,,
john flynn,4,4,1,,,
john guillermin,4,4,1,,,
john heard,4,4,3,,,
john lennon,4,3,4,,,
john mcclane,4,3,4,,,
john musker,4,3,2,,,
john pasquin,4,3,2,,,
jon amiel,4,4,1,,,
jon hamm,4,2,4,,,
jon jones,4,4,1,,,
jonathan glazer,4,3,2,,,
jonathan kaplan,4,4,1,,,
jonathan levine,4,3,2,,,
jonathan miller,4,4,1,,,
jonathan richman,4,2,3,,,
joseph h. lewis,4,4,1,,,
joseph ruben,4,4,1,,,
joshua logan,4,4,1,,,
jovial,4,4,1,,,
juan josé campanella,4,4,1,,,
judaica,4,2,3,,,
jules sitruk,4,4,2,,,
julia child,4,1,4,,,
julia dietze,4,1,4,,,
julian schnabel,4,3,2,,,
julien temple,4,4,1,,,
just allen,4,4,2,,,
just didn't get it,4,4,2,,,
juzo itami,4,4,1,,,
jã¼rgen vogel,4,3,3,,,
karaoke,4,4,3,,,
kate mara,4,3,4,,,
katharine isabelle,4,4,3,,,
katsuhiro otomo,4,3,2,,,
keenen ivory wayans,4,3,2,,,
ken kwapis,4,4,1,,,
kevin corrigan,4,1,4,,,
kevin lima,4,3,2,,,
kind,4,4,2,,,
kind of boring,4,1,4,,,
kinda boring,4,4,3,,,
kindergarten,4,3,3,,,
king kong wannabe,4,4,1,,,
kingdoms,4,1,4,,,
kitano,4,3,4,,,
kites for kiddos,4,4,1,,,
kiyoshi kurosawa,4,4,1,,,
kristanna loken,4,3,3,,,
kungfu hackers,4,1,4,,,
kuwait,4,3,3,,,
kyle gallner,4,4,3,,,
kyle maclachlan,4,3,4,,,
lake tahoe,4,2,4,,,
lame anime,4,2,3,,,
lame title,4,3,2,,,
lance bangs,4,4,1,,,
larisa shepitko,4,4,1,,,
laugh out loud any time movie,4,3,4,,,
laurent cantet,4,3,2,,,
lead woman,4,2,3,,,
leaves rich handsome man meets new rich handsome man,4,1,4,,,
lee j. cobb,4,4,3,,,
lee unkrich,4,3,2,,,
leeds united,4,1,4,,,
left at the altar,4,2,3,,,
left wing,4,3,3,,,
left-wing propaganda,4,2,4,,,
legends,4,2,4,,,
lena olin,4,4,4,,,
lenght,4,4,3,,,
leni riefenstahl,4,4,1,,,
leon gast,4,4,1,,,
les mayfield,4,4,1,,,
leslie cheung,4,2,4,,,
lethargic pace,4,4,1,,,
levar burton,4,2,4,,,
liars,4,4,2,,,
liberal messages,4,1,4,,,
life-changing,4,2,4,,,
light plot,4,1,4,,,
likeable main character,4,3,4,,,
limited perspective,4,2,4,,,
linear,4,3,3,,,
linked storylines,4,1,4,,,
lisbon,4,3,3,,,
literacy,4,3,3,,,
ll cool j,4,3,4,,,
llama face!,4,1,4,,,
lloyd bridges,4,4,4,,,
loan shark,4,2,4,,,
lone scherfig,4,2,3,,,
long island,4,2,2,,,
looking for love,4,3,2,,,
looks interesting -- documentary,4,4,1,,,
loses its way,4,4,2,,,
lost child,4,3,3,,,
lost classic,4,4,2,,,
lost job,4,1,4,,,
lots of guns,4,2,4,,,
loud music,4,2,4,,,
louis lumière,4,4,1,,,
louise bourgoin,4,4,1,,,
louise brooks,4,2,3,,,
lucifer,4,3,2,,,
luck,4,4,4,,,
lucrecia martel,4,3,2,,,
lucy walker,4,4,1,,,
ludicrous plot,4,1,4,,,
lulz,4,2,3,,,
lyon,4,3,2,,,
magic carpet,4,3,2,,,
magic school,4,4,1,,,
magical negro,4,2,3,,,
magneto,4,3,4,,,
mahatma gandhi,4,2,4,,,
makes you cry,4,3,3,,,
malcolm st. clair,4,4,1,,,
male female relationship,4,3,4,,,
male teenager(s) & female prostitute(s),4,3,2,,,
mall,4,3,3,,,
man in the sky,4,1,4,,,
marching bands,4,4,1,,,
marco brambilla,4,2,3,,,
margaret thatcher,4,3,3,,,
mariah carey,4,2,4,,,
mark cousins,4,4,1,,,
mark duplass,4,4,2,,,
mark l. lester,4,3,2,,,
marlon wayans,4,2,3,,,
martin donovan,4,2,3,,,
marty callner,4,4,1,,,
marvelous,4,3,4,,,
mary astor,4,3,3,,,
masochism,4,3,3,,,
matrix ripoff,4,2,4,,,
matt leblanc,4,1,4,,,
matteo garrone,4,4,2,,,
maturity,4,3,4,,,
maya,4,2,4,,,
mediocre ending,4,1,4,,,
mel stuart,4,2,3,,,
melissa george,4,2,4,,,
melvyn douglas,4,3,3,,,
memory makes us who we are,4,4,1,,,
memphis,4,3,4,,,
men disguised as women,4,4,1,,,
mesmerizing,4,2,3,,,
metaphoric images,4,1,4,,,
metaphysical,4,4,4,,,
metaplot,4,4,1,,,
mia sara,4,2,4,,,
michael cimino,4,3,3,,,
michael dowse,4,4,1,,,
michael hoffman,4,4,1,,,
michael ironside,4,3,4,,,
michael myers,4,3,4,,,
michael rapaport,4,4,4,,,
michael richards,4,2,4,,,
michael vejar,4,2,3,,,
microsoft,4,2,4,,,
middle age,4,2,4,,,
middle school,4,2,4,,,
midlife crises,4,3,3,,,
mika kaurismäki,4,4,1,,,
mikhail kalatozov,4,4,1,,,
miles teller,4,3,3,,,
miley cyrus,4,2,4,,,
milla,4,2,3,,,
mimi leder,4,3,2,,,
mind altering drugs,4,3,2,,,
mindfuck movie,4,4,4,,,
mini coopers,4,1,4,,,
minimal dialogue,4,1,4,,,
miranda july,4,1,4,,,
miriam hopkins,4,4,1,,,
misandry,4,1,4,,,
mischievous children,4,4,2,,,
missing/kidnapped child,4,4,1,,,
missouri,4,3,2,,,
mobsters,4,4,4,,,
mock documentary,4,1,4,,,
monaco,4,2,4,,,
monsanto,4,2,3,,,
monster:eldritch abomination,4,4,1,,,
monte hellman,4,4,1,,,
morality tale,4,3,4,,,
more explosions,4,1,4,,,
morten tyldum,4,4,1,,,
mount rushmore,4,1,4,,,
movie i didn't watch to the end,4,2,3,,,
movie reference jokes,4,2,4,,,
movies i own-dvd,4,4,1,,,
mpaa,4,2,4,,,
mubi,4,4,1,,,
muhammad ali,4,1,4,,,
multiple endings,4,2,4,,,
multiple languages,4,3,4,,,
musical band:talking heads,4,1,4,,,
musical band:the beatles,4,3,2,,,
musical numbers,4,4,4,,,
mutiny,4,3,4,,,
my favourite of all,4,3,4,,,
mystic,4,3,4,,,
mythical creatures,4,3,3,,,
naivety,4,3,3,,,
narrator,4,4,4,,,
nashville,4,3,3,,,
nathan lane,4,2,4,,,
nathaniel hawthorne,4,4,1,,,
nature strikes back,4,4,1,,,
nazi villains,4,4,2,,,
need to see,4,3,2,,,
neil burger,4,3,2,,,
neo-silent,4,4,1,,,
nerd fantasy,4,3,3,,,
nerd humor,4,1,4,,,
nervous breakdown,4,3,4,,,
netflix instant,4,4,1,,,
neurotic new yorkers,4,3,2,,,
new mexican cinema,4,2,3,,,
new society,4,2,3,,,
news,4,3,4,,,
nia vardalos,4,2,4,,,
nice effects,4,4,3,,,
nick broomfield,4,4,1,,,
nick castle,4,4,1,,,
nick cave and the bad seeds,4,1,4,,,
nick kroll,4,4,1,,,
nick stahl,4,2,4,,,
nick willing,4,4,1,,,
nigel bruce,4,4,2,,,
nimród antal,4,4,1,,,
no,4,4,1,,,
no atmosphere,4,1,4,,,
no conclusion,4,3,4,,,
no emotional investment,4,1,4,,,
no john williams music,4,1,4,,,
no kids,4,3,2,,,
no plot!!!,4,3,4,,,
no sense ending,4,3,3,,,
no substance,4,3,4,,,
noam chomsky,4,3,4,,,
nobility,4,4,2,,,
nobuhiko obayashi,4,3,3,,,
norah jones,4,1,4,,,
normality,4,4,3,,,
north carolina,4,2,4,,,
not a war movie.,4,1,4,,,
not as disturbing as the novel,4,1,4,,,
not at rv or bb,4,4,1,,,
not exactly pc,4,1,4,,,
not funny enough,4,3,4,,,
not in english,4,2,4,,,
not intense enough,4,3,3,,,
not interesting,4,3,3,,,
not like the book,4,4,4,,,
not my kind of comedy,4,1,4,,,
not only for fans of the original,4,1,4,,,
not only for kids,4,3,4,,,
not perrot library,4,4,1,,,
not science fiction,4,3,2,,,
not sensationalist,4,1,4,,,
not strictly a remake,4,1,4,,,
not suspenseful,4,4,4,,,
not what was expected but still good,4,2,4,,,
not worth a star,4,2,3,,,
nothing original,4,2,4,,,
nr (r),4,4,2,,,
obsessed protagonist,4,1,4,,,
odd sense of humor,4,4,2,,,
odessa,4,3,4,,,
oedipus complex,4,3,3,,,
offbeat humor,4,3,3,,,
old classic,4,2,3,,,
old dark house,4,3,3,,,
old people,4,3,4,,,
older woman younger man,4,4,4,,,
oliver parker,4,4,1,,,
olivia hussey,4,2,4,,,
olivia newton-john,4,1,4,,,
omar sy,4,3,3,,,
omid djalili,4,4,1,,,
on tv all the time,4,2,4,,,
one man show,4,3,4,,,
one of  the 10 best movies ever made.,4,3,3,,,
one of the greatest overlooked films,4,1,4,,,
one sided,4,4,4,,,
one swipe swordfights,4,1,4,,,
one-sided,4,3,3,,,
oompa loompas,4,2,3,,,
open end,4,2,4,,,
open ended endings,4,1,4,,,
open source,4,2,4,,,
opportunism,4,2,4,,,
optimistic,4,2,4,,,
osaka castle,4,4,1,,,
osama bin laden,4,3,3,,,
oscar (best director),4,2,4,,,
oscar 2002,4,3,2,,,
oscar 2003,4,4,1,,,
oscar bait,4,4,3,,,
oscar nominee: sound,4,4,1,,,
oscar nominee: supporting actress,4,4,1,,,
ossie davis,4,3,4,,,
ostensibly for kids but: chock full o' prejudice:sexism & ageism,4,1,4,,,
outcast,4,4,3,,,
outrageous,4,4,4,,,
overbearing mother,4,3,3,,,
overcoming odds,4,2,3,,,
overcomplicated,4,2,3,,,
overlooked,4,3,4,,,
overly complex,4,1,4,,,
overly happy ending,4,2,4,,,
pacey,4,4,3,,,
pacifist,4,2,4,,,
pain,4,4,4,,,
painfully heteronormative,4,3,2,,,
paired with:pan's labyrinth,4,2,3,,,
paranormal investigators,4,1,4,,,
parkour: getting around obstacles a great complement to being alive,4,2,3,,,
partisans,4,3,4,,,
pastiche,4,4,2,,,
patagonia,4,4,3,,,
paternity,4,2,4,,,
patricide,4,3,3,,,
patrick bateman,4,2,4,,,
patrick fugit,4,3,4,,,
paul crowder,4,4,1,,,
paul feig,4,3,2,,,
paul michael glaser,4,4,1,,,
paul scofield,4,2,4,,,
paul sorvino,4,3,4,,,
paul weitz,4,4,2,,,
pedro costa,4,4,1,,,
penguin,4,3,4,,,
penguins value their babies,4,1,4,,,
perfect comedy,4,3,2,,,
perfect timing,4,1,4,,,
persecution,4,3,4,,,
persistence,4,2,3,,,
personal growth,4,2,4,,,
peter chelsom,4,4,1,,,
peyton reed,4,3,2,,,
pg-13:sexual content,4,4,1,,,
pg:mild language,4,4,1,,,
phil rosen,4,4,1,,,
pierre niney,4,4,1,,,
pig,4,3,4,,,
piss your pants funny,4,1,4,,,
pistol,4,4,1,,,
pivotal decision,4,1,4,,,
place driven,4,1,4,,,
play,4,3,4,,,
playboy,4,4,2,,,
playing the field,4,3,2,,,
playwright,4,4,3,,,
playwright:charles dickens,4,4,1,,,
plodding pace,4,2,4,,,
plot point:television,4,4,1,,,
plot sucks,4,1,4,,,
plot:romance during porno shoot,4,2,3,,,
plot:small british community comes together,4,4,2,,,
plotholes,4,1,4,,,
pompous,4,4,4,,,
poor adaptation,4,4,3,,,
poor execution,4,3,3,,,
poor fight choreography,4,3,2,,,
pop music,4,4,4,,,
porn stars,4,3,3,,,
portuguese,4,1,4,,,
positive portyayal of gay relationships,4,1,4,,,
possibly scarring,4,2,4,,,
pot,4,1,4,,,
predestination,4,4,2,,,
pretty but pointless,4,1,4,,,
price fixing,4,1,4,,,
princess series,4,4,1,,,
prison drama,4,3,4,,,
privacy,4,3,3,,,
private investigator,4,3,3,,,
pro-military,4,2,4,,,
prodigies,4,3,3,,,
product placement overkill,4,4,4,,,
production i.g,4,2,4,,,
projectionist,4,3,3,,,
promiscuity,4,4,3,,,
protagonist is a dancer,4,2,3,,,
protagonist is a performer,4,2,3,,,
protagonist is engineer,4,3,2,,,
protagonist is photographer,4,4,2,,,
protagonist is recently widowed,4,3,2,,,
protagonist is stage performer,4,4,1,,,
provence,4,3,3,,,
psychiatrist as character,4,3,2,,,
psychic power,4,2,4,,,
pudding,4,1,4,,,
puking,4,2,4,,,
puppen,4,4,1,,,
pure entertainment,4,2,4,,,
quakers,4,3,4,,,
quantum leaping,4,3,3,,,
quick change artist,4,3,2,,,
quã©bã©cois,4,2,4,,,
r language,4,2,4,,,
r.j. cutler,4,3,2,,,
rachmaninoff,4,1,4,,,
racist as hell,4,4,3,,,
radical,4,3,4,,,
raffaello matarazzo,4,4,1,,,
ralf richter,4,3,2,,,
ralph bakshi,4,3,3,,,
rampage,4,3,4,,,
randolph scott,4,3,4,,,
random,4,3,4,,,
ray winstone,4,3,4,,,
read book first,4,3,2,,,
real doll,4,1,4,,,
realistic wrestling,4,1,4,,,
realities of life,4,2,4,,,
reality,4,4,2,,,
rebel wilson,4,2,3,,,
rebellious,4,4,1,,,
recreation,4,1,4,,,
red western,4,4,1,,,
reginald hudlin,4,3,2,,,
related:bringing up baby (1938),4,3,2,,,
related:star wars,4,3,2,,,
relentless,4,2,4,,,
religious bigotry,4,3,3,,,
religious conversion,4,3,2,,,
remake better than original version,4,2,4,,,
remake of let the right one in (2008),4,1,4,,,
remake of:the front page (1931),4,4,1,,,
remakeof:the longest yard (1974),4,3,2,,,
renegade art,4,1,4,,,
rené laloux,4,4,1,,,
retired spy being hunted,4,2,3,,,
revoltingly bad,4,1,4,,,
rich families,4,2,4,,,
richard boleslawski,4,4,1,,,
richard crenna,4,2,4,,,
richard lagravenese,4,3,2,,,
richard marquand,4,3,2,,,
riddled with clichã©,4,1,4,,,
road rage,4,1,4,,,
rob bowman,4,3,3,,,
robert clouse,4,3,2,,,
robert enrico,4,4,1,,,
robert florey,4,4,1,,,
robert iscove,4,4,1,,,
robert mandel,4,4,1,,,
robert montgomery,4,4,2,,,
robert pulcini,4,4,1,,,
robert rodriguiz,4,3,2,,,
robert schwentke,4,3,2,,,
robert sean leonard,4,2,4,,,
robert townsend,4,3,2,,,
robert vaughn,4,2,3,,,
robin wright,4,3,4,,,
rock climbing,4,4,3,,,
rock concert footage,4,3,3,,,
rock n' roll,4,2,4,,,
rocky homage,4,1,4,,,
rod daniel,4,4,1,,,
rod lurie,4,4,1,,,
rodrigo santoro,4,2,4,,,
roger kumble,4,3,2,,,
role models,4,2,4,,,
romanian,4,3,4,,,
romanian poverty,4,3,3,,,
romantic betrayal,4,4,1,,,
romantic but not cheesy,4,1,4,,,
ron underwood,4,4,1,,,
ronald reagan,4,4,4,,,
rosalind russell,4,2,3,,,
rosebud,4,1,4,,,
roy scheider,4,3,4,,,
roy ward baker,4,4,1,,,
rule-making,4,1,4,,,
running scene,4,2,4,,,
russian accent,4,1,4,,,
russians,4,4,3,,,
ruthless,4,2,3,,,
ryan o'neal,4,3,4,,,
rza (composer),4,3,2,,,
s.e. hinton,4,4,2,,,
saccharine,4,4,4,,,
sad people,4,3,2,,,
safe (for valuables),4,4,1,,,
saffron burrows,4,4,4,,,
saints,4,3,4,,,
saladin,4,3,3,,,
salesmen,4,3,4,,,
sam katzman,4,4,1,,,
sam weisman,4,4,1,,,
samuel jackson,4,1,4,,,
sanjay leela bhansali,4,3,2,,,
satisfying ending,4,3,4,,,
satsuo yamamoto,4,4,1,,,
saturn award (best actress),4,4,2,,,
savage,4,3,3,,,
scarlett johannson,4,2,4,,,
scary movie series,4,4,1,,,
scatalogical humor,4,1,4,,,
scenography,4,3,3,,,
scent,4,1,4,,,
school shooting,4,4,2,,,
sci-fi thriller,4,1,4,,,
scifi re aging,4,2,3,,,
scooby-doo,4,2,4,,,
scored,4,4,4,,,
scott glenn,4,4,2,,,
scott hicks,4,3,2,,,
screenwriter:hayao miyazaki,4,4,1,,,
scrooge,4,2,4,,,
sea bottom,4,1,4,,,
seal,4,2,4,,,
sean anders,4,3,2,,,
sean william scott,4,3,3,,,
searching for love,4,2,4,,,
sebastian stan,4,4,1,,,
sebastián silva,4,3,2,,,
secret agent,4,4,4,,,
see more than once,4,3,4,,,
see paris die!,4,1,4,,,
seealso:the wizard of oz (1939),4,4,1,,,
self-hatred,4,4,3,,,
self-mutilation,4,4,4,,,
semi-good sports movies,4,4,1,,,
senators,4,4,2,,,
sentient dog,4,2,3,,,
sequel:worse,4,2,3,,,
sergey bodrov jr.,4,2,4,,,
sergey bondarchuk,4,4,1,,,
sergiu nicolaescu,4,4,1,,,
series ending,4,1,4,,,
series reset,4,1,4,,,
serious topics,4,1,4,,,
setting:baltimore,4,3,2,,,
setting:london,4,2,4,,,
setting:space,4,1,4,,,
setting:washington dc,4,3,3,,,
setup,4,3,4,,,
sex addiction,4,3,4,,,
sex offender,4,4,3,,,
sexual fantasy,4,4,1,,,
sexual harassment,4,4,4,,,
sexual repression,4,3,3,,,
sexy ladies,4,2,3,,,
sexy protagonist,4,4,3,,,
shakespeare adaptation,4,2,4,,,
shakespearean,4,4,3,,,
shane west,4,3,4,,,
shark-attacks,4,1,4,,,
shirtless men,4,4,4,,,
shobijin,4,4,1,,,
shoot out,4,1,4,,,
shop (establishment),4,4,1,,,
shorter than the book,4,1,4,,,
shorts,4,4,3,,,
siam,4,4,2,,,
siddig,4,4,1,,,
siege,4,4,4,,,
silent killer,4,1,4,,,
silvester stallone,4,3,3,,,
simon callow,4,3,4,,,
simone simon,4,4,2,,,
simulation,4,3,4,,,
sin,4,4,3,,,
singers,4,3,4,,,
sisterhood,4,3,4,,,
siu-tung ching,4,4,1,,,
skeet ulrich,4,2,4,,,
slaughter,4,2,4,,,
slaughtered the book,4,2,4,,,
slow motion scenes,4,3,4,,,
smart dialogues,4,1,4,,,
snowboard,4,3,4,,,
so bad,4,1,4,,,
so bad its good,4,3,4,,,
so sad,4,3,3,,,
so well done,4,1,4,,,
social exclusion,4,3,4,,,
solid comedy,4,4,2,,,
solidarity,4,3,4,,,
sound editing,4,4,4,,,
south,4,3,3,,,
southern europe,4,1,4,,,
speech,4,3,4,,,
spider,4,3,4,,,
spinal tap influence,4,1,4,,,
spirit animal,4,3,2,,,
sport:baseball?,4,3,2,,,
sport:golf,4,3,2,,,
sport:hockey,4,2,3,,,
spring break,4,3,4,,,
ss,4,4,4,,,
stammering,4,1,4,,,
stand-up,4,3,3,,,
standard romantic comedy,4,1,4,,,
stanislaw lem,4,4,2,,,
stanley tong,4,4,1,,,
statutory rape,4,3,3,,,
stephen dorff,4,3,4,,,
stephen norrington,4,2,2,,,
sterling hayden,4,2,4,,,
stieg larsson,4,3,3,,,
stilted dialogue,4,4,3,,,
stinking heap of shit,4,1,4,,,
stolen library books,4,1,4,,,
stoner rock,4,1,4,,,
stop using useless characters for filler,4,1,4,,,
stories,4,4,4,,,
straight forward,4,2,4,,,
strong,4,4,2,,,
strong romantic subplot,4,2,3,,,
strong story,4,3,3,,,
strong-minded characters,4,3,2,,,
sttng,4,4,1,,,
stupid and unnecessary,4,1,4,,,
stupid comedy,4,3,4,,,
stupid police,4,3,2,,,
stutter,4,3,3,,,
subconscious,4,2,4,,,
subgenre:makingof (movie),4,1,4,,,
subgenre:political corruption,4,3,2,,,
submarines,4,3,4,,,
subtlety,4,2,4,,,
suicide bomber,4,3,4,,,
sumerian culture,4,1,4,,,
super villain,4,2,4,,,
superhuman,4,4,3,,,
supernatural power,4,2,4,,,
suprises around every corner,4,1,4,,,
survellience,4,2,4,,,
survival story,4,3,4,,,
swashbuckling,4,3,4,,,
swing and a miss,4,2,4,,,
syrup chugging,4,1,4,,,
takes itself too seriously,4,4,4,,,
tap dance,4,3,4,,,
tattoos,4,4,4,,,
taylor swift,4,3,3,,,
teacher as protagonist,4,4,2,,,
team,4,4,3,,,
team-building,4,2,4,,,
terence hill,4,4,3,,,
teresa palmer,4,3,4,,,
teri garr,4,3,3,,,
teri polo,4,4,3,,,
terry george,4,3,2,,,
tetsuya nakashima,4,3,2,,,
teuvo tulio,4,3,2,,,
thai,4,4,4,,,
the chemical brothers,4,1,4,,,
the comfort food of movies,4,3,2,,,
the hughes brothers,4,3,2,,,
the series was better,4,1,4,,,
the worst movie i've ever seen,4,3,4,,,
this is just shit..haha,4,1,4,,,
this was a twilight zone episode,4,1,4,,,
thomas carter,4,4,1,,,
three colours trilogy,4,3,2,,,
ti west,4,2,3,,,
ticket,4,4,1,,,
tied,4,3,2,,,
tierhorror,4,4,1,,,
tim blake nelson,4,3,4,,,
tim mcgraw,4,1,4,,,
time machine,4,3,2,,,
tissue regeneration,4,4,1,,,
title sequence,4,2,4,,,
title spoken by character,4,4,2,,,
to see: classic,4,4,1,,,
to see: kites for kiddos,4,4,1,,,
to see: vampire,4,4,1,,,
to see: werewolf,4,4,1,,,
tobe hooper,4,4,3,,,
tom clegg,4,4,1,,,
tom savini,4,3,3,,,
tom schilling,4,3,2,,,
tom sturridge,4,2,3,,,
tony gatlif,4,4,1,,,
tony goldwyn,4,4,3,,,
tony kaye,4,2,3,,,
too artsy,4,3,4,,,
too complicated,4,3,4,,,
too fast,4,3,3,,,
too hollywood,4,2,4,,,
too intense,4,3,4,,,
too much blood,4,1,4,,,
too serious,4,3,4,,,
too worried it will offend people,4,4,1,,,
toons,4,1,4,,,
toontown,4,1,4,,,
top secret,4,1,4,,,
topiary,4,3,4,,,
topic:homophobia,4,1,4,,,
toston,4,4,1,,,
total bollocks,4,1,4,,,
tough to watch,4,1,4,,,
tourette syndrome,4,4,2,,,
town vs. country,4,3,2,,,
toys come to life,4,4,3,,,
trailer home,4,2,4,,,
trailer was misleading,4,3,3,,,
train station,4,3,4,,,
transformative performance,4,1,4,,,
transition,4,4,3,,,
transvestite,4,3,4,,,
trauma,4,4,4,,,
tricycle,4,3,3,,,
trilogy:qatsi,4,3,3,,,
tru 3-d,4,4,1,,,
tura satana,4,1,4,,,
turkish music,4,1,4,,,
tuscany,4,1,4,,,
twin towers,4,1,4,,,
twins and lookalikes,4,3,2,,,
twitter,4,1,4,,,
tyrese gibson,4,4,4,,,
uav,4,1,4,,,
ufo,4,4,2,,,
ugh,4,4,1,,,
ugly woman,4,4,4,,,
umberto eco,4,1,4,,,
unapologetically awesome characters,4,4,1,,,
unbiased,4,3,3,,,
uncomprehensive screenplay and plot,4,2,3,,,
unconventional friendship,4,4,1,,,
underdeveloped,4,2,4,,,
underdeveloped plot,4,2,4,,,
underrated director,4,1,4,,,
underwhelming,4,4,2,,,
underwhelming ending,4,2,4,,,
uneven performances,4,1,4,,,
unfinished,4,3,4,,,
unforgetable,4,2,4,,,
unhappy ending,4,3,4,,,
unique story,4,1,4,,,
unlikely,4,4,3,,,
unlikely romance,4,1,4,,,
unnecessary nudity,4,4,3,,,
unorthodox,4,2,4,,,
unreal,4,3,4,,,
unreal ending,4,2,4,,,
unrealistic but well done,4,1,4,,,
unsuspenseful,4,4,3,,,
unwatchable sadism,4,1,4,,,
up lifting,4,1,4,,,
upbeat music,4,1,4,,,
uplifting and compelling,4,1,4,,,
upton sinclair,4,2,3,,,
utter shit,4,3,4,,,
utterly predictable,4,2,4,,,
vagina dentata,4,2,4,,,
val guest,4,4,1,,,
variations on a theme,4,2,4,,,
vegan,4,3,3,,,
verbose,4,2,3,,,
veronica lake,4,3,4,,,
versailles,4,2,4,,,
very girlish,4,1,4,,,
very good for kids and adults,4,3,3,,,
very well made,4,2,4,,,
video,4,4,4,,,
video store,4,3,4,,,
villa,4,4,2,,,
villain steals the show,4,4,1,,,
violent disturbing,4,4,4,,,
virginia madsen,4,3,4,,,
visions,4,2,4,,,
visual hallucination,4,1,4,,,
visual spectacle,4,3,3,,,
visually inventive,4,1,4,,,
visually stylish,4,1,4,,,
vivacious,4,1,4,,,
voiceover,4,4,4,,,
wai-keung lau,4,4,2,,,
waif-fu,4,4,1,,,
wallace shawn,4,1,4,,,
walter koenig,4,3,3,,,
wanda sykes,4,2,3,,,
wandering,4,2,4,,,
war drama,4,4,4,,,
warning: some people tryed to kill themselves while watching,4,1,4,,,
warsaw,4,2,3,,,
warwick davis,4,3,4,,,
waste of time and money to see this,4,2,4,,,
wasted characters,4,1,4,,,
wasted villain,4,2,4,,,
watched 1995,4,4,1,,,
watched 1999,4,4,1,,,
watered down,4,2,4,,,
wayans brothers,4,1,4,,,
we are all connected. it's not my life or your life it's all life. stop being afraid and hating the unknown. smile and make eye contact.,4,1,4,,,
weak dialoges,4,2,4,,,
weapon of mass destruction,4,1,4,,,
weihnachtsfilm,4,4,1,,,
well cast,4,2,4,,,
well written and structured,4,3,4,,,
wes craven thriller,4,1,4,,,
what the hell was that?,4,2,4,,,
white,4,3,3,,,
wholesome,4,3,4,,,
wierd for the sake of it,4,1,4,,,
wild and fresh,4,2,4,,,
wild west,4,4,4,,,
wilford brimley,4,2,4,,,
william goldman,4,3,3,,,
william s. burroughs,4,1,4,,,
wilson,4,1,4,,,
wilson yip,4,3,2,,,
witness protection programme,4,4,2,,,
witnessing a crime,4,4,2,,,
wizardofoz,4,4,1,,,
woman lead,4,2,3,,,
wonderfully warm and amusing,4,3,3,,,
woody allen is a terrible person,4,3,2,,,
world end,4,2,3,,,
wrist watch,4,3,2,,,
writer as protagonist,4,3,2,,,
writer's block,4,4,4,,,
wrong. so wrong,4,2,4,,,
x-men wanna-be,4,2,3,,,
xenophobic,4,2,4,,,
yasuhiro yoshiura,4,3,2,,,
yeah but damn is she hot,4,1,4,,,
yoshiaki kawajiri,4,4,2,,,
you're gonna die clown,4,1,4,,,
young heroes,4,2,3,,,
yves allégret,4,4,1,,,
yvonne strahovski,4,2,4,,,
yôji yamada,4,4,1,,,
zeppelin,4,3,3,,,
zoe saldana,4,3,4,,,
zombie dogs,4,1,4,,,
zoo,4,4,4,,,
å¡å†uk,4,4,1,,,
çagan irmak,4,4,1,,,
cult-classic,3,1,3,275,1.0,0.758
anti hero,3,3,3,67,3.0,0.3144166666666666
"""the hunter""",3,3,1,,,
'aka: i will never get those 2 hours back...ever',3,1,3,,,
'sexy',3,1,3,,,
05/13,3,3,1,,,
06/13,3,3,1,,,
11-5-2007,3,2,2,,,
1304,3,3,1,,,
13th century,3,2,3,,,
1920's,3,3,3,,,
1930's,3,2,3,,,
1950's,3,3,3,,,
1960's jim crow,3,1,3,,,
2009 reissue in stereoscopic 3-d,3,3,1,,,
2010s,3,3,3,,,
20th century,3,3,3,,,
27-12-2007,3,3,1,,,
2d characters,3,2,3,,,
2d disney animation,3,1,3,,,
300 spoof,3,1,3,,,
48 frames per second,3,3,1,,,
5+ out of 5,3,3,1,,,
5.9-filmaffinity,3,3,1,,,
50s sci-fi,3,2,2,,,
6.2-filmaffinity,3,3,1,,,
6.3-filmaffinity,3,3,1,,,
6.4-filmaffinity,3,3,1,,,
6.7-filmaffinity,3,3,1,,,
7.3-filmaffinity,3,3,1,,,
7.5-filmaffinity,3,3,1,,,
9/11 reference,3,1,3,,,
90s cynicisim,3,1,3,,,
==================,3,3,1,,,
===================,3,3,1,,,
?alternate endings,3,3,1,,,
`murder investigation as dating service' (monica nolan in bitch no.36),3,2,2,,,
a couple of well-thought surprises break the formula,3,1,3,,,
a dingo ate my baby,3,1,3,,,
a good waste of 1 hour,3,1,3,,,
a hollywood political message,3,1,3,,,
a little predictable,3,1,3,,,
a non-typical story leads to a fine ending,3,1,3,,,
a tribute to the silent era,3,2,2,,,
a. s. byatt,3,2,2,,,
aaron taylor-johnson,3,2,3,,,
abandoned amusement park,3,1,3,,,
abandoned buildings,3,1,3,,,
abjection,3,3,1,,,
about half way through it started turning into a live action cartoon.,3,1,3,,,
absent-minded professor,3,2,2,,,
absurdist,3,3,3,,,
abused children,3,3,3,,,
academy award - best foreign film,3,2,3,,,
accountants,3,3,2,,,
acidly funny,3,2,3,,,
action martial-arts revenge,3,3,2,,,
action/comedy,3,2,3,,,
adam carolla,3,1,3,,,
adam green,3,2,2,,,
adapted from:operetta,3,3,1,,,
adelaide clemens,3,1,3,,,
adele exarchopoulos,3,1,3,,,
adrianne palicki,3,2,3,,,
adventureous,3,3,3,,,
aerospace,3,3,1,,,
afi #91,3,1,3,,,
afi #93,3,1,3,,,
african atrocities,3,2,3,,,
african-american,3,2,3,,,
afro-american,3,3,2,,,
after 10 minutes it's unwatchable,3,1,3,,,
agnes moorehead,3,2,3,,,
agnã¨s varda,3,2,2,,,
ahead of its time,3,2,3,,,
air war,3,2,2,,,
alain prost,3,1,3,,,
alan mak,3,3,2,,,
alastair sim,3,2,2,,,
albanians,3,2,3,,,
albert lewin,3,3,1,,,
alberto cavalcanti,3,3,1,,,
alchemy,3,2,2,,,
alex segal,3,3,1,,,
alex winter,3,2,3,,,
alexandra pelosi,3,3,1,,,
alice cooper,3,2,3,,,
alicia keys,3,2,3,,,
alida valli,3,2,2,,,
alien beings,3,1,3,,,
aliens ripoff,3,1,3,,,
all,3,2,3,,,
all action,3,1,3,,,
allan king,3,3,1,,,
allan moyle,3,3,1,,,
allegory:  superman = christ.  his mother - virgin mary.  story of moses,3,1,3,,,
alliances,3,2,2,,,
allison janney,3,3,2,,,
ally sheedy,3,2,2,,,
altered tone,3,1,3,,,
alternative history,3,3,3,,,
alternative realities,3,3,3,,,
alyson stoner,3,2,2,,,
amanda bynes acting,3,1,3,,,
amature,3,2,3,,,
amazing classic,3,1,3,,,
amazing display of friendship,3,1,3,,,
amazing ending,3,2,3,,,
amazon jungle,3,3,3,,,
amazon prime,3,3,1,,,
amblin,3,2,3,,,
ambush,3,3,2,,,
amc 24,3,3,1,,,
amelie-esque color scheme,3,1,3,,,
american sign language,3,2,3,,,
american west,3,3,2,,,
americanized,3,2,3,,,
americanized movie,3,2,3,,,
amir bar-lev,3,2,2,,,
amoral,3,1,3,,,
amount of destruction,3,1,3,,,
amtrak,3,1,3,,,
amy acker,3,2,3,,,
amy berg,3,3,1,,,
an undiscovered classic,3,1,3,,,
ana lily amirpour,3,1,3,,,
anal sex,3,3,3,,,
analysis of subtext,3,1,3,,,
anamaria marinca,3,1,3,,,
ancient china,3,2,3,,,
andrei konchalovsky,3,3,3,,,
andrew bergman,3,3,1,,,
andrew jarecki,3,1,3,,,
andrew klavan,3,3,1,,,
andrew lloyd weber,3,1,3,,,
andrzej bartkowiak,3,3,1,,,
angelina jolies lips,3,2,3,,,
angst,3,2,2,,,
angus maclane,3,3,1,,,
animal husbandry,3,2,3,,,
animal research,3,3,1,,,
animal:tiger (cgi),3,1,3,,,
animated animal:chameleon,3,1,3,,,
animated opera,3,2,2,,,
ann-margret,3,2,3,,,
anna boden,3,3,1,,,
anne baxter,3,2,3,,,
anne fletcher,3,2,2,,,
anne sundberg,3,3,1,,,
annie potts,3,2,2,,,
another adaptation of _i am legend_,3,2,2,,,
anthony burgess,3,2,3,,,
anthony head,3,2,3,,,
anthony leondis,3,1,3,,,
anthony mackie,3,2,3,,,
anthony michael hall,3,2,3,,,
anthony quayle,3,2,2,,,
anthony rapp,3,2,3,,,
anti-christian,3,2,3,,,
anti-conformity,3,1,3,,,
anti-feminism,3,2,3,,,
anti-racism,3,3,3,,,
anticlimax,3,2,3,,,
antisemitism,3,3,3,,,
arabs,3,3,3,,,
arbitrary rules,3,3,1,,,
aretha franklin,3,1,3,,,
armenian,3,2,3,,,
armin rohde,3,2,2,,,
armor,3,3,3,,,
aronofsky,3,1,3,,,
arrivision,3,3,1,,,
arthur crabtree,3,3,1,,,
ashley greene,3,2,3,,,
ashraf barhom,3,3,1,,,
asia,3,3,3,,,
asif kapadia,3,2,2,,,
asimov,3,2,3,,,
assasin,3,3,3,,,
assasination plot,3,2,3,,,
assassin shooting in auditorium,3,3,1,,,
assassination plots,3,3,1,,,
athletic apex,3,3,1,,,
atlanta ga,3,2,2,,,
atmospheric music,3,1,3,,,
attachment disorder,3,1,3,,,
attempted murder,3,3,2,,,
attic,3,3,1,,,
auckland,3,2,3,,,
audi,3,1,3,,,
audience participation,3,1,3,,,
audrey,3,2,2,,,
austen,3,2,2,,,
austin pendleton,3,2,3,,,
authentic action,3,1,3,,,
author:anne price,3,1,3,,,
author:arthur c. clarke,3,2,2,,,
author:c.s. lewis,3,1,3,,,
author:candace bushnell,3,2,2,,,
author:cervantes,3,3,1,,,
author:d.h. lawrence,3,3,1,,,
author:dan brown,3,2,2,,,
author:dashiell hammett,3,2,2,,,
author:edith wharton,3,2,3,,,
author:elmore leonard,3,2,2,,,
author:hugh lofting,3,3,1,,,
author:j.m. barrie,3,2,2,,,
author:ken kesey,3,1,3,,,
author:l.m. montgomery,3,2,2,,,
author:mark bowden,3,2,2,,,
author:ray bradbury,3,3,1,,,
author:s.e. hinton,3,2,2,,,
author:stephenie meyer,3,3,1,,,
author:stieg larsson,3,2,2,,,
author:suzanne collins,3,3,1,,,
author:thomas hardy,3,3,1,,,
author:umberto eco,3,1,3,,,
author:ursula k. le guin,3,3,1,,,
author:w. somerset maugham,3,3,1,,,
author:william gibson,3,1,3,,,
author:william s. burroughs,3,1,3,,,
avant-garde,3,3,3,,,
average plot,3,2,3,,,
avuncular grandfather-figure,3,3,1,,,
awareness,3,3,1,,,
awesome johnny depp cameo,3,1,3,,,
awesome!,3,2,3,,,
awful accent,3,1,3,,,
awful adaptation,3,1,3,,,
awful editing,3,1,3,,,
awful soundtrack,3,2,3,,,
awkward soundtrack,3,2,3,,,
back to the future,3,2,3,,,
backgrounds,3,2,3,,,
bad camera work,3,3,3,,,
bad copy of saw,3,1,3,,,
bad effects,3,2,3,,,
bad end,3,2,3,,,
bad guy dresses gay,3,3,1,,,
bad interpretation,3,1,3,,,
bad make-up effects,3,3,2,,,
bad one liners,3,1,3,,,
bad parenting,3,2,3,,,
bad puns,3,3,3,,,
bad reputation,3,1,3,,,
bad stereotypes of women,3,1,3,,,
bad twist ending,3,2,3,,,
badass colonel,3,1,3,,,
badwriting,3,1,3,,,
bananas,3,3,3,,,
bane,3,1,3,,,
banks,3,2,3,,,
baragon,3,3,1,,,
barbara kopple,3,3,1,,,
barbershop,3,2,3,,,
barbra streisand,3,3,3,,,
baroque,3,3,1,,,
based around one item,3,2,2,,,
based on a biography,3,1,3,,,
based on a game,3,1,3,,,
based on a kids book,3,1,3,,,
based on short story,3,1,3,,,
batman kills,3,3,1,,,
bayou,3,2,3,,,
beastiality,3,1,3,,,
beautiful women,3,2,3,,,
behavior modification,3,2,3,,,
behind enemy lines,3,3,2,,,
beijing,3,2,2,,,
being told the truth and not liking it,3,1,3,,,
bela tarr,3,2,3,,,
believe,3,3,3,,,
belivability,3,2,2,,,
bella heathcote,3,1,3,,,
ben affleck is director,3,3,2,,,
ben sharpsteen,3,3,1,,,
beneficence,3,2,2,,,
benny chan,3,3,1,,,
benoit poelvoorde,3,3,2,,,
bereavement,3,3,2,,,
best films you never heard of,3,2,2,,,
best gore/horror movie ever,3,1,3,,,
best movie ever made,3,2,3,,,
best orig screenplay,3,1,3,,,
best performance:  ben kingsley as don logan,3,1,3,,,
best performance:  giulietta masina as cabria,3,1,3,,,
best performance:  maria falconetti as joan of arc,3,1,3,,,
best performance:  toshiro mifune as sanjuro kuwabatake,3,1,3,,,
best pokemon movie,3,1,3,,,
best romantic movie in years,3,2,3,,,
best viewed in black and white,3,1,3,,,
better than i expected,3,1,3,,,
better than i thought it'd be,3,1,3,,,
betting,3,3,3,,,
between fantastic & realistic,3,1,3,,,
beyoncãƒâ© knowles,3,2,3,,,
biblical fantasy,3,2,3,,,
bikini magic,3,3,1,,,
bilbao,3,2,2,,,
bill condon,3,2,2,,,
bill hicks,3,3,2,,,
bill lumberg,3,1,3,,,
bill melendez,3,3,1,,,
billy bob thorton,3,1,3,,,
billy corben,3,3,1,,,
biographical?,3,3,1,,,
biography?,3,2,2,,,
birdie num nums,3,1,3,,,
bit overrated,3,2,2,,,
black and white and color,3,3,3,,,
black holes,3,1,3,,,
black widow,3,3,2,,,
blizzard,3,3,3,,,
bloated,3,3,3,,,
blooper reel,3,2,3,,,
boaz yakin,3,3,1,,,
bob odenkirk,3,3,1,,,
bobsled,3,1,3,,,
bodily,3,1,3,,,
body alteration,3,2,3,,,
body exchange,3,1,3,,,
"bogus ""experts""",3,1,3,,,
bombay,3,2,3,,,
boobies,3,2,3,,,
book adapation,3,2,3,,,
book by nick hornby,3,1,3,,,
book faithful,3,2,3,,,
book-learned,3,3,1,,,
booring,3,3,3,,,
borat,3,1,3,,,
boriginal screenplay,3,3,1,,,
boring as shit,3,3,2,,,
boring start,3,1,3,,,
boring to death,3,2,2,,,
boris sagal,3,3,1,,,
borys lankosz,3,2,2,,,
bosnia,3,3,3,,,
bought the dvd,3,3,1,,,
bourgeoisie,3,2,3,,,
brain,3,3,3,,,
brain sucking aliens,3,1,3,,,
brains!,3,1,3,,,
brainwash,3,2,3,,,
brazilian,3,3,3,,,
brd trilogy,3,3,1,,,
brechtian,3,2,2,,,
brenda blethyn,3,3,2,,,
brendan fraiser,3,2,2,,,
bret easton ellis,3,2,3,,,
brian aldiss,3,2,2,,,
brian helgeland,3,3,1,,,
brian robbins,3,3,1,,,
brian sexton iii,3,1,3,,,
brighton beach,3,2,3,,,
brigitte bardot,3,2,2,,,
brilliant horror,3,1,3,,,
brings up memories,3,1,3,,,
british gangsters,3,2,2,,,
british intelligence,3,3,3,,,
british royal family,3,1,3,,,
british speaking  germans,3,1,3,,,
brittany murphey,3,1,3,,,
broken characters,3,3,1,,,
broken hearts,3,2,3,,,
bronx,3,1,3,,,
brooding,3,3,2,,,
brothel,3,3,3,,,
bruce greenwood,3,3,3,,,
bruno dumont,3,3,1,,,
bruno ganz,3,2,3,,,
brutally honest,3,1,3,,,
bryan bertino,3,1,3,,,
bsg,3,2,2,,,
bsg rough summary,3,1,3,,,
bud cort,3,2,3,,,
buddy hackett,3,2,2,,,
bugs bunny,3,2,3,,,
bullet time overuse,3,1,3,,,
bulls don't have teats,3,1,3,,,
bullshitting,3,3,1,,,
burglary,3,3,3,,,
butterflies,3,3,2,,,
cameo:david bowie,3,3,1,,,
cameo:keith richards,3,1,3,,,
cameo:martin scorsese,3,3,2,,,
cameo:whoopi goldberg,3,2,2,,,
camera-motion-sickness,3,3,1,,,
camille keaton,3,1,3,,,
camping,3,3,3,,,
can't identify with hero,3,1,3,,,
can't root for the charcters,3,1,3,,,
cannes:jury prize,3,2,2,,,
cannibalism; uncomfortable; crime; serial killer;,3,1,3,,,
canoeing,3,3,2,,,
capote,3,2,2,,,
captain kirk,3,1,3,,,
car,3,3,3,,,
caricatured,3,3,2,,,
caricatures,3,3,3,,,
carlo verdone,3,3,1,,,
carole lombard,3,2,3,,,
caroline link,3,2,2,,,
carolyn minnott,3,1,3,,,
carpe diem,3,2,3,,,
carrie coon,3,1,3,,,
cartoons,3,3,3,,,
cary grant&katherine hepburn,3,2,2,,,
caspian's accent,3,1,3,,,
cat stevens,3,1,3,,,
caterina scorsone,3,1,3,,,
catherine breillat,3,3,2,,,
catherine zeta jones,3,1,3,,,
cavalry trillogy,3,3,1,,,
caveman,3,3,3,,,
cedric the entertainer,3,3,3,,,
celtic legend,3,1,3,,,
cerebral palsy,3,3,1,,,
cg,3,3,2,,,
challenging,3,3,3,,,
character,3,3,3,,,
character based on real person:bob dylan,3,1,3,,,
character based on real person:marilyn monroe,3,2,2,,,
character problems,3,3,3,,,
character:hannibal lecter,3,3,1,,,
character:philip marlowe,3,3,1,,,
charisma,3,2,3,,,
charles,3,2,2,,,
charles barton,3,3,1,,,
charles boyer,3,2,2,,,
charles dance,3,3,3,,,
charles reisner,3,2,2,,,
charlie cox,3,2,2,,,
charlie ray,3,1,3,,,
charmless,3,2,3,,,
chauvinism,3,3,2,,,
chauvinist,3,3,1,,,
chavs,3,2,3,,,
chazz palminteri,3,3,1,,,
cheap jokes,3,1,3,,,
chearful a must see classic,3,1,3,,,
cheerleaders,3,1,3,,,
cheesy clues,3,1,3,,,
chef,3,3,3,,,
chick fight,3,2,3,,,
child lead,3,3,1,,,
child molestation,3,2,3,,,
child prostitution,3,2,2,,,
childhood friends,3,3,3,,,
childrens,3,3,3,,,
chinese humor,3,2,3,,,
chinese landscapes,3,3,3,,,
chloã« sevigny,3,3,3,,,
choice,3,2,3,,,
choppy narrative,3,2,2,,,
chow yun-fat,3,3,1,,,
chris buck,3,3,1,,,
chris messina,3,3,3,,,
chris morris,3,1,3,,,
chris noonan,3,2,2,,,
chris owen,3,2,3,,,
chris pontias,3,2,3,,,
christian clavier,3,3,2,,,
christine jeffs,3,2,2,,,
christine lakin,3,3,2,,,
christophe honoré,3,3,1,,,
christopher smith,3,2,2,,,
christos stergioglou,3,1,3,,,
chuckie,3,2,2,,,
cineastic,3,1,3,,,
cinema,3,3,2,,,
cinematographer:andrew lesnie,3,3,1,,,
cinematographer:roger deakins,3,3,1,,,
cinematography so bad it hurts,3,2,3,,,
cinerama,3,3,2,,,
circular,3,2,3,,,
cirque du soleil,3,2,2,,,
claire denis,3,3,1,,,
clancy,3,2,3,,,
clans,3,1,3,,,
clare danes,3,2,3,,,
classic '80s,3,1,3,,,
classic animated tale,3,2,2,,,
classic chick flick,3,1,3,,,
classic crime,3,3,1,,,
classic teen horror,3,2,2,,,
classic vince vaughn,3,1,3,,,
claude rich,3,3,1,,,
claudia black,3,3,2,,,
clemence poesy,3,2,3,,,
cleveland,3,1,3,,,
clever lines,3,2,3,,,
clever twists,3,1,3,,,
clever writing,3,2,3,,,
clichã© ending,3,2,3,,,
close escape,3,3,1,,,
close-ups,3,2,3,,,
clothing,3,2,3,,,
cloying,3,3,3,,,
clyde bruckman,3,3,1,,,
coke,3,2,3,,,
cole hauser,3,3,3,,,
colin clive,3,3,1,,,
college student,3,2,2,,,
colombian,3,2,2,,,
columbia,3,1,3,,,
combat strategy,3,3,1,,,
comedia,3,1,3,,,
comedy classic,3,3,3,,,
comedy-drama,3,1,3,,,
comedy??,3,2,3,,,
comic bookie,3,2,2,,,
comical misunderstandings,3,1,3,,,
comical violence,3,1,3,,,
coming home,3,3,1,,,
commandos,3,3,3,,,
commentary,3,2,3,,,
commercial,3,3,3,,,
comming of age,3,3,2,,,
communication,3,2,3,,,
communist witch hunt,3,2,2,,,
compareto:last action hero,3,2,2,,,
competition:pool billiards,3,1,3,,,
complex story,3,2,3,,,
compulsive liar,3,2,3,,,
computer,3,3,3,,,
computer controls everything,3,1,3,,,
computer crimes,3,1,3,,,
computer hacker,3,2,3,,,
conception of the world,3,2,3,,,
connecticut,3,3,2,,,
cons,3,2,3,,,
consistent,3,3,2,,,
contact with dead,3,1,3,,,
contemporary,3,3,3,,,
continuity problems,3,2,3,,,
convoluted plot,3,2,2,,,
cool animated sequence,3,1,3,,,
cool effects,3,1,3,,,
cool premise,3,2,2,,,
cool.,3,3,3,,,
cop movie,3,2,3,,,
coping,3,3,3,,,
coping with loss,3,2,3,,,
coppola,3,2,3,,,
copyright,3,1,3,,,
corn,3,3,3,,,
cornea transplant - sees ghosts,3,2,3,,,
corneliu porumboiu,3,2,3,,,
corny ending,3,1,3,,,
corny to the max,3,2,3,,,
correspondence,3,3,1,,,
costa rica,3,3,3,,,
couldn't bear to watch it all,3,2,3,,,
counterfeiting,3,3,2,,,
cover-up,3,3,2,,,
craig ferguson,3,3,3,,,
craig r. baxley,3,3,1,,,
craig t. nelson,3,3,3,,,
crappy prequel,3,1,3,,,
crash,3,3,3,,,
crash landing,3,2,3,,,
crazy ending,3,1,3,,,
created for teens,3,1,3,,,
creative profanity,3,2,2,,,
creatures,3,2,3,,,
creepy stalker,3,2,3,,,
cricket,3,1,3,,,
crime lord,3,3,3,,,
criminal's revenge,3,3,1,,,
cringe,3,3,3,,,
criticada,3,3,1,,,
criticism,3,3,3,,,
crom!,3,2,2,,,
crop-circles,3,1,3,,,
cross-dressing men,3,3,2,,,
crossword puzzles,3,1,3,,,
cruise,3,2,3,,,
crush,3,3,3,,,
cube,3,3,1,,,
cult of masculinity,3,3,1,,,
cultural clash,3,1,3,,,
cultured characters,3,1,3,,,
cured by love,3,1,3,,,
cursing,3,2,3,,,
cute animals,3,2,3,,,
cute kid,3,3,2,,,
cute psychiatrist,3,1,3,,,
cyber,3,1,3,,,
cyber-blackmail/intimidation,3,3,1,,,
cybill shepherd,3,2,3,,,
cyd charisse,3,2,2,,,
cynthia nixon,3,2,3,,,
céline sciamma,3,3,1,,,
d&d,3,2,3,,,
d.a. pennebaker,3,3,1,,,
d.h. lawrence,3,3,1,,,
damien chazelle,3,2,2,,,
damon wayans,3,2,3,,,
dan ackroyd,3,3,1,,,
dan ireland,3,3,1,,,
dance off (scene),3,3,1,,,
daniel farrands,3,3,1,,,
danny cannon,3,3,1,,,
danny leiner,3,2,2,,,
daphne zuniga,3,3,3,,,
daredevil,3,2,2,,,
dariush mehrjui,3,3,1,,,
dark and wonderful,3,2,3,,,
dark undertones,3,2,2,,,
darkness,3,3,3,,,
darren lynn bousman,3,3,1,,,
darrin,3,3,1,,,
darryl f. zanuck,3,2,2,,,
darwinism,3,2,3,,,
darwinism vs creationism,3,1,3,,,
daryl duke,3,3,1,,,
date rape,3,1,3,,,
dated cg,3,2,2,,,
daughter / father relationship,3,2,3,,,
dave bautista,3,2,3,,,
dave chapelle,3,1,3,,,
dave mckean,3,1,3,,,
daveigh chase,3,1,3,,,
david anspaugh,3,3,1,,,
david arquette,3,2,3,,,
david byrne,3,2,3,,,
david grohl,3,2,3,,,
david hugh jones,3,3,1,,,
david keith,3,3,2,,,
david krumholtz,3,1,3,,,
david mackenzie,3,3,1,,,
david miller,3,3,1,,,
david n. twohy,3,2,3,,,
david ogden stiers,3,3,1,,,
david paymer,3,3,2,,,
david silverman,3,3,1,,,
david swift,3,3,1,,,
david tomlinson,3,2,2,,,
david warner,3,3,3,,,
day of the dead,3,1,3,,,
de-genderization,3,2,2,,,
dead raising,3,1,3,,,
dealing with death,3,2,3,,,
dean koontz,3,3,1,,,
death ray,3,3,3,,,
death row,3,3,3,,,
debi mazar,3,3,1,,,
debt,3,3,2,,,
decay,3,2,3,,,
decreased frame rate,3,1,3,,,
dedication,3,3,3,,,
deep throat,3,1,3,,,
deepa mehta,3,3,1,,,
deforrest kelley,3,2,3,,,
demi lovato,3,1,3,,,
demian bichir,3,1,3,,,
denver,3,3,2,,,
denys arcand,3,3,1,,,
depravity,3,2,3,,,
depression-era,3,3,3,,,
depth,3,3,2,,,
derek cianfrance,3,2,2,,,
derek jarman,3,3,1,,,
desperate,3,1,3,,,
destruction of the nuclear family's model,3,1,3,,,
deterministic,3,3,1,,,
devil's bargain,3,3,1,,,
devotion,3,3,3,,,
dicks,3,1,3,,,
diddy,3,1,3,,,
different but very good,3,3,3,,,
difficult,3,2,3,,,
difficult english,3,3,2,,,
difficult protagonist,3,1,3,,,
digital cinematography,3,1,3,,,
dileep rao,3,1,3,,,
dimensions,3,3,3,,,
dina meyer,3,2,3,,,
diner,3,3,3,,,
directionless,3,1,3,,,
dirk bogarde,3,2,3,,,
dirty cops,3,2,3,,,
disambiguation: yes man/men,3,2,2,,,
disambiguation:crash (1996/2004),3,2,2,,,
disaster film,3,3,1,,,
disc jockey (scene),3,3,3,,,
display of power,3,2,2,,,
dissapointment,3,2,3,,,
dissociation,3,3,1,,,
distance from source material,3,1,3,,,
distracting score,3,3,3,,,
distracting soundtrack,3,2,3,,,
distrust,3,1,3,,,
disturbed characters,3,3,2,,,
disturbing clown content,3,1,3,,,
divine,3,2,3,,,
divine vs. profane,3,1,3,,,
divine vs. worldly,3,1,3,,,
diving,3,3,3,,,
dj,3,2,3,,,
dj qualls,3,2,3,,,
doesn't stand test of time,3,2,2,,,
doll sex,3,2,3,,,
dollars trilogy,3,3,1,,,
domhnall gleeson,3,2,3,,,
dominic brigstocke,3,3,1,,,
dominic sena,3,3,3,,,
dominique pinon,3,3,3,,,
don coscarelli,3,3,2,,,
don roos,3,2,3,,,
don't eat while watching,3,3,1,,,
don't get dead,3,1,3,,,
don't touch it it's evil,3,1,3,,,
donald crisp,3,3,2,,,
doors as portals,3,3,1,,,
"dope""",3,1,3,,,
doppleganger,3,3,3,,,
dormitory,3,2,3,,,
dorothy,3,2,3,,,
double agent,3,2,3,,,
double twist,3,1,3,,,
down and out,3,2,2,,,
downer ending,3,3,3,,,
dragged,3,3,3,,,
drifiting,3,1,3,,,
drive in,3,3,1,,,
drones,3,1,3,,,
drug,3,2,3,,,
drug addict,3,1,3,,,
drug rehabilitation,3,2,3,,,
drug rings,3,1,3,,,
drummer,3,3,3,,,
dsyfunction,3,1,3,,,
dualism,3,2,3,,,
duality,3,3,1,,,
dubbed in english - great!,3,3,1,,,
dule hill,3,3,1,,,
dumas,3,3,3,,,
dumb cops,3,1,3,,,
dumb humor,3,3,2,,,
dylan baker,3,3,3,,,
dylan southern,3,3,1,,,
dysfunctional,3,2,3,,,
dystopic,3,2,3,,,
dystunctional family,3,1,3,,,
e.b. white,3,3,1,,,
easy fun,3,2,3,,,
ebenezer scrooge,3,3,2,,,
edward burns,3,3,3,,,
edward buzzell,3,3,1,,,
effective,3,2,3,,,
egyptian,3,2,3,,,
ejaculation,3,3,1,,,
elaine cassidy,3,2,3,,,
elaine may,3,3,1,,,
elections,3,2,3,,,
electric chair,3,3,2,,,
electric vehicles(ev),3,1,3,,,
electronic music,3,3,3,,,
electronics,3,2,3,,,
electroshock therapy,3,3,2,,,
elena anaya,3,2,3,,,
elephant,3,2,3,,,
elia suleiman,3,3,1,,,
elsa lanchester,3,2,3,,,
embassy,3,2,3,,,
embeth davidtz,3,2,3,,,
emigration,3,3,2,,,
emma bell,3,2,3,,,
empire,3,3,3,,,
empowerment,3,2,3,,,
encryption,3,1,3,,,
endearing,3,3,3,,,
endless loop,3,1,3,,,
endurance,3,2,3,,,
enemy,3,3,3,,,
engineers in training,3,1,3,,,
english dubs,3,3,3,,,
english humor,3,3,3,,,
entertaining concept,3,1,3,,,
entrepreneur,3,3,2,,,
epic battles,3,2,3,,,
episode cinema,3,1,3,,,
erasmus,3,1,3,,,
eric till,3,3,1,,,
erik poppe,3,3,1,,,
erland josephson,3,3,2,,,
erotomania,3,2,2,,,
escapist ending,3,1,3,,,
eskimos,3,3,3,,,
espionage?,3,3,1,,,
estrangement,3,3,1,,,
eta,3,2,2,,,
ethan coen,3,2,3,,,
ethics of science,3,3,2,,,
eva gabor,3,2,2,,,
eva marie saint,3,1,3,,,
evan goldberg,3,2,2,,,
evangelical,3,3,3,,,
everett mcgill,3,3,2,,,
every foreigner is a wiseman,3,1,3,,,
everything located in the usa,3,1,3,,,
evil aliens,3,2,2,,,
evil churchman,3,2,2,,,
evil dead series,3,3,1,,,
evil ending,3,1,3,,,
evil queen,3,2,3,,,
ex-wife,3,3,3,,,
exagerated stupidity,3,1,3,,,
excellent just excellent,3,3,3,,,
excellent plot,3,2,2,,,
excellent story,3,3,3,,,
excellent!,3,3,3,,,
excessive,3,2,3,,,
excessively talky,3,1,3,,,
exchange year,3,1,3,,,
excrutiating,3,2,3,,,
executive,3,3,3,,,
existentialist,3,3,2,,,
exoskeleton,3,3,3,,,
explicit,3,2,3,,,
exploitative,3,2,3,,,
extended sex scene,3,1,3,,,
extraterrestrial life,3,1,3,,,
extremely creative,3,1,3,,,
extremely interesting. like an ancient tragedy.,3,1,3,,,
extremely stupid humor,3,1,3,,,
eye candy galore,3,1,3,,,
eye in hand,3,1,3,,,
eyecandy,3,2,3,,,
eyes,3,3,3,,,
eytan fox,3,3,1,,,
facism,3,2,3,,,
fact-twisting,3,2,3,,,
failing business,3,2,3,,,
failure,3,3,3,,,
faith trilogy,3,3,1,,,
fake movies,3,2,3,,,
falling,3,3,2,,,
false advertising,3,2,3,,,
false hope,3,1,3,,,
fameke jasson,3,3,1,,,
family affair,3,1,3,,,
family dysfunction,3,2,3,,,
famous theme song,3,2,3,,,
fan film,3,2,3,,,
fangs,3,3,2,,,
fantastic plot twister,3,1,3,,,
fantastic!,3,3,3,,,
farelly brothers,3,3,3,,,
farsi,3,3,1,,,
fast,3,3,3,,,
fast food truths,3,1,3,,,
fast paced action,3,1,3,,,
fast plot development,3,2,3,,,
father,3,3,3,,,
father - child relationship,3,1,3,,,
father and son,3,2,3,,,
favela,3,2,3,,,
feeble character development,3,1,3,,,
feelings about society,3,1,3,,,
feels like home made super scary,3,1,3,,,
felicity huffman,3,2,3,,,
felix van groeningen,3,2,2,,,
female athletes,3,2,3,,,
female bonding,3,2,3,,,
feral children,3,1,3,,,
feral kid,3,2,3,,,
festivals,3,3,1,,,
feud,3,2,3,,,
fiasco,3,1,3,,,
fielder cook,3,3,1,,,
fifties,3,2,3,,,
fight scene,3,3,2,,,
fighter jet planes,3,2,2,,,
final scene,3,3,3,,,
finish of storyline,3,2,2,,,
fischhorror,3,3,1,,,
fisher stevens,3,2,3,,,
fisting,3,2,3,,,
fizzles out,3,1,3,,,
flag-raising photograph,3,1,3,,,
flame thrower,3,3,2,,,
flamenco,3,3,1,,,
flash gordon,3,3,1,,,
flashback,3,3,2,,,
flirting,3,3,3,,,
flying pigs,3,2,3,,,
folk horror,3,3,1,,,
follow your dreams,3,2,3,,,
fonts,3,1,3,,,
food safety,3,1,3,,,
food/cooking?,3,3,2,,,
fooling the police,3,1,3,,,
foot chase,3,3,2,,,
force,3,2,3,,,
forced,3,2,3,,,
ford beebe,3,3,1,,,
forgetable,3,1,3,,,
fosse,3,2,2,,,
foster care,3,2,3,,,
fox film noir series,3,3,1,,,
foxes,3,3,3,,,
fran drescher,3,3,3,,,
frances,3,3,1,,,
francesca annis,3,1,3,,,
frank launder,3,3,1,,,
frank marshall,3,3,1,,,
frank pierson,3,3,1,,,
frat boy humor,3,2,3,,,
fred dekker,3,3,1,,,
freemason,3,3,2,,,
freida pinto,3,3,3,,,
french foreign legion,3,2,3,,,
friend,3,3,2,,,
friends vs lovers,3,2,2,,,
friendship between girls,3,1,3,,,
friendship of love,3,2,3,,,
frightfully good,3,1,3,,,
from novel,3,3,3,,,
fruits and veggies,3,2,2,,,
fuck you it's funny,3,1,3,,,
full of goofs,3,1,3,,,
full of stupid things,3,1,3,,,
fun family movie,3,2,3,,,
fun horror,3,1,3,,,
funereal,3,2,2,,,
funny accent,3,3,1,,,
funny ending,3,2,3,,,
future cult classic,3,1,3,,,
futuro,3,2,2,,,
g.w. bailey,3,3,1,,,
gabriel macht,3,3,3,,,
gabrielle anwar,3,2,3,,,
gaby hoffman,3,3,3,,,
game related,3,2,3,,,
game show,3,2,2,,,
gandhi,3,3,2,,,
gangsterfilm,3,3,1,,,
gardening,3,3,2,,,
garrett hedlund,3,1,3,,,
garrison keilor,3,1,3,,,
gary ross,3,3,1,,,
gas station,3,3,1,,,
gay fave,3,2,2,,,
geeks on screen,3,3,2,,,
gefaengnisfilm,3,3,1,,,
gem,3,2,3,,,
gender ambiguity,3,1,3,,,
gender discrimination,3,3,1,,,
gene autry,3,3,1,,,
gene saks,3,3,1,,,
general,3,3,3,,,
genndy tartakovsky,3,1,3,,,
genre spoof?,3,2,2,,,
genre-bending,3,3,2,,,
genre-defining,3,2,2,,,
genuine characters,3,1,3,,,
geoff murphy,3,3,1,,,
geoffrey sax,3,3,1,,,
george gallo,3,3,1,,,
george gaynes,3,3,1,,,
george p. cosmatos,3,3,1,,,
george pal,3,2,2,,,
george sanders,3,2,2,,,
george w bush,3,3,2,,,
george w. hill,3,3,1,,,
georges lautner,3,3,1,,,
georges mã©liã¨s,3,2,3,,,
georgia,3,2,3,,,
georgina reilly,3,1,3,,,
german genre movie,3,2,2,,,
ghosts reincarnation,3,2,3,,,
gianni amelio,3,3,1,,,
giant ants,3,3,2,,,
giant bugs,3,2,3,,,
giant stuffed whale,3,1,3,,,
gifts,3,3,2,,,
gigan,3,3,1,,,
gil junger,3,3,1,,,
gillian armstrong,3,3,1,,,
gillian jacobs,3,2,2,,,
gillies mackinnon,3,3,1,,,
gillo pontecorvo,3,3,1,,,
gina mckee,3,2,3,,,
gina prince-bythewood,3,3,1,,,
ginnifer goodwin,3,3,3,,,
girls' boarding school,3,1,3,,,
giulietta masina,3,2,3,,,
glasgow,3,2,3,,,
glenda farrell,3,1,3,,,
glenn ficarra,3,2,2,,,
glenn ford,3,2,3,,,
glenn jordan,3,3,1,,,
god's existance,3,1,3,,,
goes after the typical people (southern good ol' boys,3,1,3,,,
going straight,3,3,2,,,
going west,3,3,1,,,
gold digger,3,3,3,,,
golden fleece,3,3,1,,,
golem/automaton,3,2,3,,,
good actors,3,2,3,,,
good but not as good as garden state,3,1,3,,,
good dialogs,3,3,2,,,
good effects,3,2,3,,,
good fun,3,2,3,,,
good heart,3,2,3,,,
good pace,3,3,3,,,
good pacing,3,3,3,,,
good plot but not okay,3,2,2,,,
good sci-fi flick,3,1,3,,,
good start,3,2,3,,,
good story & bad directing,3,3,2,,,
good stunts,3,2,3,,,
goodfellas,3,1,3,,,
goofy comedy,3,1,3,,,
gore-free,3,1,3,,,
gorgeous animation,3,1,3,,,
gothic lolita,3,1,3,,,
goverment lies,3,1,3,,,
governator,3,3,1,,,
governor,3,3,1,,,
grace,3,3,3,,,
graphic sex,3,1,3,,,
gravity fantasy,3,3,1,,,
great actor,3,2,3,,,
great dancing,3,2,3,,,
great director,3,2,3,,,
great drama,3,3,3,,,
great film,3,3,3,,,
great for the kids and adults,3,2,3,,,
great old movie,3,2,2,,,
great performance,3,2,3,,,
great reveal,3,1,3,,,
great songs,3,2,3,,,
great sound,3,2,3,,,
great stoned,3,3,1,,,
great story of love and emotions,3,1,3,,,
great storytelling,3,3,3,,,
great writing,3,2,3,,,
greek tragedy,3,2,3,,,
greg sestero,3,1,3,,,
gregor jordan,3,3,1,,,
gregory la cava,3,3,1,,,
grifting,3,3,3,,,
grigori kozintsev,3,3,1,,,
grim reaper,3,3,3,,,
gripping emotive,3,1,3,,,
grumpy,3,2,3,,,
guel arraes,3,2,2,,,
guy green,3,3,1,,,
gynocentric,3,3,1,,,
gérard blain,3,3,1,,,
gérard oury,3,3,1,,,
h-bomb,3,2,3,,,
half-assed productions,3,1,3,,,
halfway house,3,3,1,,,
hammer production,3,3,1,,,
hand in the garberator,3,1,3,,,
handcuffs,3,3,3,,,
hangover,3,3,2,,,
hannibal,3,1,3,,,
hans christian andersen,3,2,3,,,
hard rock,3,3,3,,,
hard to understand,3,2,3,,,
hardship,3,3,3,,,
harold pinter,3,3,3,,,
harvey fierstein,3,3,2,,,
has some plot problems,3,1,3,,,
hate,3,3,3,,,
have it's funny moments,3,1,3,,,
heartwrenching,3,2,3,,,
heather langenkamp,3,2,2,,,
heather matarazzo,3,2,3,,,
heaven,3,2,3,,,
heavy with symbolism,3,1,3,,,
hectic,3,3,2,,,
hector babenco,3,3,1,,,
hector elizondo,3,2,2,,,
hedonist,3,2,3,,,
heel face turn,3,3,2,,,
heh,3,2,2,,,
heinlein,3,1,3,,,
helen hayes,3,3,3,,,
helicopter,3,3,3,,,
help others,3,1,3,,,
hemingway,3,2,2,,,
henri verneuil,3,2,2,,,
henry alex rubin,3,2,2,,,
henry viii and anne boleyn,3,1,3,,,
henshin hero,3,3,1,,,
herman melville,3,3,1,,,
heroic journey,3,2,3,,,
hilarious martial arts,3,1,3,,,
hillarious comedy,3,3,3,,,
himalayas,3,3,2,,,
hiner saleem,3,3,1,,,
hinterland,3,2,2,,,
hipster-oriented,3,1,3,,,
hiroshi koizumi,3,3,1,,,
historic fiction,3,2,3,,,
historical fantasy,3,2,3,,,
historical references,3,2,3,,,
history epic,3,3,2,,,
histrionics,3,2,2,,,
hitchcock at his best,3,2,3,,,
hitchcock wannabe,3,2,2,,,
hmong,3,1,3,,,
hokey,3,3,3,,,
hollow earth,3,2,2,,,
hollywood style,3,2,3,,,
holy war,3,2,3,,,
home,3,3,3,,,
homo-erotic,3,2,3,,,
homocide,3,1,3,,,
hong-jin na,3,2,2,,,
hooker,3,3,3,,,
hopelessness,3,3,3,,,
horrible sequel,3,1,3,,,
horrible.,3,3,3,,,
horrid characterisation,3,1,3,,,
horrifying,3,2,3,,,
horrorklassiker,3,3,1,,,
horrors,3,2,3,,,
horse killing,3,3,1,,,
hostage situation,3,2,3,,,
hot actresses,3,1,3,,,
hot girls,3,2,2,,,
hot heroine,3,1,3,,,
hot women,3,3,1,,,
house renovations,3,2,3,,,
hubris,3,3,3,,,
hugh hudson,3,3,1,,,
hugh wilson,3,2,2,,,
human garbage,3,2,2,,,
humanism,3,3,3,,,
hume cronyn,3,3,3,,,
humor for the narrow-minded,3,2,3,,,
humourous,3,3,3,,,
hurts itself trying to be pc,3,3,1,,,
hypatia,3,1,3,,,
i am  the law,3,1,3,,,
i love this movie,3,3,3,,,
i'm not even supposed to be here today,3,1,3,,,
ian somerhalder,3,2,3,,,
ice music,3,2,3,,,
ice-t,3,3,3,,,
ideas,3,2,3,,,
idiot,3,3,3,,,
idiot characters,3,2,3,,,
iggy pop!!!,3,1,3,,,
iko uwais,3,1,3,,,
il film perfetto,3,3,2,,,
illiteracy,3,2,3,,,
imax dmr 3-d reissue in 2013,3,3,1,,,
impossible love,3,3,3,,,
impossible relationship,3,3,1,,,
impressive,3,3,3,,,
in-laws,3,2,3,,,
inarritu,3,2,3,,,
inauthentic,3,2,3,,,
incomplete story,3,1,3,,,
incredible,3,3,3,,,
incredible!,3,2,3,,,
indiana jones wannabe,3,3,2,,,
individual,3,3,2,,,
indochina,3,2,3,,,
infiltrators,3,2,3,,,
inheritance,3,3,3,,,
inner city blues,3,2,2,,,
insanity during war,3,3,1,,,
insider trading,3,1,3,,,
integrity,3,2,3,,,
intelligence operations,3,2,3,,,
intelligent dialogue,3,2,3,,,
intentionally bad,3,3,2,,,
interesting concept - bad execution,3,1,3,,,
interesting cultural conflict via french viewpoint,3,1,3,,,
interesting idea had great potential,3,1,3,,,
interesting plot,3,3,2,,,
interesting tale of immigrants in the us,3,1,3,,,
international peacekeeping,3,1,3,,,
international politics,3,3,2,,,
interracial love,3,3,3,,,
interracial/cross-cultural romance,3,3,1,,,
interview,3,3,3,,,
introspection,3,2,3,,,
intruder,3,3,2,,,
invisible man,3,2,3,,,
involving,3,2,3,,,
ira sachs,3,3,1,,,
irene jacob,3,1,3,,,
irritating camera work,3,1,3,,,
irving pichel,3,3,1,,,
irwin allen,3,3,2,,,
isabelle huppert,3,2,3,,,
islamophobia,3,3,2,,,
islands,3,3,3,,,
issue agenda,3,1,3,,,
istván szabó,3,3,1,,,
it should have sucked but didn't,3,1,3,,,
it's all true,3,1,3,,,
it's cheeky,3,1,3,,,
j blakeson,3,1,3,,,
j.c. chandor,3,3,1,,,
j.t. walsh,3,2,3,,,
jack arnold,3,2,2,,,
jack haley,3,2,3,,,
jack kerouac,3,2,2,,,
jack smight,3,3,1,,,
jackie chan comedy,3,2,3,,,
jaimie alexander,3,1,3,,,
jamel debbouze,3,3,2,,,
james corden,3,1,3,,,
james gray,3,3,2,,,
james gunn,3,2,2,,,
james lapine,3,3,1,,,
james parrott,3,3,1,,,
james toback,3,3,1,,,
james van der beek,3,3,3,,,
james w. horne,3,3,1,,,
jamie's dad's favourites,3,3,1,,,
jane,3,1,3,,,
jane seymour,3,3,3,,,
jane wyman,3,3,3,,,
janet jackson,3,2,3,,,
japon,3,3,1,,,
jaromil jires,3,3,1,,,
jason eisener,3,3,1,,,
jason todd,3,1,3,,,
jaume balagueró,3,3,1,,,
jaume collet-serra,3,3,2,,,
jay duplass,3,3,1,,,
jay karas,3,3,1,,,
jean harlow,3,3,3,,,
jean vigo,3,3,1,,,
jean-françois richet,3,3,1,,,
jean-pierre bacri,3,2,2,,,
jean-pierre gorin,3,3,1,,,
jeffery dean morgan,3,1,3,,,
jennifer anniston,3,2,3,,,
jennifer grey,3,1,3,,,
jennifer hudson,3,3,3,,,
jennifer yuh,3,1,3,,,
jeremiah s. chechik,3,3,1,,,
jeremy sisto,3,2,3,,,
jermaine clement,3,1,3,,,
jerry goldsmith,3,3,3,,,
jesse eisenberg is the new michael cera,3,1,3,,,
jessica alba's beautiful ass,3,2,3,,,
jewish family,3,3,3,,,
jim cummings,3,3,2,,,
jim parsons,3,2,3,,,
jimmy page,3,1,3,,,
jimmy smits,3,3,3,,,
joan bennett,3,3,3,,,
joe camp,3,3,1,,,
joe carnahan,3,3,1,,,
joe strummer,3,3,1,,,
joe swanberg,3,3,1,,,
joel edgerton,3,1,3,,,
joel gallen,3,3,1,,,
joey figueroa,3,3,1,,,
joey wang,3,3,1,,,
johannesburg,3,3,3,,,
john barrymore,3,2,2,,,
john carney,3,3,1,,,
john curran,3,3,1,,,
john g. blystone,3,3,1,,,
john glen,3,3,3,,,
john gray,3,3,1,,,
john hamburg,3,2,2,,,
john irvin,3,3,1,,,
john kent harrison,3,3,1,,,
john korty,3,3,1,,,
john lee hancock,3,3,1,,,
john lounsbery,3,3,1,,,
john michael mcdonagh,3,2,2,,,
john milius,3,2,2,,,
john patrick shanley,3,3,3,,,
john requa,3,2,2,,,
jon avnet,3,3,1,,,
jon s. baird,3,2,2,,,
jon stewart,3,2,3,,,
jonathan liebesman,3,3,2,,,
jonathan mostow,3,3,1,,,
jonathan wacks,3,3,1,,,
jonny lee miller,3,2,2,,,
joseph anthony,3,3,1,,,
joseph cotten,3,3,3,,,
josh gordon,3,2,2,,,
josh trank,3,1,3,,,
joshua jackson,3,3,2,,,
josé padilha,3,3,1,,,
josé val del omar,3,3,1,,,
journalists,3,2,3,,,
ju-on series,3,3,1,,,
juan antonio bayona,3,2,2,,,
judge,3,3,3,,,
judy dench,3,2,3,,,
julian jarrold,3,2,2,,,
jump cuts,3,3,3,,,
jumped the shark,3,1,3,,,
jury trial,3,3,3,,,
just a teen movie,3,1,3,,,
just almodovar,3,1,3,,,
justin lin,3,3,2,,,
kaleidoscope,3,2,3,,,
kareena kapoor,3,2,3,,,
karyn kusama,3,2,2,,,
kasi lemmons,3,3,2,,,
kate capshaw,3,1,3,,,
kate davis,3,3,1,,,
kate winslett,3,2,3,,,
katherine ross,3,2,2,,,
katrina bowden,3,2,3,,,
kazuo ikehiro,3,3,1,,,
keith david,3,3,3,,,
keith truesdell,3,3,1,,,
kelli garner,3,2,3,,,
kelly hu,3,2,3,,,
kelly lebrock,3,2,3,,,
ken hughes,3,3,1,,,
kermit,3,1,3,,,
kevin grevioux,3,2,2,,,
kevin hooks,3,3,1,,,
kevin mckidd,3,2,3,,,
kick ass,3,3,3,,,
kill bill meets looney tunes,3,1,3,,,
killer child,3,3,3,,,
killing spree,3,2,3,,,
kim bodnia,3,1,3,,,
kimbo slice,3,1,3,,,
kinda stupid,3,3,1,,,
king of queens,3,1,3,,,
kirk cameron,3,2,2,,,
kite,3,3,1,,,
klaus härö,3,3,1,,,
klaus maria brandauer,3,2,2,,,
klingons,3,1,3,,,
kodi smit-mcphee,3,2,3,,,
koen de graeve,3,2,2,,,
koo,3,1,3,,,
kris kristofferson,3,3,3,,,
kristen connelly,3,1,3,,,
krysten ritter,3,1,3,,,
kurt cobain,3,2,3,,,
l'homme fatal,3,3,1,,,
lack of action,3,2,3,,,
lack of character,3,1,3,,,
lack of friends,3,1,3,,,
lack of historical context,3,1,3,,,
lack of identification,3,1,3,,,
lack of plot,3,2,3,,,
ladder to the top,3,3,1,,,
lake bell,3,1,3,,,
lame plot,3,2,3,,,
lame superpowers,3,1,3,,,
lame third act,3,1,3,,,
lana wachowski,3,2,2,,,
lance kinsey,3,3,1,,,
language barrier,3,3,3,,,
larry peerce,3,3,1,,,
latin jazz,3,2,2,,,
latvian,3,2,3,,,
laugh out loud,3,3,2,,,
lauren ambrose,3,3,2,,,
law enforcement,3,1,3,,,
law school,3,1,3,,,
lawsuit,3,3,3,,,
layoffs,3,2,2,,,
lee remick,3,2,3,,,
leftist,3,3,1,,,
leg lamp,3,1,3,,,
lemurs,3,1,3,,,
lesbianism,3,3,1,,,
lesley selander,3,3,1,,,
let god's revenge be his,3,1,3,,,
lewis black,3,1,3,,,
lewis teague,3,3,1,,,
liberal perspective,3,2,3,,,
libertarian,3,1,3,,,
library of alexandria,3,1,3,,,
libya,3,2,3,,,
liev shreiber,3,1,3,,,
lifeless supporting characters,3,1,3,,,
lik-chi lee,3,3,1,,,
likeable cast,3,2,2,,,
linux,3,1,3,,,
lionel atwell,3,2,2,,,
lip reading,3,2,3,,,
little dialogues,3,1,3,,,
liza minelli,3,1,3,,,
llama,3,2,3,,,
lloyd dobbler,3,1,3,,,
local flavor,3,2,3,,,
local life,3,2,3,,,
locations,3,2,3,,,
locusts,3,2,3,,,
logan lerman,3,3,2,,,
loki steals the show,3,2,2,,,
lol,3,3,2,,,
lolita-fetish,3,3,3,,,
long and repetitive,3,2,3,,,
long distance race with horses in the desert,3,1,3,,,
long music video,3,1,3,,,
long revenge,3,1,3,,,
loni anderson,3,2,3,,,
looks dated,3,3,3,,,
loop,3,3,3,,,
loosely based on true events,3,2,2,,,
lord of the ring,3,2,3,,,
loser trilogy,3,3,1,,,
losing control,3,1,3,,,
loss of innocence,3,3,3,,,
lost my interest,3,2,2,,,
lost world,3,3,1,,,
lothar mendes,3,3,1,,,
lots of smoking,3,2,2,,,
lottery,3,3,3,,,
lotus esprits,3,1,3,,,
lou diamond phillips,3,2,3,,,
lou reed,3,2,2,,,
louis armstrong,3,1,3,,,
louis c.k,3,2,3,,,
louis garrel,3,2,2,,,
louis gossett jr.,3,3,3,,,
louis i think this is the beginning of a beautiful friendship,3,1,3,,,
lousy script,3,2,3,,,
love&war,3,2,2,,,
loved it!,3,3,3,,,
lovely characters,3,1,3,,,
lover verses friend issues,3,3,2,,,
low key,3,3,3,,,
low stakes,3,1,3,,,
low violence,3,3,3,,,
"lucas belvaux's ""trilogy""",3,3,1,,,
ludicrous,3,3,3,,,
lukas haas,3,2,3,,,
luke greenfield,3,2,2,,,
luther,3,1,3,,,
lyndsy fonseca,3,2,2,,,
lynne ramsay,3,2,2,,,
lyrics,3,2,3,,,
m.night shyamalan,3,1,3,,,
mackenzie foy,3,1,3,,,
macross,3,1,3,,,
made me laugh,3,2,3,,,
made me smile,3,1,3,,,
mads brügger,3,3,1,,,
mae west,3,2,3,,,
maggie cheung,3,2,3,,,
magical creatures,3,1,3,,,
magical nanny,3,3,2,,,
magick,3,2,3,,,
magnetic powers,3,1,3,,,
mahamat-saleh haroun,3,3,1,,,
main character,3,3,3,,,
main character is simpleminded and has big impact on world,3,2,2,,,
main characters,3,3,3,,,
male,3,3,2,,,
male self-degredation,3,1,3,,,
man glitter,3,3,1,,,
management,3,3,2,,,
manhunt,3,3,2,,,
manipulated senses,3,3,1,,,
mannequin,3,2,2,,,
many comedy actors,3,1,3,,,
marathons,3,1,3,,,
marian dziedziel,3,3,1,,,
maribel verdãº,3,3,3,,,
marijuanna,3,1,3,,,
mario van peebles,3,2,3,,,
marjane satrapi,3,3,1,,,
mark gordon productions,3,3,1,,,
mark herman,3,3,1,,,
mark levin,3,1,3,,,
mark neveldine,3,2,2,,,
mark romanek,3,2,2,,,
mark steven johnson,3,3,1,,,
marooned,3,3,3,,,
marquis de sade,3,1,3,,,
marshall curry,3,2,2,,,
mary elizabeth mastrantonio,3,2,3,,,
mary tyler moore,3,1,3,,,
masahiro shinoda,3,3,1,,,
masayuki,3,3,1,,,
mascot,3,3,3,,,
masculinity through dress,3,1,3,,,
masonic messages,3,3,3,,,
masons,3,2,3,,,
mass death,3,1,3,,,
massage,3,3,2,,,
mastermind,3,2,2,,,
mat whitecross,3,3,1,,,
matthias schoenaerts,3,2,3,,,
maurice pialat,3,3,1,,,
mauritz stiller,3,3,1,,,
max ophã¼ls,3,3,2,,,
max the dog,3,1,3,,,
maximilian schell,3,3,1,,,
may 1,3,3,1,,,
mayan,3,2,2,,,
mcguffin-driven plot,3,2,2,,,
mcu,3,2,2,,,
meat,3,3,1,,,
mech,3,1,3,,,
mechs,3,1,3,,,
media circus,3,3,2,,,
medical school,3,2,3,,,
mediterranean,3,3,2,,,
melissa leo,3,2,3,,,
melville shavelson,3,3,1,,,
melvin frank,3,3,1,,,
members of the clergy,3,3,2,,,
memoir,3,2,3,,,
mental,3,3,2,,,
mention bourne often enough and it's a bourne movie,3,1,3,,,
merde,3,3,1,,,
mermaids,3,2,3,,,
mess,3,2,3,,,
messes up continuity,3,1,3,,,
messiah,3,2,3,,,
meta-indie,3,1,3,,,
meta-movie,3,2,3,,,
metal soundtrack,3,2,3,,,
metallica,3,3,2,,,
metamorphosis,3,3,1,,,
mia hansen-løve,3,3,1,,,
michael almereyda,3,3,1,,,
michael blieden,3,3,1,,,
michael glawogger,3,3,1,,,
michael gordon,3,3,1,,,
michael ian black,3,3,1,,,
michael imperioli,3,3,2,,,
michael jackson,3,2,3,,,
michael mcgowan,3,3,1,,,
michael moore favorite,3,2,2,,,
michael pena,3,1,3,,,
michael radford,3,3,1,,,
michael rymer,3,2,2,,,
michael schultz,3,3,1,,,
michael stuhlbarg,3,1,3,,,
michael tucker,3,3,2,,,
michel deville,3,3,1,,,
mick travis (series),3,3,1,,,
middle age romance,3,1,3,,,
middle-aged protagonist,3,3,2,,,
migration,3,3,3,,,
miguel arteta,3,3,1,,,
miguel m. delgado,3,3,1,,,
mikael håfström,3,3,1,,,
mike binder,3,3,1,,,
mike hammer,3,3,2,,,
mike mitchell,3,3,1,,,
mikko niskanen,3,3,1,,,
mila kunis is so damn hot,3,1,3,,,
milan,3,3,2,,,
milan kundera,3,1,3,,,
military academy,3,1,3,,,
militia,3,3,2,,,
millenium trilogy,3,3,1,,,
mimi rogers,3,2,2,,,
min-sik choi,3,2,3,,,
mind-bending,3,3,2,,,
mindcontrol,3,1,3,,,
mindfulness,3,1,3,,,
miners strike,3,2,3,,,
ming-liang tsai,3,3,2,,,
mini-series' are extended tv movies. get over it.,3,2,2,,,
miniatures,3,3,2,,,
minimal plot,3,1,3,,,
miniseries,3,2,3,,,
miracle,3,3,3,,,
misguided,3,3,3,,,
mishaps,3,1,3,,,
misleading,3,3,2,,,
misrepresented,3,1,3,,,
miss piggy,3,2,3,,,
missing dolphin,3,1,3,,,
missing gun,3,3,1,,,
missing scenes,3,3,1,,,
mistress,3,2,3,,,
mkv,3,3,1,,,
mo'nique,3,1,3,,,
mobbing,3,3,3,,,
model railroading,3,3,1,,,
modern war,3,1,3,,,
moebius,3,2,3,,,
moira shearer,3,1,3,,,
moles,3,3,3,,,
monica potter,3,2,3,,,
monochromatic,3,3,3,,,
monologue driven,3,1,3,,,
monster movie,3,2,3,,,
monster:blob,3,3,1,,,
monster:giant lizard,3,2,2,,,
monster:giant spider,3,3,1,,,
monumental,3,3,2,,,
moonshine,3,2,3,,,
moore,3,3,3,,,
morally complex,3,2,3,,,
moraly questionable,3,2,3,,,
morbid comedy,3,1,3,,,
more mature leo decaprio,3,2,3,,,
moses,3,2,3,,,
motorcycle chase,3,2,3,,,
moustapha akkad,3,3,1,,,
movie magic,3,1,3,,,
movie theatre scene,3,2,2,,,
much better than i thought,3,1,3,,,
multi-movie monster,3,3,1,,,
multifaceted,3,3,2,,,
multiple personality,3,3,2,,,
mundane characters,3,2,3,,,
munich,3,3,2,,,
murder of a child,3,3,3,,,
muscles,3,2,3,,,
music:rhythm & blues,3,3,1,,,
music?,3,3,1,,,
musical parodies,3,2,3,,,
musical sucks.,3,2,3,,,
musicals,3,3,3,,,
mysoginistic,3,2,3,,,
nailing hot college chicks,3,1,3,,,
naive view of religion,3,1,3,,,
nanni moretti,3,3,2,,,
nanobots,3,2,3,,,
napoleon dynamite,3,2,3,,,
native exploitation,3,1,3,,,
natural,3,2,3,,,
nature of leadership,3,3,1,,,
nazi imagery,3,1,3,,,
nazi's,3,1,3,,,
neal israel,3,2,2,,,
near future,3,3,3,,,
near-future,3,1,3,,,
necronomicon,3,3,1,,,
ned beatty,3,3,3,,,
need to be seen more than once,3,2,3,,,
neither cc nor eng subtitles,3,3,1,,,
nested virtualization,3,1,3,,,
netflix top pick,3,3,1,,,
neuroticism,3,1,3,,,
nevada,3,1,3,,,
new,3,3,1,,,
new composer,3,1,3,,,
new-age philosophy,3,1,3,,,
news industry,3,2,3,,,
newspaper,3,2,3,,,
nicaragua,3,3,2,,,
nice and kind,3,1,3,,,
nice message,3,1,3,,,
nice movie,3,3,3,,,
nice visuals,3,2,3,,,
niche humor,3,1,3,,,
nichelle nichols,3,3,2,,,
nicholas hytner,3,3,2,,,
nicholson,3,3,1,,,
nick adams,3,3,1,,,
nicola tesla,3,1,3,,,
niels arden oplev,3,2,2,,,
nigeria,3,3,2,,,
nihilistic,3,2,3,,,
nils malmros,3,3,1,,,
nina hoss,3,2,3,,,
no answers,3,2,3,,,
no cgi,3,1,3,,,
no complexity,3,1,3,,,
no forced drama,3,2,3,,,
no fourth wall,3,1,3,,,
no investment in characters,3,2,2,,,
no less than a 4.5,3,3,1,,,
no one puts baby in a corner,3,1,3,,,
no overarching plot,3,1,3,,,
no reason for what is happening,3,1,3,,,
no us release,3,2,2,,,
nolan,3,1,3,,,
non comprehensive character,3,3,1,,,
non-bloody thriller,3,1,3,,,
non-horror,3,1,3,,,
non-simulated sex,3,1,3,,,
noncommittal,3,1,3,,,
nonconformity,3,3,1,,,
nonfiction,3,2,2,,,
nonsensical wife character,3,1,3,,,
norad,3,1,3,,,
noriko trilogy,3,3,1,,,
norm macdonald,3,2,3,,,
norman panama,3,3,1,,,
not a matrix ripoff because it has nothing to do with the lame ass matrix shit,3,1,3,,,
not afraid to take risks,3,2,2,,,
not as good as beautiful mind,3,1,3,,,
not audience friendly,3,1,3,,,
not for everyone,3,3,1,,,
not funny; bad remake,3,1,3,,,
not good,3,3,3,,,
not historically accurate,3,2,3,,,
not interested,3,3,1,,,
not just comedy,3,1,3,,,
not memorable,3,1,3,,,
not one boring mistake,3,1,3,,,
not realistic superapes,3,1,3,,,
not related to final fantasy,3,1,3,,,
not scary enough,3,2,3,,,
not that good,3,3,2,,,
not to be taken seriously,3,1,3,,,
not very coen-y,3,1,3,,,
not will smith,3,1,3,,,
notable:taxi driver (scene),3,3,1,,,
nothing at all,3,3,2,,,
nothing new,3,3,1,,,
nouvelle vague,3,2,3,,,
nova scotia,3,3,3,,,
nuclear power,3,3,3,,,
nude beach,3,2,3,,,
nuns(scene),3,3,1,,,
nwave 3-d,3,3,1,,,
nyctophobia,3,1,3,,,
oakland,3,2,3,,,
objectivism,3,2,2,,,
obstinance,3,1,3,,,
ocean/beach,3,2,3,,,
octavia spencer,3,1,3,,,
octopus gets bad rap,3,3,2,,,
oddly moving,3,2,3,,,
oedipal,3,3,2,,,
oil rig,3,2,3,,,
okinawa,3,3,3,,,
old flame,3,3,3,,,
oliver hirschbiegel,3,2,2,,,
olivia wilde;,3,1,3,,,
on server,3,3,3,,,
onderbroekenlol,3,2,2,,,
one night stand,3,2,3,,,
one of the best comic book movies,3,1,3,,,
one of the most tense and suspenseful movies  ever made,3,1,3,,,
one shot,3,1,3,,,
online relationships,3,2,3,,,
only a few jokes,3,1,3,,,
open content film,3,2,2,,,
opening weekend,3,3,1,,,
operetta,3,2,3,,,
orangatang,3,3,2,,,
organ,3,2,3,,,
original ending,3,1,3,,,
original idea,3,3,3,,,
original is better..,3,2,3,,,
original medium was better,3,3,1,,,
originality,3,3,3,,,
oscar 2000,3,3,1,,,
oscar 2005,3,3,1,,,
oscar 2007,3,2,2,,,
oscar nomination,3,2,3,,,
oscar nominee: documentary feature,3,3,1,,,
oscar nominee: sound editing,3,3,1,,,
oscar nominee: visual effects,3,3,1,,,
ost,3,3,2,,,
othello,3,3,3,,,
otherwise engaged,3,3,1,,,
outbreak,3,1,3,,,
outlaws,3,3,3,,,
over coming adversity,3,1,3,,,
overated,3,3,3,,,
overpowered hero,3,2,3,,,
overprotective parents,3,2,3,,,
overshown,3,2,2,,,
ownable,3,3,1,,,
pablo neruda,3,1,3,,,
paired with:devil's backbone,3,2,2,,,
pal vhs,3,3,1,,,
panavision super 70,3,3,1,,,
panavision system 65,3,2,2,,,
pantelis voulgaris,3,3,1,,,
parachute,3,2,3,,,
paramount,3,3,1,,,
paris hilton,3,1,3,,,
parole,3,3,2,,,
past life,3,3,3,,,
pastor,3,3,3,,,
pat o'connor,3,3,1,,,
pathe,3,3,1,,,
pathos,3,2,3,,,
patrick mcgoohan,3,3,2,,,
paul henreid,3,2,3,,,
paul hogan,3,2,2,,,
paul morrissey,3,3,1,,,
paul reubens,3,3,3,,,
paul weiland,3,3,1,,,
paulette goddard,3,3,2,,,
pawel pawlikowski,3,1,3,,,
payne,3,2,3,,,
paz vega,3,2,3,,,
pearl harbor attack,3,1,3,,,
pedantic,3,3,2,,,
pederasty,3,2,2,,,
pee-wee herman,3,2,2,,,
peer presssure,3,1,3,,,
peer support,3,3,1,,,
penn badgley,3,1,3,,,
perception,3,3,3,,,
perfect movie to watch when having hangover,3,1,3,,,
perfection,3,3,3,,,
performance,3,3,3,,,
perseverance,3,3,2,,,
personal assistant,3,2,2,,,
peter cattaneo,3,2,2,,,
peter cornwell,3,2,2,,,
peter coyote,3,3,2,,,
peter gallagher,3,2,3,,,
peter hewitt,3,3,1,,,
peter howitt,3,3,1,,,
peter lord,3,2,2,,,
peter shin,3,3,1,,,
peter strickland,3,3,1,,,
peter thorwarth,3,2,2,,,
petter næss,3,3,1,,,
pg-13:brief language,3,3,1,,,
pg-13:brief strong language,3,3,1,,,
pg-13:disturbing images,3,3,1,,,
pg-13:intense sequences of action and violence,3,2,2,,,
pg-13:intense sequences of sci-fi violence and action,3,3,1,,,
pg-13:mature themes,3,3,1,,,
pg-13:smoking,3,3,1,,,
pg-13:some sexuality,3,3,1,,,
pg-13:thematic elements,3,3,1,,,
pg:violence,3,3,2,,,
pharmaceutical,3,2,3,,,
phelps family,3,1,3,,,
phil joanou,3,3,1,,,
phil monroe,3,3,1,,,
philip haldiman,3,1,3,,,
philippe de broca,3,3,1,,,
philosopical,3,2,3,,,
phobias,3,3,2,,,
photography - simply excellent movie!,3,3,3,,,
piano music,3,1,3,,,
picturesque drama,3,3,3,,,
pie,3,1,3,,,
pied piper,3,1,3,,,
pierre morel,3,2,2,,,
piper laurie,3,2,2,,,
piracy,3,2,3,,,
pirates (minor),3,2,3,,,
pixar's formula starting to get stale,3,1,3,,,
pizza,3,2,3,,,
planet,3,3,3,,,
play enough video games and you can become an nsa agent,3,1,3,,,
play within a movie,3,3,3,,,
playboy non bunny,3,1,3,,,
playwright:david mamet,3,1,3,,,
playwright:gilbert & sullivan,3,3,1,,,
playwright:sondheim,3,1,3,,,
plot point:time is short,3,3,1,,,
plot:client falls in love with sex worker,3,2,2,,,
plot:wager,3,3,1,,,
policial,3,3,2,,,
polish,3,3,3,,,
political propaganda,3,3,3,,,
political reform,3,1,3,,,
poop,3,3,3,,,
poor adaption,3,1,3,,,
poor effects,3,2,3,,,
poor lighting,3,1,3,,,
poor plot details development,3,1,3,,,
poor visual quality,3,2,3,,,
poorly acted,3,3,3,,,
poorly executed,3,2,3,,,
poorly paced,3,2,3,,,
poorly thought out premise,3,3,3,,,
popcorn movie,3,2,3,,,
pornstars,3,2,2,,,
portman,3,2,3,,,
possessed little kid,3,1,3,,,
post war,3,3,3,,,
post-college,3,2,2,,,
postal,3,1,3,,,
potato,3,2,3,,,
potential oscar nom 2008,3,3,3,,,
pothead,3,1,3,,,
pow,3,3,2,,,
power of belief,3,1,3,,,
power struggle,3,3,1,,,
powerpoint,3,1,3,,,
powers,3,2,3,,,
prachya pinkaew,3,2,2,,,
prague,3,3,3,,,
prayer,3,3,2,,,
predalien,3,1,3,,,
predators,3,1,3,,,
predictable results,3,3,3,,,
prehistoric fantasy,3,1,3,,,
premature burial,3,2,2,,,
premonition/fate,3,3,1,,,
prententiously obscure,3,1,3,,,
preposterous,3,3,3,,,
preposterous premise,3,3,2,,,
prequel to:hannibal,3,2,2,,,
prescient,3,2,3,,,
present,3,1,3,,,
pretentious bullshit,3,3,2,,,
pretentiousness,3,3,3,,,
pride,3,3,3,,,
priest as protagonist,3,3,1,,,
priyanka chopra,3,3,1,,,
problematic,3,3,2,,,
production,3,3,3,,,
professional assassins,3,1,3,,,
professionals,3,2,3,,,
proletariat trilogy,3,3,1,,,
props,3,3,1,,,
prostitute,3,3,3,,,
protagonist excels in everything just because he's rich and handsome,3,1,3,,,
protagonist is `party girl',3,3,1,,,
protagonist is musician,3,3,1,,,
protagonist is radio personality,3,3,1,,,
protagonist is servant,3,3,1,,,
protagonist is teacher,3,3,1,,,
protagonist try to make things good,3,1,3,,,
pseudo-artistic,3,3,3,,,
pseudo-profound,3,2,3,,,
psichological,3,3,3,,,
psionic power,3,1,3,,,
psychology focus,3,1,3,,,
ptsd,3,3,3,,,
pubic hair,3,3,2,,,
puns,3,3,3,,,
puppy,3,3,3,,,
purposefulness,3,1,3,,,
put me to sleep,3,3,2,,,
puzzle-like,3,1,3,,,
puzzles,3,3,3,,,
quartet,3,2,3,,,
queen elizabeth,3,2,3,,,
queen victoria,3,2,3,,,
queer?,3,3,1,,,
quoteable,3,2,2,,,
quvenzhane wallis,3,1,3,,,
r-rated,3,3,1,,,
r. lee ermey,3,1,3,,,
r:drug use,3,3,1,,,
r:some drug use,3,3,1,,,
r:some violence,3,3,2,,,
rabbit,3,2,3,,,
rachel miner,3,2,3,,,
rachel nichols,3,2,3,,,
racial tension,3,3,3,,,
racing snail,3,1,3,,,
racist stereotypes,3,1,3,,,
ragnar bragason,3,3,1,,,
railroad track,3,2,3,,,
ralph nader,3,1,3,,,
randall wallace,3,3,1,,,
randy barbato,3,3,1,,,
rangers,3,2,3,,,
rape (implied),3,3,3,,,
rashomon,3,3,3,,,
rasicm,3,2,2,,,
rasputin,3,2,3,,,
raymond burr,3,3,2,,,
raymond de felitta,3,3,1,,,
raymond massey,3,3,2,,,
rdj,3,3,1,,,
reaganomics,3,2,3,,,
real life situations,3,1,3,,,
real sex,3,2,3,,,
real story,3,3,3,,,
realistic dialogue,3,2,3,,,
realistic ending,3,2,3,,,
reality camera system,3,3,1,,,
really crappy sequel,3,2,2,,,
really long,3,3,3,,,
really romantic,3,1,3,,,
rebecca cammisa,3,3,1,,,
rebecca de mornay,3,3,3,,,
recipe,3,3,1,,,
red one camera,3,3,1,,,
reference to aktion t4,3,3,1,,,
referential,3,1,3,,,
reformation,3,1,3,,,
refugees,3,3,3,,,
regina linnanheimo,3,3,1,,,
related:mr. destiny (1990),3,3,1,,,
related:technique:forrest gump,3,3,1,,,
relationship advice,3,1,3,,,
relevant,3,3,3,,,
religion:christianity,3,3,3,,,
religious theme,3,3,2,,,
religiously offensive,3,1,3,,,
remade ending,3,1,3,,,
remadeas:dinner for shmucks (2010),3,2,2,,,
remadeas:the ring (2002),3,2,2,,,
remake of:seven samurai (1954),3,1,3,,,
remakeof:here comes mr. jordan,3,3,1,,,
remakeof:point blank(1967),3,2,2,,,
remakeof:rear window (1954),3,2,2,,,
remakeof:rio bravo(1958),3,3,1,,,
remakeof:the dinner game (1989),3,2,2,,,
remember who the enemy is,3,1,3,,,
renaissance,3,2,3,,,
rene auberjonois,3,3,3,,,
renunciation,3,3,1,,,
repeated use of shots,3,1,3,,,
resonant,3,2,3,,,
resurgence,3,3,1,,,
retelling,3,1,3,,,
retrofuturist,3,1,3,,,
revange,3,1,3,,,
revenge story,3,1,3,,,
rex ingram,3,3,2,,,
rhino action :d,3,1,3,,,
richard armitage,3,3,2,,,
richard cheese,3,1,3,,,
richard kelly,3,2,2,,,
richard pearce,3,3,1,,,
richard schickel,3,3,1,,,
richard t. heffron,3,3,1,,,
richard widmark,3,3,2,,,
rick rosenthal,3,3,1,,,
ricki stern,3,3,1,,,
ridiculous plot,3,3,2,,,
ridiculousness,3,2,3,,,
riley steele,3,1,3,,,
ringo lam,3,2,2,,,
rita moreno,3,3,1,,,
road trip adventure,3,2,3,,,
rob epstein,3,3,1,,,
rob letterman,3,2,2,,,
rob sitch,3,2,2,,,
robbers,3,3,3,,,
robbie coltrane,3,3,3,,,
robert lieberman,3,3,1,,,
robert m. young,3,3,1,,,
robert mckimson,3,3,1,,,
robert preston,3,1,3,,,
robert rossen,3,3,1,,,
robert stadlober,3,3,3,,,
robert wagner,3,1,3,,,
robert wiene,3,1,3,,,
robert young,3,3,3,,,
robinsonade,3,3,1,,,
robotics,3,3,3,,,
rock-star,3,1,3,,,
rocky,3,3,3,,,
rod taylor,3,2,3,,,
rodeo,3,3,3,,,
rodrigo garcía,3,3,1,,,
roger allers,3,2,2,,,
roger daltrey,3,2,2,,,
roger deakins,3,3,2,,,
roger rabbit,3,1,3,,,
rogue,3,2,3,,,
rollerderby,3,2,3,,,
romantic longing,3,2,3,,,
romantic plot,3,1,3,,,
ron mann,3,3,1,,,
ron shelton,3,3,1,,,
ronnie james dio,3,1,3,,,
rookie cops,3,2,2,,,
roommates,3,3,3,,,
rory culkin,3,1,3,,,
rosie huntington-whiteley,3,1,3,,,
rowdy herrington,3,3,1,,,
rowland v. lee,3,3,1,,,
roy boulting,3,3,1,,,
roy rogers,3,3,1,,,
roy rowland,3,3,1,,,
rubber nipples,3,1,3,,,
ruben östlund,3,3,1,,,
ruined lives,3,1,3,,,
rural japan,3,2,2,,,
rush hour series,3,3,1,,,
russell crowe's singing,3,1,3,,,
russell rouse,3,3,1,,,
s,3,3,2,,,
saab,3,3,2,,,
sabotage,3,3,3,,,
sacha guitry,3,3,1,,,
sad intro,3,1,3,,,
sadness,3,3,3,,,
sadomasochism,3,3,2,,,
saint,3,2,3,,,
saint petersburg,3,2,3,,,
saintly fools,3,3,1,,,
sally hawkins,3,1,3,,,
sam elliott,3,2,3,,,
sam fell,3,3,1,,,
sam firstenberg,3,3,1,,,
samantha barks,3,1,3,,,
samira makhmalbaf,3,3,1,,,
samurai trilogy,3,3,1,,,
samy naceri,3,2,2,,,
san diego,3,3,2,,,
sand,3,3,3,,,
santa monica,3,3,2,,,
santa monica pier,3,3,2,,,
sarah jessica parker should not be in movies,3,1,3,,,
sardinia,3,2,3,,,
sas,3,2,2,,,
sascha baron cohen,3,2,2,,,
satellite,3,3,3,,,
satire?,3,3,1,,,
savannah,3,1,3,,,
scatman crothers,3,2,3,,,
scenario,3,3,3,,,
scene:rendezvous in flower market,3,2,2,,,
scholarship,3,3,3,,,
science vs religion,3,2,3,,,
scientology,3,2,3,,,
scifi masterpiece,3,2,2,,,
scoot mcnairy,3,2,3,,,
scottish accent,3,2,3,,,
screenwriter:david mamet,3,1,3,,,
screenwriter:roald dahl,3,3,1,,,
screenwriter:steve kloves,3,3,1,,,
screenwriter:william goldman,3,3,2,,,
screenwriting,3,3,3,,,
script fail,3,3,3,,,
sean ellis,3,2,2,,,
searching for god,3,2,3,,,
secret,3,3,3,,,
secret door,3,3,3,,,
see also:the king and i (1956),3,3,1,,,
see also:the postman always rings twice,3,3,1,,,
see also:the time machine(1960),3,2,2,,,
see also:the truman show,3,2,2,,,
see this,3,3,1,,,
see zoolander,3,1,3,,,
see: pom poko (a.k.a. the raccoon war) (heisei tanuki gassen pompoko),3,3,1,,,
see:dirty dancing (1987),3,2,2,,,
seealso:all that jazz (1979),3,2,2,,,
sees ghosts,3,1,3,,,
selective mutism,3,2,2,,,
self mutilation,3,2,3,,,
self obsessed,3,1,3,,,
self-proclaimed preacher,3,2,2,,,
semih kaplanoglu,3,3,1,,,
sense of adventure,3,1,3,,,
sense of futility,3,1,3,,,
senses,3,2,3,,,
sensitive,3,2,3,,,
sensuous,3,2,2,,,
sentana filmproduktion,3,3,1,,,
sequel to tv show,3,3,2,,,
serious,3,3,2,,,
servant,3,2,3,,,
seth rogan,3,2,3,,,
setting:alcatraz,3,1,3,,,
setting:church,3,2,2,,,
setting:circus performance,3,1,3,,,
setting:college,3,2,2,,,
setting:golf course,3,2,2,,,
setting:high school,3,3,1,,,
setting:hotel,3,1,3,,,
setting:ibiza (spain),3,1,3,,,
setting:jungle,3,3,1,,,
setting:monastery,3,1,3,,,
setting:palo alto (ca/usa),3,1,3,,,
setting:prison,3,1,3,,,
setting:texas,3,2,2,,,
setting:theatre,3,2,2,,,
setting:tv network,3,3,1,,,
setting:victorian england,3,2,2,,,
setting:wartime,3,3,1,,,
seven,3,3,1,,,
seville,3,3,1,,,
sex trafficking,3,3,3,,,
sexuaity,3,1,3,,,
sexual assault,3,3,3,,,
sexual discovery,3,2,3,,,
sexy leading lady,3,3,1,,,
shades of gray,3,1,3,,,
shadows,3,2,2,,,
shakespearean references,3,2,3,,,
shaky footage,3,1,3,,,
shallow relationships,3,1,3,,,
shaquille o'neal,3,3,2,,,
sharon maguire,3,2,2,,,
shekhar kapur,3,3,1,,,
sheldon lettich,3,3,1,,,
shelley long,3,2,3,,,
shinichirô watanabe,3,3,1,,,
shiny,3,2,3,,,
shion sono,3,3,1,,,
shirley jones,3,2,2,,,
shirtless scene,3,2,3,,,
shit on a stick,3,3,2,,,
shit!!,3,3,2,,,
shock ending,3,2,3,,,
shounen,3,3,1,,,
show me the money,3,2,3,,,
showgirls,3,2,3,,,
showing in finland,3,2,3,,,
shusuke kaneko,3,3,2,,,
shã´ kosugi,3,3,2,,,
sick plot,3,2,2,,,
sickness,3,3,2,,,
sidney greenstreet,3,3,2,,,
sigur rã³s,3,3,3,,,
silent movie aesthetics,3,2,3,,,
silly but fun,3,2,3,,,
silly ending,3,1,3,,,
silly errors,3,1,3,,,
silly premise,3,2,3,,,
silly title,3,3,2,,,
silvester stalone,3,1,3,,,
simon & garfunkel soundtrack,3,1,3,,,
simon and garfunkel,3,1,3,,,
simon wells,3,3,1,,,
singing animals,3,3,2,,,
singing slugs,3,1,3,,,
sinister,3,3,3,,,
sins,3,2,2,,,
siouxsie poster,3,3,1,,,
situation comedy,3,2,3,,,
six moral tales,3,3,1,,,
skating,3,2,3,,,
skeletons,3,3,3,,,
skinut,3,3,1,,,
slick adventure,3,2,3,,,
slim pickens,3,2,3,,,
slow build,3,3,2,,,
slow opening,3,1,3,,,
slow-moving,3,2,3,,,
smart drugs,3,1,3,,,
smart humor,3,2,3,,,
smart people,3,1,3,,,
snl alumns,3,2,3,,,
snob,3,3,2,,,
snorricam,3,3,3,,,
snowboarding,3,3,3,,,
snowman,3,2,3,,,
so bad it's awesome,3,3,3,,,
so bad it's hard to watch,3,1,3,,,
so stupid,3,2,3,,,
soap opera,3,3,3,,,
social engineering,3,3,2,,,
social issues,3,3,2,,,
social networking,3,1,3,,,
sofia vassilieva,3,1,3,,,
soft,3,2,2,,,
soft crime,3,1,3,,,
soft focus,3,2,3,,,
solemn,3,2,2,,,
sonny chiba,3,3,2,,,
sophia loren,3,3,3,,,
sophie marceau,3,3,3,,,
sorcerers,3,1,3,,,
sorcery,3,3,3,,,
sourcelight top pick,3,2,2,,,
southern comedy,3,2,3,,,
southern united states,3,2,2,,,
sovscope 70,3,2,2,,,
space wars,3,2,2,,,
spaghetti,3,2,3,,,
spanish culture,3,3,3,,,
spanish farce,3,3,1,,,
spanish inquisition,3,3,2,,,
spanish language,3,3,3,,,
spanish lanuage,3,3,3,,,
special powers,3,1,3,,,
speech therapy,3,2,3,,,
spelunking,3,1,3,,,
sphinx,3,1,3,,,
spice girls,3,1,3,,,
spike jones,3,2,2,,,
spin,3,1,3,,,
spindle,3,3,1,,,
spinning top,3,3,2,,,
spok and uhura turbolift scene,3,1,3,,,
sport car,3,2,3,,,
sport:boxing?,3,3,1,,,
sport:car racing (nascar),3,3,1,,,
sport:figure skating,3,2,3,,,
sport:ice skating,3,1,3,,,
sport:roller derby,3,1,3,,,
sports almanac,3,1,3,,,
spring,3,2,3,,,
stabbing,3,3,2,,,
stacy peralta,3,3,1,,,
stage parents,3,1,3,,,
stale,3,2,3,,,
stalkers,3,1,3,,,
stalking,3,3,3,,,
stand up comedy,3,3,3,,,
stanley kwan,3,3,1,,,
star wars ripoff,3,3,2,,,
starman,3,3,1,,,
starry-eyed,3,2,2,,,
starts intense bug ends suddenly and with no oomph,3,1,3,,,
starts out original,3,1,3,,,
static,3,3,2,,,
static camera,3,2,2,,,
steel balls hero,3,3,1,,,
steel mill,3,3,3,,,
stellan skarsgãƒâ¥rd,3,3,3,,,
stephen j. anderson,3,2,2,,,
stephen merchant,3,2,2,,,
stephen tobolowsky,3,3,3,,,
stepmother,3,3,3,,,
stereoscopic 3-d sequences,3,3,1,,,
stereotyped roles,3,3,3,,,
stereotypical black comic relief,3,3,1,,,
steve barron,3,3,1,,,
steve whitmire,3,2,2,,,
steve-o,3,2,3,,,
steven king,3,2,3,,,
steven zaillian,3,3,1,,,
stock footage,3,3,2,,,
stolen identity,3,3,3,,,
stop looking at me swan,3,1,3,,,
stop-motion special effects,3,1,3,,,
straightforward,3,3,3,,,
strange characters,3,3,1,,,
stranger,3,3,3,,,
street fighting,3,3,2,,,
street gangs,3,3,3,,,
stress,3,3,2,,,
strong cast,3,2,3,,,
structure,3,1,3,,,
stuart heisler,3,3,1,,,
stuart rosenberg,3,3,1,,,
stuart wilson,3,3,2,,,
student detectives,3,1,3,,,
stupid americans,3,2,3,,,
stupid criminals,3,1,3,,,
stupid humor,3,1,3,,,
stupid monsters,3,1,3,,,
stupid people,3,2,3,,,
stupid title,3,2,2,,,
subgenre:family dynamics,3,2,2,,,
submission,3,2,2,,,
suburbs,3,3,2,,,
subversion,3,1,3,,,
successor,3,3,1,,,
sudan,3,3,1,,,
suffering,3,3,3,,,
suffering protagonist,3,2,2,,,
summer glau,3,2,2,,,
sundance grand jury prize: documentary 1991,3,2,2,,,
sundance grand jury prize: dramatic 2006,3,1,3,,,
super 1.85 blow-up,3,3,1,,,
suprisingly funny,3,1,3,,,
surf,3,1,3,,,
surprisingly powerful,3,1,3,,,
survivor,3,3,3,,,
susan hayward,3,3,1,,,
susumu hirasawa,3,2,2,,,
sven-bertil taube,3,1,3,,,
swan lake,3,2,3,,,
swing dancing,3,2,3,,,
sydney greenstreet,3,1,3,,,
sylvain chomet,3,3,1,,,
taika waititi,3,2,2,,,
talent contest,3,2,3,,,
tales,3,2,3,,,
talking babies,3,2,2,,,
talking heads,3,3,3,,,
talking mouse,3,1,3,,,
tamra davis,3,3,1,,,
tanks,3,1,3,,,
taoism,3,2,3,,,
tape recorder,3,2,3,,,
taxes,3,3,3,,,
taxi cabs,3,3,2,,,
te_continuacio,3,3,1,,,
technique:voice over,3,2,2,,,
technology fail,3,2,2,,,
technology run amok,3,3,2,,,
ted post,3,3,1,,,
teen appeal,3,2,2,,,
teen romance,3,3,3,,,
teenage boy,3,3,3,,,
telecine,3,3,1,,,
templar,3,2,2,,,
templars,3,2,2,,,
temple,3,3,3,,,
terence davies,3,3,1,,,
terence stamp,3,2,3,,,
teresa wright,3,3,2,,,
terminator,3,2,3,,,
terrible bond,3,1,3,,,
terrible career choices,3,1,3,,,
terrible characters,3,2,3,,,
terrible director,3,3,3,,,
terrible script,3,2,3,,,
tesla,3,1,3,,,
tezuka,3,1,3,,,
the american dream,3,2,3,,,
the band,3,1,3,,,
the best movie ever made,3,3,3,,,
the decalogue series,3,2,2,,,
the edge,3,1,3,,,
the end of the world,3,2,3,,,
the ending spoils this,3,3,3,,,
the maltese falcon,3,3,1,,,
the melancholy of resistance,3,1,3,,,
the movie,3,3,3,,,
the plot makes no sense,3,1,3,,,
the police had awful tactics,3,1,3,,,
the united states of america,3,1,3,,,
theatrical acting,3,3,2,,,
theme,3,3,3,,,
theme park,3,2,3,,,
theodoros angelopoulos,3,2,2,,,
thermopylae,3,1,3,,,
thiller,3,2,3,,,
thinks it's profound but it isn't,3,2,2,,,
thomas haden church,3,3,2,,,
thomas harris,3,2,3,,,
thomas pynchon,3,1,3,,,
threat,3,3,3,,,
thrill crime,3,2,2,,,
thuggery,3,2,3,,,
thure lindhardt,3,3,1,,,
tightrope,3,1,3,,,
tim fywell,3,3,1,,,
tim meadows,3,1,3,,,
timothy hutton,3,2,3,,,
tits and power tools,3,1,3,,,
tnmt,3,2,2,,,
to rent,3,3,2,,,
to see: fantasy,3,3,1,,,
to see: medieval,3,2,3,,,
to watch soon,3,3,2,,,
tolerance,3,3,2,,,
tom dey,3,2,2,,,
tom ford,3,1,3,,,
tom gries,3,3,1,,,
tom hulce,3,1,3,,,
tom skerritt,3,3,2,,,
tom thurman,3,3,1,,,
tomb,3,3,2,,,
tomek baginski,3,3,1,,,
tommy chong,3,2,2,,,
tony hawk,3,2,3,,,
too ambitious,3,3,2,,,
too cute,3,1,3,,,
too much cgi,3,3,2,,,
too much comic relief,3,2,3,,,
too scary,3,3,2,,,
too unrealistic,3,1,3,,,
toothless,3,1,3,,,
toothless is just like my cat,3,1,3,,,
top quintile,3,3,1,,,
top ten,3,2,3,,,
topic:deafness,3,2,2,,,
topic:us political corruption,3,2,2,,,
torrente,3,3,1,,,
totoro,3,1,3,,,
tough,3,3,1,,,
tough guy,3,3,3,,,
track and field,3,3,1,,,
tradition!,3,1,3,,,
transcendent,3,3,2,,,
trapped,3,3,3,,,
traumatic,3,2,3,,,
traumatic childhood,3,3,2,,,
travelogue,3,2,3,,,
travesty of film,3,3,1,,,
treasure hunts,3,3,1,,,
trench warfare,3,2,3,,,
trent harris,3,3,1,,,
triad,3,3,2,,,
triumph of the human spirit,3,2,3,,,
troll 2,3,1,3,,,
true to book,3,3,3,,,
true to the book,3,1,3,,,
trying to be indie,3,1,3,,,
tsukiji,3,1,3,,,
tsunami,3,2,3,,,
tuberculosis,3,3,3,,,
tuesday weld,3,2,2,,,
tv-g,3,3,1,,,
twee,3,3,3,,,
twists and turns,3,2,3,,,
two-color technicolor sequence,3,3,1,,,
tye sheridan,3,2,2,,,
typical coming of age story,3,1,3,,,
tyrone power,3,3,3,,,
tãƒâ©a leoni,3,3,3,,,
u.s.s. abraham lincoln (cvn 72),3,1,3,,,
u2 song,3,3,3,,,
ugly duckling,3,3,3,,,
ulu grosbard,3,3,1,,,
un-american activities committee,3,1,3,,,
unbelief,3,3,1,,,
unbelievable plot,3,2,3,,,
unclear,3,3,3,,,
understandable characters,3,1,3,,,
uneven script,3,1,3,,,
unexplained,3,3,3,,,
unfair,3,2,3,,,
unfaithful to source material,3,2,2,,,
unfocused,3,3,2,,,
unglamorized spy film,3,1,3,,,
unheroic heroes,3,2,3,,,
unique romantic comedy,3,2,3,,,
unknown actors,3,2,3,,,
unlikely favorites,3,1,3,,,
unlimited bullets,3,1,3,,,
unnecessary characters,3,3,1,,,
unnerving,3,3,3,,,
unrated,3,1,3,,,
unreal dialogue,3,1,3,,,
unrealistic dialogue,3,3,3,,,
unrealistic fighting,3,2,3,,,
unsympathetic hero,3,1,3,,,
unusual- friendships,3,2,2,,,
unwed mother,3,2,3,,,
urban legend,3,3,3,,,
us culture,3,2,2,,,
us navy,3,2,3,,,
use of music,3,1,3,,,
using real names,3,1,3,,,
ussr,3,3,2,,,
utopian society,3,1,3,,,
vampire vs vampire,3,1,3,,,
van gogh,3,1,3,,,
van heflin,3,3,2,,,
vapid,3,3,3,,,
variety show,3,3,2,,,
vatican,3,3,3,,,
very bad,3,2,3,,,
very effective horror,3,1,3,,,
very intense,3,1,3,,,
very real-looking,3,1,3,,,
very stupid,3,1,3,,,
very violent,3,3,3,,,
very well done,3,3,2,,,
veterinarian,3,1,3,,,
victor saville,3,3,1,,,
victor schertzinger,3,3,1,,,
vilgot sjöman,3,3,1,,,
villain evil beyond credibility,3,3,1,,,
vincent ward,3,3,1,,,
violence towards dogs,3,2,3,,,
virtual life,3,1,3,,,
vision,3,2,3,,,
visual arts,3,2,3,,,
viva violence,3,2,3,,,
vivid,3,3,3,,,
vladimir nabokov,3,1,3,,,
vodo.net,3,3,1,,,
voice over montages,3,1,3,,,
vomit-inducing,3,3,1,,,
vortex,3,2,3,,,
voters,3,2,3,,,
vow of silence,3,2,3,,,
voyeurs,3,3,1,,,
víctor erice,3,3,1,,,
w/e,3,3,1,,,
wacky scientist,3,1,3,,,
wall,3,3,3,,,
walt disney,3,2,3,,,
want bad acting,3,1,3,,,
want to buy,3,3,2,,,
warm-hearted,3,3,2,,,
warsaw ghetto,3,2,2,,,
watch with kids,3,3,2,,,
waterboarding,3,3,2,,,
way way way overrated,3,1,3,,,
we do not piss on hospitality,3,1,3,,,
weak editing,3,1,3,,,
weak pacing,3,3,2,,,
weapon choreography,3,1,3,,,
weather forecaster,3,2,3,,,
weatherman,3,2,2,,,
web of lies,3,2,3,,,
wedding theme,3,1,3,,,
weightlessness,3,1,3,,,
weird animation,3,1,3,,,
welfare,3,2,3,,,
well intentioned,3,1,3,,,
well-acted,3,3,3,,,
well-crafted,3,2,3,,,
well-made,3,3,2,,,
welsh,3,2,3,,,
wentworth miller,3,2,2,,,
west,3,3,3,,,
west germany,3,3,2,,,
west virginia,3,3,3,,,
westernization,3,2,2,,,
whale,3,2,3,,,
what the fuck did i just watch,3,2,3,,,
what the fuck?,3,3,2,,,
what's up with the da vinci hair do,3,1,3,,,
wheat,3,2,3,,,
when bad movies happen to good comics,3,1,3,,,
when did rupert grint become a man,3,1,3,,,
whiny,3,3,3,,,
whip,3,3,2,,,
whistleblower,3,2,3,,,
whistling,3,3,2,,,
white guy with jamaican/caribbean accent,3,1,3,,,
white shirts,3,1,3,,,
white slavery,3,1,3,,,
who ya gonna call????????????,3,1,3,,,
whoopie goldberg,3,2,3,,,
whore,3,2,3,,,
whores,3,3,3,,,
why did it have to be snakes?,3,1,3,,,
why god why,3,2,2,,,
why?,3,3,3,,,
widow,3,2,3,,,
wil wheaton,3,1,3,,,
wilco,3,1,3,,,
will lovelace,3,3,1,,,
will speck,3,2,2,,,
william beaudine,3,3,1,,,
william klein,3,3,1,,,
william nigh,3,3,1,,,
william sadler,3,2,2,,,
wings of freedom,3,3,2,,,
winning,3,1,3,,,
winona,3,3,2,,,
wissenschaftliche sci-fi,3,3,1,,,
witch hunt,3,3,3,,,
wizards and magicians,3,2,2,,,
wolfgang murnberger,3,3,1,,,
woman - man friendship,3,1,3,,,
women in prison,3,2,3,,,
wonderful light touch,3,2,3,,,
wonderful writing and jeff daniels is wonderful!,3,1,3,,,
workers,3,2,2,,,
working women,3,3,2,,,
world,3,3,2,,,
world trade center,3,2,2,,,
world within a world,3,1,3,,,
worse than the show,3,1,3,,,
worst ever,3,2,3,,,
would kill not to watch,3,1,3,,,
wouldn't see again,3,2,3,,,
wow!,3,3,3,,,
writer:julian fellowes,3,3,1,,,
wrong,3,2,3,,,
wtf?,3,3,3,,,
wtf? horrible sequel and storyboard,3,1,3,,,
wushu,3,3,2,,,
x men,3,2,2,,,
x-from dad,3,3,1,,,
xenophoby,3,3,1,,,
xiaogang feng,3,3,1,,,
xmas,3,3,2,,,
yash chopra,3,3,1,,,
yayan ruhian,3,1,3,,,
ye haw! ride em cowboy!!!!,3,1,3,,,
yiddish,3,2,3,,,
yoshihiro nakamura,3,3,1,,,
you're tearing me apart lisa,3,1,3,,,
young anakin,3,3,1,,,
young kids,3,2,3,,,
young parents,3,3,3,,,
young target audience,3,2,2,,,
zachary levi,3,1,3,,,
zack braff,3,2,3,,,
zak knutson,3,3,1,,,
zeitgeist,3,2,3,,,
zero 7,3,1,3,,,
zero mostel,3,3,3,,,
zest for life,3,1,3,,,
zimbabwe,3,2,3,,,
zizek's pick,3,3,1,,,
zoeey deschanel,3,3,2,,,
space-opera,2,2,1,943,2.0,0.996375
martial-arts,2,1,2,631,1.0,0.97625
twist-ending,2,1,2,1050,1.0,0.938
"""bitchy""",2,2,2,,,
"""duck and cover!""",2,2,1,,,
"""nut up or shut up""",2,1,2,,,
"""owen wilson""",2,1,2,,,
"""potty"" jokes",2,1,2,,,
"""show me the money.""",2,1,2,,,
"""testosterone poisoning""",2,1,2,,,
'daddy issues',2,1,2,,,
'dick' just isn't funny,2,2,1,,,
'don't cry jen i promise we'll kill them all',2,1,2,,,
'i love you anna!',2,1,2,,,
'i will give my kingdom for a great piece of twat!',2,1,2,,,
'more like skankwalkers',2,1,2,,,
'please tell me we brought the lighter...please',2,1,2,,,
'the weapon',2,1,2,,,
(not really) a true story,2,1,2,,,
************************,2,2,1,,,
*not* matt damon,2,1,2,,,
/b/,2,2,2,,,
01/14,2,2,1,,,
02/14,2,2,1,,,
03/13,2,2,1,,,
04/14,2,2,1,,,
05/14,2,2,1,,,
06 oscar nominated best movie - foreign language,2,1,2,,,
06/14,2,2,1,,,
07.01.06,2,2,1,,,
08/13,2,2,1,,,
10 minutes of spinning crap,2,1,2,,,
10/13,2,2,1,,,
11/13,2,2,1,,,
12-1-2007,2,2,1,,,
15.02.06,2,2,2,,,
16.01.06,2,1,2,,,
1790s,2,1,2,,,
19-8-2007,2,1,2,,,
1980,2,2,1,,,
2001-like,2,1,2,,,
2006 best picture oscar nominee,2,2,2,,,
2012,2,2,1,,,
3 short stories,2,1,2,,,
3 stars for special effects,2,1,2,,,
3-d,2,2,2,,,
30 daze of shite,2,1,2,,,
3d animation,2,2,1,,,
4.5,2,2,2,,,
40 year old virgin,2,2,2,,,
5-8-2007,2,2,1,,,
5.5-filmaffinity,2,2,1,,,
5.7-filmaffinity,2,2,1,,,
6.1-filmaffinity,2,2,1,,,
60s sci-fi,2,2,1,,,
7.6-filmaffinity,2,2,1,,,
7.7-filmaffinity,2,2,1,,,
70's,2,2,2,,,
70s horror,2,2,1,,,
70s plot,2,1,2,,,
70s sci-fi,2,2,2,,,
80's cheese,2,2,1,,,
80's slang,2,1,2,,,
80s horror,2,2,2,,,
9-11,2,1,2,,,
90s dystopia,2,1,2,,,
94 long minutes,2,1,2,,,
9th century,2,2,2,,,
<3,2,2,1,,,
===============,2,2,1,,,
================,2,2,1,,,
====================,2,2,1,,,
=====================,2,2,1,,,
========================,2,2,1,,,
=========================,2,2,1,,,
?alter ego,2,2,1,,,
?android(s)/cyborg(s),2,2,1,,,
?author:tennessee williams,2,1,2,,,
@2010,2,2,2,,,
@childhood,2,2,2,,,
"a ""fragment"" rather than a story",2,1,2,,,
a better tomorrow trilogy,2,2,1,,,
a bit boring,2,2,2,,,
a bit stupid,2,2,2,,,
a comedy version of matchpoint,2,1,2,,,
a drunk,2,2,1,,,
a favorite childhood movie,2,1,2,,,
a good comedy about a serious subject,2,2,1,,,
a good year,2,1,2,,,
a great science fiction movie,2,1,2,,,
a little boring,2,1,2,,,
a little corny at times,2,1,2,,,
a little over the top at times,2,1,2,,,
a lot of really bad,2,1,2,,,
a love love story,2,1,2,,,
a realistic and human romance,2,1,2,,,
a streetcar named desire,2,1,2,,,
a tribute movie butchered by the short sidedness,2,1,2,,,
a very good moive,2,2,1,,,
a whimsical,2,1,2,,,
a wonderful satire address the importance american society has placed on cultural savvy and political connectedness over intellect/critical thinking.,2,1,2,,,
aaron paul,2,2,2,,,
aasif mandvi,2,1,2,,,
abe kobo,2,1,2,,,
abe levitow,2,2,1,,,
abe vigoda,2,2,2,,,
about a girl,2,1,2,,,
about macdonalds,2,1,2,,,
abrupt end,2,1,2,,,
absolute favorite,2,2,2,,,
absolutely awsome! great actor!,2,2,2,,,
absolutely hilarious dark comedy,2,1,2,,,
absurd deadpan humour,2,1,2,,,
absurdity,2,2,2,,,
abusive father,2,2,2,,,
ac/dc,2,1,2,,,
academy award,2,2,2,,,
academy award:best song,2,1,2,,,
acapella,2,1,2,,,
accelerated fight scenes,2,1,2,,,
acceptance,2,2,2,,,
accepting death,2,1,2,,,
accessible,2,2,2,,,
accidents,2,2,2,,,
accomplices,2,2,2,,,
acid trip,2,2,2,,,
action girl,2,1,2,,,
action groovy,2,1,2,,,
action movie,2,1,2,,,
action turbo,2,1,2,,,
actor,2,2,1,,,
actor as protagonist,2,2,1,,,
actress from nathalie,2,2,1,,,
adam goldberg,2,1,2,,,
adam lamberg,2,1,2,,,
adapted classic novel,2,1,2,,,
adapted from a human interest book,2,1,2,,,
adapted from tv show,2,2,1,,,
adapted from:book(spinoff),2,2,1,,,
adapted from:cartoon,2,2,1,,,
adapted from:play/opera,2,1,2,,,
added character,2,1,2,,,
added sound effects in us version were bad,2,1,2,,,
addictive,2,2,2,,,
adhd,2,2,2,,,
aditya chopra,2,2,1,,,
adrian brody,2,2,2,,,
adrian grenier,2,2,2,,,
adrian lyne,2,2,1,,,
adult comedy,2,2,1,,,
adult themes,2,2,2,,,
adventure game,2,2,1,,,
adventure.,2,2,2,,,
adventure. boats,2,1,2,,,
aeroplane,2,1,2,,,
aerosmith,2,2,2,,,
aesop ending,2,2,2,,,
affected,2,1,2,,,
afi #100,2,1,2,,,
afi #17,2,1,2,,,
afi #2,2,1,2,,,
afi #28,2,2,1,,,
afi #40,2,1,2,,,
afi #52,2,1,2,,,
afi #54,2,1,2,,,
afi #75,2,1,2,,,
afi #86,2,1,2,,,
afi #92,2,1,2,,,
afi #94,2,1,2,,,
afi #95,2,1,2,,,
afi #97,2,1,2,,,
afi #98,2,1,2,,,
afi #99,2,1,2,,,
african americans,2,2,2,,,
afrikaner mercenaries getting killed,2,1,2,,,
after school special,2,2,2,,,
after the apocalypse,2,1,2,,,
after the reveal the story went back down and never came up again,2,1,2,,,
after you watch it you spend hours thinkig about it,2,1,2,,,
against all odds,2,2,2,,,
age issues,2,2,2,,,
age of sail,2,1,2,,,
aggeliki papoulia,2,1,2,,,
aggressive,2,2,2,,,
agnes bruckner,2,2,2,,,
agnès jaoui,2,2,1,,,
agoraphobia,2,2,2,,,
agriculture,2,2,2,,,
ahead of it's time,2,2,2,,,
aiden quinn,2,2,1,,,
aigars grauba,2,2,1,,,
aimless,2,2,2,,,
air crash,2,1,2,,,
air force academy dreams,2,2,1,,,
aishwarya rai,2,2,2,,,
akiko wada,2,1,2,,,
akiva schaffer,2,2,1,,,
al reinert,2,2,1,,,
al sharpton,2,1,2,,,
al-jazeera,2,1,2,,,
alagory,2,2,2,,,
alain guiraudie,2,1,2,,,
alan,2,2,1,,,
alan ball,2,2,2,,,
alan bates,2,2,2,,,
alan clarke,2,2,1,,,
alan metter,2,2,1,,,
alan quartermain,2,1,2,,,
alan smithee,2,2,1,,,
alan taylor,2,1,2,,,
albert einstein,2,2,2,,,
albert lamorisse,2,2,1,,,
alberto iglesias,2,2,1,,,
alcohol consume,2,1,2,,,
alden ehrenreich,2,1,2,,,
alejandro agresti,2,2,1,,,
alejandro amenabar,2,2,1,,,
aleksandr rogozhkin,2,2,1,,,
alex cross,2,2,1,,,
alex d. linz,2,2,1,,,
alex de la iglesia,2,2,2,,,
alex jones,2,2,1,,,
alex kendrick,2,2,1,,,
alex ross perry,2,1,2,,,
alexander hall,2,2,1,,,
alexandra neldel,2,1,2,,,
alf sjöberg,2,2,1,,,
alfonso arau,2,1,2,,,
alfonso cuaron,2,1,2,,,
alfred santell,2,2,1,,,
algimantas puipa,2,2,1,,,
ali macgraw,2,1,2,,,
ali mosaffa,2,1,2,,,
alicja bachleda-curus,2,2,2,,,
alien hunter,2,2,1,,,
aliens killed by rain,2,1,2,,,
aliens space science,2,2,2,,,
alistair maclean,2,2,2,,,
alive toys,2,1,2,,,
all about blood and gore,2,1,2,,,
all star cast,2,2,2,,,
all the actors were just wonderful!! a movie for anybody,2,1,2,,,
all the films were boring!!!!,2,1,2,,,
all washed up,2,2,1,,,
all-female cast,2,2,2,,,
allen covert,2,2,2,,,
allen rickman,2,2,1,,,
alligator,2,2,1,,,
allyson hannigan,2,1,2,,,
almeria,2,2,1,,,
almodovar is growing up,2,1,2,,,
almodãƒâ³var!!!!,2,2,1,,,
almost too long,2,1,2,,,
alone children,2,1,2,,,
alot of really good,2,1,2,,,
alpinism,2,2,2,,,
alps,2,2,2,,,
alright remake,2,1,2,,,
als,2,2,2,,,
alternate ending,2,1,2,,,
alwara hã?â¶fels,2,2,1,,,
alwara hã¶fels,2,2,1,,,
alyssa milano,2,1,2,,,
alzheimer's,2,2,2,,,
amanda crew,2,1,2,,,
amanda root,2,1,2,,,
amanda tapping,2,2,1,,,
amateur theatre,2,2,1,,,
amateurish,2,2,2,,,
amazing cgi,2,2,2,,,
amazing film about an amazing woman,2,1,2,,,
amazing performance,2,1,2,,,
amazing sountrack,2,2,1,,,
amazing storytelling,2,1,2,,,
amazing visuals,2,2,1,,,
amazing what he does with horses,2,1,2,,,
amazing!.,2,1,2,,,
ambiguous character alignments,2,1,2,,,
ambivalent,2,2,2,,,
american life,2,1,2,,,
american revolution,2,2,2,,,
american southwest,2,1,2,,,
americans are jerks,2,1,2,,,
americans in europe,2,1,2,,,
amitabh bachchan,2,2,1,,,
amoral characters,2,2,1,,,
amrish puri,2,2,2,,,
amsterdam,2,2,2,,,
amusing!,2,1,2,,,
amy brenneman,2,1,2,,,
amy sedaris,2,1,2,,,
an excellent trilogy,2,1,2,,,
an incomprehensible bucket of bollocks,2,1,2,,,
an ok movie,2,2,2,,,
anachronistic,2,1,2,,,
anal,2,2,2,,,
analeigh tipton,2,2,2,,,
anand tucker,2,2,1,,,
ancient,2,2,1,,,
ancient ruins,2,1,2,,,
and at times intense family,2,1,2,,,
anders østergaard,2,2,1,,,
andie macdowell is always terrible,2,2,1,,,
andrea nix,2,2,1,,,
andrea riseborough,2,1,2,,,
andreas wilson,2,1,2,,,
andrei zvyagintsev,2,2,1,,,
andrew birkin,2,1,2,,,
andrew currie,2,2,1,,,
andrew howard,2,2,2,,,
andrew leman,2,1,2,,,
andrey zvyagintsev,2,1,2,,,
andrzej munk,2,2,1,,,
andrã?â© dussollier,2,2,1,,,
andrã© benjamin,2,2,2,,,
andrés wood,2,2,1,,,
andy fickman,2,2,2,,,
angela bettis,2,1,2,,,
angela christlieb,2,1,2,,,
angelina jolie's lips,2,1,2,,,
anger managment,2,1,2,,,
angkor wat,2,2,2,,,
angry denzel,2,1,2,,,
anguirus,2,2,1,,,
animagus,2,2,1,,,
animal attack,2,2,2,,,
animal characters,2,2,1,,,
animal shelters,2,2,2,,,
animal sympathy,2,2,2,,,
animal/human connection,2,1,2,,,
animal:bird,2,2,1,,,
animal:goat,2,2,1,,,
animal:monkey,2,2,1,,,
animal:orangutang,2,1,2,,,
animal:rabbit,2,2,1,,,
animal:shark,2,1,2,,,
animal:spider,2,2,1,,,
animals as companions,2,2,1,,,
animals as nemesis,2,1,2,,,
animals die,2,1,2,,,
animated animal:horse,2,1,2,,,
animated woody allen film...if he made one,2,1,2,,,
animation poor,2,1,2,,,
anime. miyazaki,2,2,2,,,
anita ekberg,2,1,2,,,
anna friel,2,2,2,,,
anna kalaitzidou,2,1,2,,,
annabella sciorra,2,2,2,,,
anne boleyn,2,1,2,,,
anne suzuki,2,2,2,,,
anne tyler,2,1,2,,,
anniston is very good,2,1,2,,,
annoying charactor,2,2,2,,,
annoying child,2,1,2,,,
annoying detective,2,2,1,,,
annoying little girl,2,2,2,,,
annoying teens,2,1,2,,,
annoying villain,2,1,2,,,
anonymous,2,2,2,,,
anorexia,2,2,2,,,
another evil corporation,2,1,2,,,
another superhero,2,1,2,,,
antagonist,2,2,2,,,
anthony lapaglia,2,2,2,,,
anthony pelissier,2,2,1,,,
anthony stacchi,2,2,1,,,
anti conformity,2,1,2,,,
anti religion,2,1,2,,,
anti-american,2,1,2,,,
anti-climax,2,2,2,,,
anti-death penalty,2,2,1,,,
anti-government paranoia,2,2,1,,,
anti-matter,2,1,2,,,
anti-romantic ending,2,2,1,,,
anti-semitic,2,1,2,,,
anti-violence,2,2,2,,,
anti-war commentary,2,2,2,,,
anticapitalism,2,2,2,,,
antinio banderas,2,2,2,,,
antje traue,2,1,2,,,
antoine monot jr.,2,2,1,,,
anton chekhov,2,2,1,,,
antonia bird,2,2,1,,,
antonio margheriti,2,2,1,,,
antonio mercero,2,1,2,,,
anurag kashyap,2,2,1,,,
anvilicious,2,2,2,,,
apichatpong weerasethakul,2,2,1,,,
apology,2,2,1,,,
appalachian mountains,2,1,2,,,
appreciating diversity,2,1,2,,,
appreciating life,2,1,2,,,
apprenticeship/training of an adult,2,2,1,,,
approved,2,2,1,,,
arcade fire,2,1,2,,,
archangel,2,1,2,,,
archeology,2,2,2,,,
argument,2,2,2,,,
ariel schulman,2,2,2,,,
aris chatzistefanou,2,2,1,,,
arkansas,2,1,2,,,
armageddon,2,2,2,,,
arnaud desplechin,2,2,1,,,
arnold vosloo,2,2,1,,,
arri system 765,2,1,2,,,
arson,2,2,2,,,
art deco,2,1,2,,,
art history,2,2,2,,,
art patron,2,2,1,,,
art stevens,2,2,1,,,
art study,2,1,2,,,
arthur lowe,2,2,1,,,
arthur miller,2,1,2,,,
arthur rosson,2,2,1,,,
artistic license,2,2,1,,,
arts,2,1,2,,,
artwork,2,2,2,,,
as violent and retarded as jason himself,2,1,2,,,
ascetic,2,2,2,,,
asd,2,2,2,,,
ashley bell,2,2,1,,,
ashley sabin,2,2,1,,,
asian american,2,2,2,,,
asian chicks,2,2,2,,,
asian ladies,2,1,2,,,
asian mysticism,2,1,2,,,
asians,2,1,2,,,
asiaten in hollywood,2,2,1,,,
assasination,2,2,1,,,
assault,2,2,2,,,
asshole,2,1,2,,,
asshole with a heart of gold,2,1,2,,,
assisted suicide,2,1,2,,,
astaire/kelly musical,2,2,1,,,
asterix,2,2,2,,,
astor piazzolla,2,1,2,,,
athens ga,2,1,2,,,
atmpspheric,2,1,2,,,
attempts comedy and drama and fails at both,2,1,2,,,
attention seeking,2,2,1,,,
attorney,2,2,2,,,
audrrey tatou,2,1,2,,,
auguste lumière,2,2,1,,,
auschwitz,2,2,2,,,
australian history,2,1,2,,,
authentic christianity,2,1,2,,,
authentic men,2,1,2,,,
author: guy de maupassant,2,2,1,,,
"author:""richard stark""",2,2,1,,,
author:alexandre dumas (pã¨re),2,2,1,,,
author:anthony burgess,2,1,2,,,
author:arkadi strugatsky,2,1,2,,,
author:charlotte bronte,2,2,1,,,
author:christopher isherwood,2,1,2,,,
author:dennis lehane,2,2,2,,,
author:douglas adams,2,1,2,,,
author:e. annie proulx,2,2,2,,,
author:e. b. white,2,2,1,,,
author:george orwell (eric blair),2,1,2,,,
author:george orwell [eric blair],2,2,1,,,
author:h. p. lovecraft,2,2,2,,,
author:harlan coben,2,1,2,,,
author:harper lee,2,1,2,,,
author:herman melville,2,2,1,,,
author:james hilton,2,2,2,,,
author:joan lindsay,2,1,2,,,
author:john ajvide lindqvist,2,2,1,,,
author:jurek becke,2,2,1,,,
author:l. frank baum,2,1,2,,,
author:lawrence block,2,2,1,,,
author:leslie thomas,2,2,1,,,
author:mary norton,2,2,1,,,
author:milan kundera,2,1,2,,,
author:mordecai richler,2,2,1,,,
author:oliver sacks,2,1,2,,,
author:oscar wilde,2,2,1,,,
author:p. d. james,2,1,2,,,
author:patricia maclachlan,2,1,2,,,
author:paul theroux,2,2,1,,,
author:robert heinlein,2,2,1,,,
author:steinbeck,2,1,2,,,
author:ted hughes,2,1,2,,,
author:tennessee williams,2,2,1,,,
author:tom clancy,2,2,1,,,
author:yann martel,2,1,2,,,
autistic son,2,1,2,,,
autobiographical view,2,2,1,,,
automatic weapon,2,2,2,,,
autonomy,2,2,1,,,
autopsy,2,2,2,,,
ava duvernay,2,2,1,,,
ava gardner,2,2,2,,,
avante-garde,2,2,1,,,
avengers,2,2,1,,,
average,2,1,2,,,
average acting,2,2,2,,,
aviva kempner,2,2,1,,,
avoid for your sanity,2,1,2,,,
avorrida,2,2,1,,,
award,2,2,2,,,
awesome ending,2,2,2,,,
awesome powers,2,2,1,,,
awful acting,2,1,2,,,
awful cinematography,2,1,2,,,
awful dirty harry ripoff,2,1,2,,,
awful ending,2,1,2,,,
awful music,2,1,2,,,
awful sound,2,1,2,,,
awful story,2,1,2,,,
awkward dialogue,2,2,2,,,
awkward pacing,2,2,2,,,
awsom,2,2,1,,,
awsome,2,1,2,,,
axe gang,2,2,1,,,
aztec god,2,2,2,,,
bachelorhood,2,2,2,,,
back-story,2,2,1,,,
backwards. memory,2,1,2,,,
bad accent,2,2,2,,,
bad ass,2,2,2,,,
bad but good,2,1,2,,,
bad chemistry,2,2,2,,,
bad costumes,2,2,1,,,
bad even for me,2,2,1,,,
bad everything,2,1,2,,,
bad guy good,2,1,2,,,
bad horror,2,2,1,,,
bad lighting,2,2,2,,,
bad morals,2,1,2,,,
bad pace,2,1,2,,,
bad plot. senseless,2,2,2,,,
bad premise,2,2,2,,,
bad sciene,2,1,2,,,
bad skeptic,2,1,2,,,
bad sound mix,2,2,2,,,
bad to good,2,1,2,,,
bad...but so good...lolz,2,1,2,,,
badly acted,2,2,2,,,
badly done,2,1,2,,,
badly shot,2,1,2,,,
badly written jokes,2,1,2,,,
bagpipes,2,1,2,,,
bahram tavakoli,2,1,2,,,
baja california,2,2,2,,,
bakeneko,2,1,2,,,
baker,2,2,1,,,
balkans,2,2,2,,,
ballroom dance,2,1,2,,,
bam margera,2,1,2,,,
banal philosophy,2,1,2,,,
band,2,2,2,,,
band of little people,2,2,1,,,
bane's contradictory plans,2,1,2,,,
bank heist,2,1,2,,,
bank robbers,2,2,2,,,
baptism,2,2,2,,,
baran bo odar,2,2,1,,,
barbarian,2,1,2,,,
bare chested male,2,2,2,,,
barely tolerable,2,1,2,,,
barrington area library,2,2,1,,,
barry cook,2,1,2,,,
barry fitzgerald,2,2,2,,,
barry w. blaustein,2,2,1,,,
baseball movie,2,1,2,,,
baseball. drama. comedy. based on a true story.,2,1,2,,,
based on boardgame,2,1,2,,,
based on legendary literature,2,1,2,,,
based on nicholas sparks novel,2,1,2,,,
based on real events,2,1,2,,,
based on the book by dr. seuss,2,1,2,,,
based on the life of pierre dulane,2,1,2,,,
based upon a true story,2,1,2,,,
based-comic-book,2,1,2,,,
basic values,2,1,2,,,
bathing an a stream,2,1,2,,,
bathroom,2,2,1,,,
batman's voice,2,2,2,,,
battleships,2,1,2,,,
battling illness,2,1,2,,,
bava,2,1,2,,,
bavaria,2,2,2,,,
bay of pigs,2,1,2,,,
baz luhrman,2,1,2,,,
bbc,2,2,2,,,
bc,2,1,2,,,
beast of gã©vaudan,2,1,2,,,
beatutiful,2,1,2,,,
beautiful concept - inept writing,2,1,2,,,
beautiful story,2,1,2,,,
beautiful story.,2,1,2,,,
beautiful textures,2,2,1,,,
beautifully clever use of camera,2,1,2,,,
beautifully done,2,2,2,,,
beautifully written and acted,2,1,2,,,
bechdel test:neutral,2,2,2,,,
bedouin,2,2,1,,,
beer: the breakfast of champions,2,1,2,,,
beetle,2,2,1,,,
beetween the wars,2,1,2,,,
begins with big eye,2,2,1,,,
being trapped,2,1,2,,,
belgian,2,1,2,,,
believable action,2,1,2,,,
believable motivation,2,1,2,,,
believe in your ability to see stoopid plotlines,2,1,2,,,
believer,2,1,2,,,
ben gazzara,2,2,2,,,
ben washam,2,1,2,,,
ben wheatley,2,2,1,,,
ben wishaw,2,2,2,,,
ben wright,2,2,2,,,
bene gesserit,2,1,2,,,
benh zeitlin,2,1,2,,,
benign aliens,2,2,1,,,
benigni,2,2,1,,,
benjamin christensen,2,1,2,,,
benoît delépine,2,2,1,,,
bent hamer,2,1,2,,,
beowulf,2,1,2,,,
berlin wall,2,2,2,,,
berlinale 2007,2,2,1,,,
bernadette peters,2,1,2,,,
bernard hill,2,2,1,,,
bernstein,2,1,2,,,
bert lahr,2,1,2,,,
best animated movie,2,1,2,,,
best ever,2,2,2,,,
best fighting and stunts ever,2,1,2,,,
best friends fall in love,2,2,2,,,
best jewish movies,2,2,1,,,
best love story after the notebook!!!,2,1,2,,,
best of the originals,2,1,2,,,
best performance:   samuel l. jackson as jules winnfield,2,1,2,,,
best performance:  anthony hopkins as hannibal lecter,2,1,2,,,
best performance:  buster keaton as johnny gray,2,1,2,,,
best performance:  cary grant as t.r. devlin,2,1,2,,,
"best performance:  clint eastwood as ""dirty"" harry callahan",2,1,2,,,
best performance:  gene wilder as dr. frederick frankenstein,2,1,2,,,
best performance:  jack lemmon as jerry/daphne,2,1,2,,,
"best performance:  jack nicholson as ""baddass"" buddusky",2,1,2,,,
best performance:  james stewart as george bailey,2,1,2,,,
best performance:  john wayne as ethan edwards,2,1,2,,,
best performance:  judy garland as esther blodgett aka vicki lester,2,1,2,,,
best performance:  peter sellers as chance the gardener,2,1,2,,,
best performance:  robert de niro as jake la motta,2,1,2,,,
best performance:  russell crowe as jeffrey wigand,2,1,2,,,
best seen in a theater?,2,1,2,,,
best soundtrack,2,1,2,,,
best worst movie,2,2,2,,,
best-movie,2,1,2,,,
better as a child,2,1,2,,,
better first half,2,1,2,,,
better than any new episodes,2,1,2,,,
better the second time,2,2,2,,,
better then original medium,2,1,2,,,
betty sun,2,1,2,,,
beverley mitchell,2,2,1,,,
beverly d'angelo,2,2,1,,,
beverly todd,2,1,2,,,
beyonce knowles,2,2,2,,,
beyoncã© knowles,2,2,2,,,
beyond the iron courtain,2,2,1,,,
bgm performed by orchesta,2,2,1,,,
bharat nalluri,2,1,2,,,
bhutan,2,2,2,,,
bibo bergeron,2,2,1,,,
bielinsky,2,1,2,,,
big bad government,2,1,2,,,
big boys with guns,2,2,2,,,
big dude with large hammer,2,1,2,,,
big hair,2,1,2,,,
big pharmaceutical,2,2,2,,,
big wave,2,1,2,,,
bigfoot,2,1,2,,,
biking,2,1,2,,,
bilbo,2,2,2,,,
bill connolly,2,1,2,,,
bill murray movie with frozen dead person,2,2,1,,,
bill nighty,2,1,2,,,
bill roberts,2,2,1,,,
bill siegel,2,2,1,,,
bill the butcher,2,1,2,,,
billy boyd,2,2,1,,,
billy ray,2,2,1,,,
biloxi,2,1,2,,,
bio,2,1,2,,,
biografia,2,2,1,,,
biographical style,2,1,2,,,
biologists,2,1,2,,,
biomedical infection,2,1,2,,,
bioweapon,2,2,2,,,
bipolar,2,2,2,,,
bird guardian spirit,2,1,2,,,
birol ãœnel,2,1,2,,,
bishop,2,2,2,,,
bizar,2,2,1,,,
bizarre deaths,2,2,1,,,
black and white justice,2,1,2,,,
black guy as funny sidekick,2,1,2,,,
black history,2,2,2,,,
black man dies,2,1,2,,,
black men dressed up like white women,2,1,2,,,
black sabbath,2,2,2,,,
black scientist,2,1,2,,,
blacklisting,2,2,1,,,
blair,2,1,2,,,
blair treu,2,2,1,,,
blake lively,2,2,2,,,
blaspheme,2,2,2,,,
blind samurai,2,1,2,,,
blockbuster swill,2,1,2,,,
blood gore,2,2,2,,,
blood.,2,1,2,,,
blow-up,2,2,1,,,
blue collar,2,2,2,,,
blue john canyon,2,1,2,,,
blue steel,2,1,2,,,
blythe danner,2,2,1,,,
bmf,2,1,2,,,
bmw,2,2,2,,,
bo derek,2,1,2,,,
bob baker,2,2,1,,,
bob gale,2,1,2,,,
bob newhart the ninja,2,1,2,,,
boba fett,2,2,2,,,
body ritual,2,2,1,,,
bodysnatchers,2,2,2,,,
bohemia,2,1,2,,,
bolshevik revolution,2,1,2,,,
book is better than movie,2,1,2,,,
book was better (but neither was good),2,2,1,,,
boooo,2,1,2,,,
borderline,2,2,1,,,
borderline personality disorder,2,2,2,,,
boredom,2,2,2,,,
boring ending,2,2,2,,,
boring protagonist,2,2,2,,,
boring unless you are a like the characters in the film,2,2,2,,,
boston accent,2,2,2,,,
botany,2,2,2,,,
bounty hunter,2,2,2,,,
bounty hunting,2,1,2,,,
bournealike,2,1,2,,,
boxers,2,2,1,,,
boy toy,2,1,2,,,
brad and angelina,2,1,2,,,
brad furman,2,2,1,,,
brad mcgann,2,1,2,,,
brad renfro,2,1,2,,,
bradley beesley,2,2,1,,,
bradley whitford,2,2,2,,,
brahmin,2,2,1,,,
brain implants,2,1,2,,,
brain machine,2,1,2,,,
brain transplant,2,2,1,,,
brando,2,2,2,,,
brandon de wilde,2,1,2,,,
brandon lee,2,1,2,,,
brandon vietti,2,2,1,,,
brave,2,2,2,,,
breasts=death,2,2,1,,,
brecht,2,2,1,,,
breckin meyer,2,1,2,,,
brett harvey,2,2,1,,,
brett whitcomb,2,2,1,,,
brian blessed,2,2,2,,,
brian desmond hurst,2,2,1,,,
brian donlevy,2,2,1,,,
brian g. hutton,2,2,1,,,
brian gibson,2,2,1,,,
brian gilbert,2,2,1,,,
brian henson,2,2,1,,,
brian keith,2,1,2,,,
brian o'halloran,2,1,2,,,
brian percival,2,2,1,,,
brian taylor,2,1,2,,,
brie larson,2,1,2,,,
brigitte nielsen,2,2,2,,,
briljant opening,2,1,2,,,
brilliance,2,1,2,,,
brilliant in concept & execution,2,1,2,,,
brion james,2,2,2,,,
british accent,2,2,2,,,
britney spears,2,1,2,,,
britpop,2,2,2,,,
britt ekland,2,2,2,,,
brittany daniel,2,1,2,,,
broad satire,2,1,2,,,
broken character,2,2,1,,,
broken lizard,2,1,2,,,
broken love,2,2,1,,,
bronson pinchot,2,1,2,,,
brothels,2,1,2,,,
brothers quay,2,1,2,,,
browbeatingly boring,2,1,2,,,
bruce brown,2,2,1,,,
bruce lee master,2,1,2,,,
bruce malmuth,2,2,1,,,
bruce mcculloch,2,2,1,,,
bruce pittman,2,2,1,,,
bruce robinson,2,2,1,,,
bruce wayne,2,1,2,,,
bruges,2,1,2,,,
bruno vanden broucke,2,1,2,,,
bryan spicer,2,2,1,,,
bubblegum,2,2,2,,,
buddhist monk,2,2,2,,,
bugs!,2,1,2,,,
builds up,2,2,2,,,
bullfighting,2,2,2,,,
bullshit rape scene,2,1,2,,,
bunnies,2,2,2,,,
buried treasure,2,2,2,,,
burl ives,2,1,2,,,
burma,2,2,2,,,
burocracy,2,2,2,,,
burr steers,2,2,1,,,
burt kennedy,2,2,1,,,
burton repeats himself.,2,1,2,,,
buscemi,2,1,2,,,
bush jokes getting old,2,1,2,,,
business trip,2,2,2,,,
but amazing swordaction,2,1,2,,,
but lighter,2,1,2,,,
but not very good,2,1,2,,,
but that pool scene was repeated way too many times.,2,1,2,,,
but this is a bit thick.,2,1,2,,,
but what did they do after new years: resolve to kill all my enemies,2,1,2,,,
buzz kulik,2,2,1,,,
by far the best pick out of the three,2,1,2,,,
c3po,2,1,2,,,
cabaret,2,2,1,,,
caesar,2,2,1,,,
cage,2,2,2,,,
cage-fu,2,1,2,,,
cairo,2,2,2,,,
cal tech,2,1,2,,,
calista flockhart,2,1,2,,,
call center,2,1,2,,,
calm intelligent pace,2,1,2,,,
cambridge,2,2,2,,,
cameo:bill murray,2,1,2,,,
cameo:judy dench,2,1,2,,,
cameo:natalie portman,2,1,2,,,
cameo:oliver stone,2,2,1,,,
camera d'or winner,2,1,2,,,
camera obscura,2,2,1,,,
camera tricks,2,1,2,,,
cameraderie,2,1,2,,,
cameron diaz getting older,2,1,2,,,
camilla belle,2,2,1,,,
campanella,2,1,2,,,
can be a playlist,2,2,1,,,
can see 100 times no bore at all,2,1,2,,,
can you dislike these people after all,2,1,2,,,
can't ever rate it - cuz i can't ever watch the whole thing,2,1,2,,,
can't rate,2,2,1,,,
can't stand godard!,2,1,2,,,
canadian humor,2,2,2,,,
canal,2,2,1,,,
canal+,2,2,1,,,
cancer awareness,2,1,2,,,
cannabalism,2,2,2,,,
cannes: best director,2,2,1,,,
cannes: camera d'or,2,2,2,,,
cannon,2,2,2,,,
cansina,2,1,2,,,
cantinflas,2,2,2,,,
cantonese,2,2,2,,,
cao hamburger,2,2,1,,,
capoeira,2,1,2,,,
captain hook,2,1,2,,,
captivity,2,1,2,,,
car chases,2,2,2,,,
car wash,2,2,2,,,
card counting,2,2,2,,,
career criminal,2,1,2,,,
caregiver,2,1,2,,,
carey mulligan's acting,2,1,2,,,
carl hiaasen,2,2,1,,,
carl rinsch,2,1,2,,,
carlo ledesma,2,2,1,,,
carlos reygadas,2,2,1,,,
carly pope,2,1,2,,,
carmen electra,2,1,2,,,
carnivale,2,1,2,,,
carol lombard,2,1,2,,,
carrey decline begins...,2,1,2,,,
carrie ann moss,2,1,2,,,
cartoon cat,2,1,2,,,
cartoonish antagonists,2,1,2,,,
casey afflec,2,1,2,,,
cash-in sequel,2,1,2,,,
cashier,2,2,2,,,
cashing in,2,1,2,,,
caspar's son,2,1,2,,,
cast away,2,1,2,,,
castaway,2,1,2,,,
castro,2,1,2,,,
casual supernatural,2,2,1,,,
casualties,2,1,2,,,
cat-and-mouse,2,2,2,,,
catastrofe,2,1,2,,,
catch phrase,2,1,2,,,
catchy theme,2,1,2,,,
cate shortland,2,2,1,,,
catherine mccormack,2,2,2,,,
causality,2,1,2,,,
cautionary tale,2,2,1,,,
cayman islands,2,1,2,,,
ceausescu regime,2,1,2,,,
celebrities,2,2,2,,,
celtic music,2,1,2,,,
cenobites,2,1,2,,,
central event:wedding preparation(?),2,2,1,,,
central park,2,1,2,,,
cgi animals,2,2,1,,,
cgi doesn't help an average movie!,2,2,2,,,
cgi timelapse,2,2,1,,,
chad michael murray,2,1,2,,,
chadd harbold,2,1,2,,,
chaim potok,2,1,2,,,
chandleresque,2,2,1,,,
change,2,2,1,,,
changed my life,2,2,2,,,
changed my opinion on 2nd viewing,2,1,2,,,
changing fate,2,1,2,,,
channel 4,2,2,1,,,
character based on a real person:john keats,2,1,2,,,
character based on real person:andy warhol,2,1,2,,,
character based on real person:george w. bush,2,1,2,,,
character based on real person:jfk,2,2,1,,,
character based on real person:laurence olivier,2,1,2,,,
character based on real person:walter raleigh,2,1,2,,,
character dies,2,2,2,,,
character that makes you spit fire,2,2,1,,,
character:dangerous davies,2,2,1,,,
character:hercule poirot,2,2,1,,,
character:jack ryan,2,2,1,,,
character:khan,2,2,1,,,
characterisation,2,2,1,,,
characters stupid,2,1,2,,,
characters too old,2,1,2,,,
chariot race,2,1,2,,,
charles brabin,2,2,1,,,
charles durning,2,2,1,,,
charles grodin,2,2,1,,,
charles lamont,2,2,1,,,
charleton heston,2,2,1,,,
charlie chan,2,2,1,,,
charlie kaufman-esque,2,1,2,,,
charlotte gainsburg,2,1,2,,,
charlotte zwerin,2,2,1,,,
charlyne yi,2,2,2,,,
chase in airport cargo handling facility,2,2,1,,,
chauffeur,2,2,2,,,
cheap but fun,2,1,2,,,
cheap copy of original,2,1,2,,,
cheap laughs,2,2,2,,,
cheap symbolism,2,1,2,,,
check your brain at the door,2,1,2,,,
cheesy at times,2,1,2,,,
cheesy dialogue,2,2,2,,,
cheetah,2,2,2,,,
chelsea handler,2,1,2,,,
chemical dependency,2,2,1,,,
chen kaige,2,1,2,,,
chester erskine,2,2,1,,,
chester m. franklin,2,2,1,,,
chewbacca,2,1,2,,,
child abandonment,2,1,2,,,
child as protagonist,2,1,2,,,
child developmental (folk) psychology,2,1,2,,,
child neglect,2,2,1,,,
child nudity,2,2,1,,,
child pornography,2,2,2,,,
childhood memories,2,2,1,,,
childhood nightmares,2,1,2,,,
children raising children,2,1,2,,,
children's book,2,2,2,,,
children's movie,2,1,2,,,
children's novel,2,2,2,,,
chillout,2,2,1,,,
chimp,2,2,2,,,
chimpanzee,2,2,2,,,
china culture,2,1,2,,,
chinese-americans,2,1,2,,,
chipmunks,2,2,1,,,
chivalrous,2,1,2,,,
chloe grace moretz as carrie,2,1,2,,,
chloã« grace moretz,2,1,2,,,
chloãƒâ« grace moretz,2,2,2,,,
chloë grace moretz,2,2,1,,,
cholera,2,2,2,,,
chopped penis,2,1,2,,,
choral,2,2,1,,,
chris bell,2,1,2,,,
chris bould,2,2,1,,,
chris elliott,2,1,2,,,
chris eyre,2,2,1,,,
chris helmsworth,2,1,2,,,
chris menges,2,2,1,,,
chris paine,2,2,1,,,
chris penn,2,2,2,,,
chrisitanity,2,1,2,,,
christian carion,2,2,1,,,
christian duguay,2,2,1,,,
christian mckay,2,1,2,,,
christiane paul,2,2,1,,,
christians,2,2,1,,,
christina cox,2,1,2,,,
christina hendricks,2,2,2,,,
christine baranski,2,1,2,,,
christine lahti,2,2,2,,,
christmas carol,2,2,1,,,
christmas miracle,2,2,2,,,
christopher columbus,2,1,2,,,
christopher eccleston,2,2,2,,,
chromeskull,2,2,1,,,
ciaran hinds,2,2,2,,,
cinema veritã©,2,1,2,,,
cinemascope 55,2,2,1,,,
cinematographer-director,2,2,2,,,
cinematographer:gunnar fischer,2,2,1,,,
cinematographer:jeff cronenweth,2,2,1,,,
cinematographer:jordan cronenweth,2,2,1,,,
cinquã© lee,2,2,1,,,
cissexism,2,2,1,,,
claims to be true,2,1,2,,,
claire daines,2,1,2,,,
clare forlani,2,1,2,,,
clashing world views,2,1,2,,,
classic action movie,2,2,1,,,
classic book,2,2,2,,,
classic carrey,2,1,2,,,
classic chase scenes,2,2,1,,,
classic disney,2,1,2,,,
classic fairy tales,2,1,2,,,
classic hollywood,2,1,2,,,
classic horror brought to life,2,1,2,,,
classic leone,2,1,2,,,
classic martial arts flick,2,2,1,,,
classic marx,2,2,1,,,
classic noir in high school enviroment,2,1,2,,,
classic performance,2,1,2,,,
classic romance,2,2,2,,,
classical chinese,2,1,2,,,
classroom drama,2,1,2,,,
claude jutra,2,2,1,,,
claude lanzmann,2,2,1,,,
claudia cardinale,2,2,2,,,
claudio fragasso being butthurt,2,1,2,,,
clay,2,2,1,,,
clever banter,2,1,2,,,
cliche villain,2,2,1,,,
clichã©d,2,2,2,,,
clichãƒâ© ending,2,1,2,,,
clichãƒâƒã‚â© ending,2,1,2,,,
climbing the corporate ladder,2,1,2,,,
cliques,2,1,2,,,
clive cussler,2,1,2,,,
clive donner,2,2,1,,,
clock,2,2,2,,,
clone war,2,1,2,,,
clooney,2,2,2,,,
closed spaces,2,2,2,,,
clown,2,2,2,,,
clowny clones,2,2,1,,,
club dj (scene),2,2,2,,,
clubbing,2,2,2,,,
clumsy,2,2,2,,,
cnn,2,2,2,,,
co-dependancy,2,2,2,,,
cobb's wife,2,1,2,,,
cock,2,2,2,,,
cockroaches,2,2,2,,,
cocks,2,1,2,,,
coen,2,2,2,,,
cohen,2,2,2,,,
cohen has balls,2,1,2,,,
coin,2,2,1,,,
cold genius,2,1,2,,,
coline serreau,2,2,1,,,
collaborators,2,2,2,,,
college basketball,2,2,2,,,
college kids,2,2,2,,,
college reunion,2,1,2,,,
colm feore,2,2,2,,,
colonial,2,2,2,,,
colonial days,2,2,2,,,
color,2,2,2,,,
color version,2,1,2,,,
colourful sets,2,2,2,,,
columbia 3-d,2,2,1,,,
columbia pictures,2,1,2,,,
columbian rebels,2,1,2,,,
comedic,2,1,2,,,
comedic in parts,2,2,2,,,
comedic violence,2,1,2,,,
comedy about witness protection/relocation,2,2,1,,,
comedy and action,2,2,2,,,
comedy drama,2,1,2,,,
comedy horror,2,2,2,,,
comedy independent must-see,2,1,2,,,
comedy is way too obvious,2,2,2,,,
comedy of errors,2,2,2,,,
comes very close to being perfect,2,1,2,,,
comic action,2,2,1,,,
comic book adaptation,2,2,2,,,
commercialization,2,1,2,,,
common,2,2,2,,,
commune,2,2,2,,,
communist,2,1,2,,,
community theater,2,1,2,,,
compare:austin powers,2,2,1,,,
compare:bright star (2009),2,2,1,,,
compare:carrington (1995),2,2,1,,,
compare:fail-safe,2,2,1,,,
compare:minority report (2002),2,2,1,,,
compare:moon (2009),2,2,1,,,
compare:mr. and mrs. smith (2005),2,2,1,,,
compare:planes trains and automobiles (1987),2,2,1,,,
compare:premonition (2007),2,2,1,,,
compare:run lola run (1998),2,2,1,,,
compare:some like it hot,2,2,1,,,
compare:the silencers,2,2,1,,,
competent actors,2,1,2,,,
compilation of tv series,2,2,1,,,
computer paranoia,2,1,2,,,
concert tour,2,2,1,,,
concierge,2,2,2,,,
concubine,2,2,2,,,
condena a muerte,2,2,1,,,
coney island,2,2,2,,,
conflict,2,2,2,,,
conflict with society,2,1,2,,,
conflicts and differences between 2 people,2,2,2,,,
confronting stereotypes,2,1,2,,,
confusing parody,2,2,1,,,
confusing when not necessary,2,1,2,,,
congressman,2,1,2,,,
conquistador,2,1,2,,,
conservation,2,1,2,,,
constant sex scenes,2,2,2,,,
control freak,2,2,1,,,
controlling mother,2,1,2,,,
conventions,2,2,2,,,
converging lives,2,1,2,,,
conversion,2,2,2,,,
conviction,2,2,2,,,
cookie-cutter,2,1,2,,,
cool beans,2,1,2,,,
cool technology,2,1,2,,,
cop-out ending,2,1,2,,,
corn industry,2,2,2,,,
cornwall,2,1,2,,,
corny music,2,2,2,,,
corny narration,2,1,2,,,
corporal punishment,2,1,2,,,
corporate crime,2,2,1,,,
corporatism,2,1,2,,,
corpse,2,2,2,,,
correctional treatment,2,2,2,,,
corrupt clergy,2,2,2,,,
corrupt protagonist,2,2,1,,,
cory edwards,2,1,2,,,
cosmetics,2,2,2,,,
costume design,2,2,1,,,
cosy,2,2,1,,,
could carry on but i might end up spoilin it for you,2,1,2,,,
could have been edgier,2,1,2,,,
could have been great,2,2,1,,,
could've made a better selection from the tv series,2,1,2,,,
couldn't keep interest,2,2,2,,,
counter-intelligence,2,1,2,,,
country house,2,1,2,,,
couple relations,2,1,2,,,
couple relationship,2,2,2,,,
court martial,2,2,2,,,
courteney cox,2,1,2,,,
courtney b. vance,2,2,2,,,
covert,2,2,2,,,
cow killing,2,2,1,,,
cow tipping,2,1,2,,,
crack,2,1,2,,,
crack use,2,1,2,,,
craftmanship,2,1,2,,,
craig brewer,2,2,1,,,
craig gillespie,2,2,1,,,
craig johnson,2,1,2,,,
craig monahan,2,2,1,,,
craig zobel,2,2,1,,,
cranky,2,1,2,,,
crap dialog,2,1,2,,,
crapflix,2,2,2,,,
crappy fight choreography,2,2,1,,,
crappy mythology,2,1,2,,,
crazy awsome,2,1,2,,,
crazy ex is crazy,2,1,2,,,
crazy genius,2,1,2,,,
crazy guy from american pie,2,1,2,,,
crazy kinski,2,1,2,,,
creative adaptation,2,1,2,,,
creative process,2,1,2,,,
creative production,2,1,2,,,
credits,2,2,2,,,
creepy goodness,2,1,2,,,
creepy kids,2,1,2,,,
creepy robot,2,1,2,,,
crichton,2,2,2,,,
crime boss,2,2,2,,,
crime spree,2,2,2,,,
crimen,2,2,2,,,
crimes against humanity,2,2,2,,,
cristi puiu,2,2,1,,,
cristian nemescu,2,2,1,,,
critique of journalism,2,1,2,,,
crop circles,2,2,1,,,
cross-cultural,2,1,2,,,
cross-cultural romance,2,1,2,,,
crowe,2,2,1,,,
crowe's best,2,1,2,,,
crude but pivotal,2,1,2,,,
cruelty of war,2,1,2,,,
cruising,2,1,2,,,
crumbling lives,2,1,2,,,
crunk,2,1,2,,,
cryonics,2,2,2,,,
cryptozoology,2,2,2,,,
cthulhu,2,2,2,,,
cult fi,2,1,2,,,
culte sf,2,1,2,,,
cultural diversity,2,1,2,,,
cultural references lost in translation,2,1,2,,,
cunnilingus,2,2,1,,,
curious,2,2,2,,,
customer service,2,2,1,,,
cut scenes,2,1,2,,,
cute alien,2,2,1,,,
cute and nice,2,1,2,,,
cute kids,2,2,1,,,
cute movie,2,1,2,,,
cute story,2,1,2,,,
cy endfield,2,2,1,,,
cybernetic creatures,2,1,2,,,
cybernetics,2,1,2,,,
cyprus,2,2,2,,,
czech society,2,1,2,,,
cã©cile de france,2,1,2,,,
d'artagnan,2,1,2,,,
da,2,2,1,,,
daleks,2,2,1,,,
dallas,2,2,2,,,
dallas roberts,2,2,2,,,
damien o'donnell,2,2,1,,,
damián szifrón,2,2,1,,,
damn dirty apes,2,1,2,,,
damn hamster,2,1,2,,,
dan klores,2,1,2,,,
dan kuenster,2,2,1,,,
dan scanlon,2,2,1,,,
dana adam shapiro,2,1,2,,,
dana brown,2,2,1,,,
danberry,2,2,1,,,
dance marathon,2,2,2,,,
dance music,2,2,2,,,
dancer's life,2,1,2,,,
dances with wolves retelling,2,1,2,,,
dancing on the bar,2,1,2,,,
dane dehaan,2,1,2,,,
dania ramirez,2,1,2,,,
daniel monzón,2,2,1,,,
daniel petrie jr.,2,2,1,,,
daniel ribeiro,2,2,1,,,
danis tanovic,2,2,1,,,
danièle thompson,2,2,1,,,
dare,2,2,2,,,
darfur,2,2,2,,,
daring,2,2,2,,,
dario marianelli,2,2,1,,,
dark animated film,2,1,2,,,
dark fairytale,2,1,2,,,
dark humour,2,2,2,,,
dark romance,2,2,1,,,
darker undertones,2,1,2,,,
darko mitrevski,2,2,1,,,
darrell roodt,2,2,1,,,
darryl hannah,2,2,1,,,
dated directing,2,1,2,,,
dated humour,2,2,2,,,
dated slang,2,2,1,,,
dave thomas,2,2,2,,,
david and goliath,2,2,2,,,
david attenborough,2,2,2,,,
david bowie!,2,1,2,,,
david carson,2,2,1,,,
david goelz,2,1,2,,,
david hand,2,2,1,,,
david hasselhoff,2,2,2,,,
david heilbroner,2,2,1,,,
david herman,2,1,2,,,
david huddleston,2,2,2,,,
david koechner,2,2,2,,,
david kross,2,1,2,,,
david leland,2,2,1,,,
david letterman,2,1,2,,,
david m. evans,2,2,1,,,
david mitchell,2,1,2,,,
david morrissey,2,2,2,,,
david munro,2,2,1,,,
david nutter,2,2,1,,,
david redmon,2,2,1,,,
david robert mitchell,2,2,1,,,
david seltzer,2,2,1,,,
david siegel,2,2,1,,,
david sington,2,2,1,,,
david van taylor,2,1,2,,,
david webb peoples,2,1,2,,,
day and hudson,2,2,2,,,
dazzling,2,1,2,,,
dead mother,2,2,2,,,
deadpool,2,1,2,,,
deaf,2,2,2,,,
dean jones,2,2,2,,,
death metal,2,1,2,,,
debbie reynolds,2,2,1,,,
deborah kara unger,2,2,2,,,
debra granik,2,1,2,,,
decadence,2,2,1,,,
decent acting,2,2,2,,,
decent sequel,2,2,2,,,
decent thiller,2,2,2,,,
deceptive,2,2,2,,,
decoy,2,1,2,,,
deep ocean,2,1,2,,,
deepika padukone,2,2,1,,,
defection,2,2,2,,,
defense contractors,2,1,2,,,
definitley not as good as first,2,1,2,,,
degradation,2,2,1,,,
del toro,2,2,1,,,
delicious,2,2,2,,,
delusional self obsession,2,1,2,,,
demonic themes,2,2,2,,,
denise richards,2,2,2,,,
dennis gansel,2,2,1,,,
dentists,2,1,2,,,
department store,2,2,2,,,
deportation,2,2,2,,,
depress,2,1,2,,,
deprivation of freedom,2,2,1,,,
derivative plot,2,2,2,,,
descent into crime,2,2,2,,,
desert island,2,1,2,,,
desert storm,2,1,2,,,
deserves better reviews!,2,1,2,,,
desires,2,1,2,,,
desmond harrington,2,2,1,,,
despicable character,2,1,2,,,
destroyer,2,1,2,,,
destruction pornographie,2,1,2,,,
detached,2,1,2,,,
details,2,2,2,,,
detention,2,1,2,,,
detlev buck,2,2,2,,,
deutschland,2,1,2,,,
development friendship,2,1,2,,,
dialog,2,2,2,,,
dialog & characters ring true despite pat coincidence & stereotyping,2,1,2,,,
dialogs,2,2,2,,,
dialogues,2,2,2,,,
dialouge driven,2,1,2,,,
diana ross,2,2,1,,,
diane baker,2,2,2,,,
dibujos bonita,2,1,2,,,
dick powell,2,2,2,,,
dickies,2,1,2,,,
didactic,2,2,2,,,
didja know there's a black police ociffer on our block? oh man there goes the neighborhood,2,1,2,,,
didn't like him,2,1,2,,,
didn't translate well to a movie,2,1,2,,,
diedrich bader,2,1,2,,,
dieter laser,2,1,2,,,
diether krebs,2,1,2,,,
dietrich brüggemann,2,2,1,,,
differences to book,2,1,2,,,
different directors and styles,2,1,2,,,
difficult to watch,2,2,2,,,
difficulties during childhood,2,1,2,,,
digital,2,2,2,,,
dimension-150,2,2,1,,,
dimensionalized 2-d to 3-d for reissue in 2013,2,2,1,,,
dino risi,2,2,1,,,
diplomacy,2,2,2,,,
diplomat,2,1,2,,,
direct-to-video,2,2,1,,,
director of english patient,2,2,1,,,
director's cut is a must,2,1,2,,,
dirt,2,2,2,,,
dirty,2,2,2,,,
dirty jokes,2,2,2,,,
disacknowledged,2,1,2,,,
disaffected,2,1,2,,,
disambiguation:...ever after...,2,2,1,,,
disambiguation:10,2,2,1,,,
disambiguation:bangkok dangerous (2000/2008),2,2,1,,,
disambiguation:blue,2,2,1,,,
disambiguation:leon/the professional & the professional (1981),2,2,1,,,
disambiguation:mother night/night mother,2,2,1,,,
disambiguation:rise/up,2,2,1,,,
disambiguation:ten,2,2,1,,,
disambiguation:the 4th/thirteenth floor (1999),2,2,1,,,
disambiguation:the avengers (1998)/(2012),2,2,1,,,
disambiguation:the mask,2,2,1,,,
disambiguation:toy(s),2,2,1,,,
disambigutation:9/nine,2,2,1,,,
disappearance,2,2,1,,,
disappointing from two geniuses,2,1,2,,,
disappointingly predictable,2,1,2,,,
discovering one's heritage,2,2,2,,,
discshop,2,2,1,,,
disfigurement,2,2,2,,,
disguised as a nun,2,2,1,,,
disinformation,2,2,2,,,
disjointed plotline,2,2,2,,,
disney but still great,2,1,2,,,
disney was really reaching for material,2,2,2,,,
disneyworld,2,1,2,,,
disobeying orders,2,2,1,,,
disorientating,2,2,1,,,
disrespectul to audience,2,1,2,,,
disruptive,2,2,1,,,
distorted sense of reality,2,2,1,,,
disturbing images,2,2,2,,,
disturbing scene,2,1,2,,,
disturbing sexual scenes,2,1,2,,,
disturbing violence,2,2,2,,,
divorced from reality,2,1,2,,,
dixie chicks,2,1,2,,,
diy surgery,2,1,2,,,
dj pooh,2,2,1,,,
djibril diop mambéty,2,2,1,,,
dmz,2,1,2,,,
do kina,2,2,1,,,
doc holliday,2,1,2,,,
doc ock,2,1,2,,,
docu-drama,2,1,2,,,
documenatary,2,1,2,,,
dodie smith,2,1,2,,,
dodo abashidze,2,2,1,,,
doesn't kid itself,2,2,2,,,
doesn't like people,2,1,2,,,
dog fighting,2,1,2,,,
dogsled,2,2,1,,,
dom deluise,2,2,1,,,
domination doesn't always require more intelligence just better guns,2,1,2,,,
dominic toretto,2,1,2,,,
dominic west,2,2,2,,,
don argott,2,2,1,,,
don hall,2,2,1,,,
don juan,2,1,2,,,
don mckellar,2,1,2,,,
don rickles,2,2,2,,,
don't watch,2,2,2,,,
donal logue,2,1,2,,,
donald petrie,2,2,1,,,
dorian grey,2,1,2,,,
doris dörrie,2,2,1,,,
dork people,2,1,2,,,
doubted faith,2,1,2,,,
doug atchison,2,1,2,,,
doug benson,2,1,2,,,
doug jones,2,1,2,,,
douglas hickox,2,2,1,,,
douglas macarthur,2,2,2,,,
dougray scott,2,2,2,,,
down's syndrome,2,2,2,,,
dr house with more make-up,2,1,2,,,
dr. dre,2,2,2,,,
draft,2,1,2,,,
dragged and boring,2,2,2,,,
drama for drama's sake,2,2,1,,,
dream house,2,1,2,,,
dream like,2,1,2,,,
dreamer,2,2,1,,,
dreamy,2,2,2,,,
drinking game,2,1,2,,,
drogas,2,1,2,,,
drone,2,2,2,,,
drought,2,2,1,,,
drunk,2,2,2,,,
dry funny,2,2,2,,,
dsyfunctional family,2,1,2,,,
du -ac --time /var/lib/dpkg,2,1,2,,,
dub adds swearing,2,2,1,,,
dubbed in english - horrible!,2,2,2,,,
dubious medical experiments,2,2,1,,,
dubious physics,2,1,2,,,
duccio tessari,2,2,1,,,
duct tape,2,2,1,,,
dull story,2,2,2,,,
dumb and dumber,2,1,2,,,
dumb but charming,2,1,2,,,
dumb chick flick,2,1,2,,,
dumb plot,2,2,2,,,
dumbass cut his thumb off,2,1,2,,,
dumbed down original,2,1,2,,,
dumbest movie ever,2,2,2,,,
dummy,2,2,2,,,
dumplings,2,1,2,,,
dusan hanák,2,2,1,,,
dust bowl,2,1,2,,,
dusty,2,1,2,,,
duwayne dunham,2,2,1,,,
dwayne carey-hill,2,2,1,,,
dwelling as character?,2,2,1,,,
dwight yoakam,2,2,2,,,
dylan mcdermott,2,2,2,,,
dylan thomas,2,1,2,,,
dyslexia,2,2,2,,,
dystopi,2,1,2,,,
e. nesbit,2,2,1,,,
ealing,2,1,2,,,
eamonn walker,2,2,2,,,
early cgi,2,1,2,,,
early punk,2,1,2,,,
earth related,2,1,2,,,
eastern,2,1,2,,,
easy,2,2,2,,,
easy ending,2,1,2,,,
easy fix,2,1,2,,,
easy to follow,2,2,2,,,
easy to watch,2,2,2,,,
eavesdropping,2,2,1,,,
ebert best ten list,2,2,1,,,
ebert ten best list,2,2,1,,,
ebirah,2,2,1,,,
economic crisis,2,2,2,,,
economy,2,2,2,,,
ecuador,2,2,1,,,
ed begley jr.,2,1,2,,,
ed o'neill,2,2,2,,,
eddie cibrian,2,2,2,,,
eddie marsan,2,2,1,,,
edgar g. ulmer,2,2,1,,,
edifying,2,2,1,,,
edison chen,2,2,2,,,
edo,2,1,2,,,
edouard baer,2,2,1,,,
edouard molinaro,2,2,1,,,
edward yang,2,2,1,,,
edwin l. marin,2,2,1,,,
egotism,2,2,2,,,
eh,2,2,2,,,
einstein,2,1,2,,,
el paso,2,2,1,,,
el santo,2,2,2,,,
eldar ryazanov,2,2,1,,,
eldritch animation,2,1,2,,,
election type rip-off,2,1,2,,,
electric guitar,2,2,1,,,
electricity,2,2,2,,,
elegant love,2,1,2,,,
elektra,2,1,2,,,
elfs,2,2,2,,,
elisabeth taylor,2,1,2,,,
eliseo subiela,2,2,1,,,
elitism,2,2,2,,,
ellen goosenberg kent,2,2,1,,,
elmo,2,2,2,,,
elsa pataky,2,2,1,,,
elsa zylberstein,2,1,2,,,
elton john,2,1,2,,,
elusive creature,2,1,2,,,
emanuelle seigner,2,1,2,,,
embarrasing,2,1,2,,,
emile ardolino,2,2,1,,,
emile de antonio,2,2,1,,,
emilio fernández,2,2,1,,,
emilis velyvis,2,2,1,,,
eminem is a victim,2,1,2,,,
emma caulfield,2,2,1,,,
emma cooper,2,2,1,,,
emmanuelle beart,2,2,2,,,
emmett malloy,2,2,1,,,
emotional healing,2,1,2,,,
emotionally dead,2,1,2,,,
emphasis on the guitar alone in rock and roll,2,1,2,,,
employer employee relationship,2,1,2,,,
empowered women,2,2,2,,,
empty house,2,1,2,,,
enchanting. loved it!,2,1,2,,,
end of a series,2,1,2,,,
end of a trilogy,2,1,2,,,
endangered species,2,1,2,,,
ended too soon,2,1,2,,,
"ending ""twist"" could be better",2,2,2,,,
ending dialogue,2,1,2,,,
ending music,2,1,2,,,
endless ammo,2,1,2,,,
endless unrealistic action,2,1,2,,,
engaging plot,2,1,2,,,
engineer,2,2,2,,,
english dub,2,2,2,,,
english football,2,1,2,,,
english vaudeville,2,1,2,,,
engrossing,2,2,2,,,
entitlement,2,2,2,,,
environmental preservation,2,1,2,,,
enzo g. castellari,2,2,1,,,
epic beard man,2,2,2,,,
epic final battle,2,1,2,,,
epilepsy warning,2,2,2,,,
epiphany,2,2,1,,,
episodenfilm,2,2,1,,,
equador,2,2,2,,,
equestrian,2,1,2,,,
equilibrium,2,2,2,,,
eran kolirin,2,1,2,,,
eran riklis,2,2,1,,,
eric balfour,2,1,2,,,
eric blair,2,2,1,,,
eric bress,2,1,2,,,
eric cantona,2,1,2,,,
eric goldberg,2,2,2,,,
eric roberts,2,2,2,,,
eric rochant,2,2,1,,,
eric serra,2,2,2,,,
eric stoltz,2,2,2,,,
eric toledano,2,1,2,,,
eric tsang,2,2,2,,,
erik canuel,2,1,2,,,
erin kelly,2,1,2,,,
erle c. kenton,2,2,1,,,
ernst-hugo jãƒâ¤regãƒâ¥rd,2,2,1,,,
erotica,2,2,2,,,
erwin wagenhofer,2,2,1,,,
escaped prisoner,2,2,1,,,
eskimoes,2,1,2,,,
español,2,2,2,,,
especial effects and visuals,2,2,2,,,
espen sandberg,2,2,1,,,
estate,2,2,1,,,
ester,2,1,2,,,
estonian,2,2,2,,,
etaegepriority,2,2,1,,,
ethan hunt should stop hogging the screen!,2,1,2,,,
ethan spaulding,2,2,1,,,
ethnicity,2,2,1,,,
eugene o'neill,2,1,2,,,
eugene pallette,2,1,2,,,
eunuchs,2,2,1,,,
european film,2,2,1,,,
evald schorm,2,2,1,,,
evan peters,2,1,2,,,
evangelion like,2,1,2,,,
evangelism,2,1,2,,,
even a man who is pure in heart and says his prayers by night may become a wolf when the wolfbane blooms and the autumn moon is bright.,2,1,2,,,
every cliche in the book,2,2,2,,,
everybody dies,2,2,1,,,
everyone has a crazy aunt.  but two?,2,1,2,,,
evgeni leonov,2,1,2,,,
evil empire,2,1,2,,,
evil hero,2,1,2,,,
evil hunter,2,2,1,,,
evil rock band,2,1,2,,,
evil scientist,2,2,2,,,
evokative,2,2,1,,,
ewen bremner,2,2,2,,,
ewoks,2,1,2,,,
ex-girlfriend,2,2,1,,,
excellent and worth while.,2,1,2,,,
excellent characterization,2,1,2,,,
excellent old movie,2,2,2,,,
excess,2,2,2,,,
excessive backstory,2,1,2,,,
excessive cgi,2,2,2,,,
excessive profanity,2,2,2,,,
excessive smoking,2,1,2,,,
exellent movie,2,1,2,,,
existential crises,2,2,1,,,
existential crisis,2,2,1,,,
exotic,2,2,2,,,
expatriate,2,2,1,,,
expedition,2,2,2,,,
expelled from school,2,2,1,,,
expensive,2,1,2,,,
experiment gone wrong,2,1,2,,,
expiation,2,2,1,,,
explicit language,2,1,2,,,
exploding codpiece,2,1,2,,,
exploitation movie,2,2,1,,,
exploitive,2,2,2,,,
exploration of humanity,2,1,2,,,
expressionism,2,2,2,,,
expressionistic,2,2,2,,,
extramarital affair,2,1,2,,,
extraterrestrial colony,2,1,2,,,
extravagant,2,1,2,,,
extreme,2,2,2,,,
extreme product placement,2,1,2,,,
extroversion,2,1,2,,,
eye,2,2,1,,,
eye patch,2,2,1,,,
eyebrows,2,2,2,,,
f bomb,2,2,2,,,
faberge egg,2,1,2,,,
fabio audi,2,2,1,,,
fabián bielinsky,2,1,2,,,
face heel turn,2,2,1,,,
facepalm,2,1,2,,,
facial expressions on the characters,2,1,2,,,
factory workers,2,2,2,,,
faggots,2,2,2,,,
fair play,2,1,2,,,
faithful to game,2,2,1,,,
fake documental,2,2,2,,,
fake identity,2,2,2,,,
falklands war,2,1,2,,,
falls apart in the last third,2,2,2,,,
false ending,2,1,2,,,
familial relationships,2,2,1,,,
family death,2,2,2,,,
family portrait,2,1,2,,,
family problem,2,2,2,,,
family vacations,2,2,2,,,
"fancy resorts disguised as ""exotic"" locations",2,1,2,,,
fanservice,2,2,2,,,
fantacy,2,2,2,,,
fantastic cg,2,1,2,,,
fantastic comedy!,2,1,2,,,
fantastic end,2,1,2,,,
fantastical,2,1,2,,,
fantasy epic,2,2,1,,,
far and away,2,2,2,,,
farcical,2,2,2,,,
farm tale,2,1,2,,,
fart jokes,2,2,2,,,
fascinating characters,2,2,2,,,
fascinating how a conversation and two people keep you interested,2,2,2,,,
fascinating protagonist,2,1,2,,,
fascistic,2,1,2,,,
fashion industry,2,2,2,,,
fat jokes,2,2,2,,,
fat suit,2,2,1,,,
fat woman,2,1,2,,,
father - daughter relationship,2,2,1,,,
father dies,2,2,2,,,
father figures,2,1,2,,,
father son conflict,2,1,2,,,
father/son,2,2,2,,,
fda,2,2,2,,,
fear of airplanes,2,2,2,,,
fecal incontinence,2,1,2,,,
feel-bad movie,2,2,2,,,
feels unfinished,2,2,2,,,
feigned innocence,2,1,2,,,
felt complete,2,1,2,,,
female characters useless,2,1,2,,,
female friendship,2,2,1,,,
femininity,2,1,2,,,
feminist film,2,1,2,,,
feminist society,2,1,2,,,
fern gully,2,1,2,,,
fernando di leo,2,2,1,,,
ferris wheel,2,2,2,,,
ferry,2,2,1,,,
fetish clothes,2,1,2,,,
feudalism,2,1,2,,,
few words,2,2,2,,,
fiancã©e,2,2,1,,,
fictional,2,2,2,,,
fidel,2,1,2,,,
fidelity,2,1,2,,,
field trip,2,2,2,,,
fight club wannabe failure,2,1,2,,,
fighter that downloads music from internet right!,2,1,2,,,
fighting girls,2,1,2,,,
fighting inner demons,2,1,2,,,
fighting nazis,2,1,2,,,
filip peeters,2,1,2,,,
film essay,2,2,1,,,
film industry,2,2,2,,,
filmed in savannah,2,1,2,,,
filmed in west nashville,2,1,2,,,
filmed play,2,1,2,,,
filming,2,1,2,,,
films that shouldn't be edited,2,2,1,,,
final chapter,2,1,2,,,
final credits,2,2,2,,,
final fight of asuka langley soryu,2,1,2,,,
financial disaster,2,2,2,,,
financial power,2,1,2,,,
financial problems,2,1,2,,,
finding a way back home,2,2,1,,,
finnland,2,1,2,,,
finns,2,2,1,,,
fire between couple,2,1,2,,,
fire demon,2,1,2,,,
firefighting,2,2,1,,,
first,2,2,2,,,
first half of the movie,2,2,2,,,
first heartbreak,2,1,2,,,
fistfighting,2,2,2,,,
fjords,2,1,2,,,
flabby man ass,2,1,2,,,
flagellation,2,2,1,,,
flat ending,2,1,2,,,
flawed,2,2,2,,,
flawed but worthwhile,2,1,2,,,
flawless art direction,2,1,2,,,
flight of the innocent,2,2,1,,,
flop,2,2,2,,,
florian henckel von donnersmarck,2,1,2,,,
florida film festival winner best international feature film audience award 2001,2,1,2,,,
florida film festival winner special jury award 2003,2,2,1,,,
flowers for algernon,2,1,2,,,
fly,2,2,2,,,
flying fish!,2,1,2,,,
flying jokes,2,1,2,,,
flying monkeys,2,1,2,,,
flynn,2,1,2,,,
focus on the white family,2,1,2,,,
fog,2,1,2,,,
folk,2,2,2,,,
food production,2,1,2,,,
foot fetish,2,2,2,,,
for the kids,2,2,1,,,
forced ending,2,2,2,,,
foreclosure,2,2,1,,,
foreign film,2,2,2,,,
foreign policy,2,2,2,,,
forensic psychology,2,1,2,,,
forgetting,2,1,2,,,
forgone conclusion,2,1,2,,,
formal ball,2,1,2,,,
forrest tucker,2,1,2,,,
forth wall,2,1,2,,,
foul,2,2,2,,,
four horsemen,2,1,2,,,
fourth of july,2,2,1,,,
fragmented,2,2,2,,,
franchise killer,2,2,1,,,
francis ng,2,2,2,,,
frank tashlin,2,2,1,,,
frank whaley,2,2,1,,,
frankie muniz,2,2,1,,,
franny armstrong,2,2,1,,,
frantisek vlácil,2,2,1,,,
franã§ois ozon,2,2,2,,,
françois girard,2,2,1,,,
fraternization with the enemy,2,2,1,,,
fratricide,2,2,2,,,
freaked me out!,2,2,2,,,
fred m. wilcox,2,2,1,,,
freddie fox,2,1,2,,,
frederick stephani,2,2,1,,,
free air diving,2,1,2,,,
free download available with subs,2,1,2,,,
free jumping,2,1,2,,,
free software foundation,2,1,2,,,
freedom from society,2,2,2,,,
freedom of information,2,2,2,,,
freida lee mock,2,2,1,,,
fresh,2,2,2,,,
fresh start,2,2,2,,,
freud,2,1,2,,,
frida kahlo,2,1,2,,,
friends as lovers,2,2,1,,,
friends with issues,2,1,2,,,
friendship between young adults,2,1,2,,,
friggin orangutan,2,2,1,,,
frightening idea,2,1,2,,,
frontier,2,2,1,,,
fruit chan,2,2,1,,,
fuck,2,1,2,,,
fucking digimon,2,1,2,,,
fucking scary,2,1,2,,,
fun scifi,2,1,2,,,
fun songs,2,1,2,,,
fun to watch,2,1,2,,,
funfunfun,2,1,2,,,
funniest action movie ever,2,1,2,,,
funniest movie ever,2,2,2,,,
funny lines,2,2,2,,,
funny shit,2,2,2,,,
funny smart,2,1,2,,,
fur clothing,2,1,2,,,
future cult flick,2,1,2,,,
future dystopia,2,1,2,,,
future kids powers doll,2,1,2,,,
félix enríquez alcalá,2,2,1,,,
g.w. pabst,2,2,1,,,
gabriel pascal,2,2,1,,,
gael garcãâ­a bernal,2,2,2,,,
gag:tossing lighter out of car,2,2,1,,,
gaia,2,2,2,,,
gaiman,2,2,2,,,
gale,2,1,2,,,
gamble,2,2,2,,,
gang rape,2,2,2,,,
ganska tam krigsrulle,2,1,2,,,
garden,2,2,2,,,
garrett clayton,2,2,1,,,
garson kanin,2,2,1,,,
garth,2,1,2,,,
gary busey,2,1,2,,,
gary rydstrom,2,2,1,,,
gary stu,2,2,1,,,
gary weis,2,2,1,,,
gary winick,2,2,1,,,
gaspar noãƒâ©,2,2,2,,,
gaston kaboré,2,2,1,,,
gave me a headache,2,2,2,,,
gave new depth to michael mayers,2,1,2,,,
gay agenda,2,1,2,,,
gay parenting,2,2,2,,,
gay samurai,2,2,1,,,
gay slur,2,2,1,,,
gay teenager,2,1,2,,,
gay-straight friendship,2,1,2,,,
gays,2,2,2,,,
geese,2,2,2,,,
geishas,2,1,2,,,
gen sekiguchi,2,1,2,,,
gen x,2,2,1,,,
gena rowlands,2,2,2,,,
gender dysphoria,2,1,2,,,
gender identity confusion,2,1,2,,,
gender in sports,2,2,1,,,
gender-queer,2,1,2,,,
gene barry,2,1,2,,,
gene lockhart,2,2,2,,,
generic sci-fi,2,1,2,,,
genevieve bujold,2,2,2,,,
genre:comedy western,2,2,1,,,
genre:historical fiction,2,2,1,,,
gentle story,2,1,2,,,
gentrification,2,2,2,,,
george armitage,2,2,1,,,
george b. seitz,2,2,1,,,
george brent,2,2,1,,,
george butler,2,2,1,,,
george casey,2,2,1,,,
george fitzmaurice,2,2,1,,,
george harrison,2,2,2,,,
george huang,2,2,1,,,
george murphy,2,1,2,,,
george peppard,2,2,2,,,
george reeves,2,1,2,,,
george segal,2,2,2,,,
george sluizer,2,1,2,,,
george takei,2,2,2,,,
georgiy daneliya,2,1,2,,,
gerald kargl,2,1,2,,,
geraldine chaplin,2,2,2,,,
german history,2,2,2,,,
german slang,2,1,2,,,
german sync,2,1,2,,,
german village,2,1,2,,,
gershwin,2,2,2,,,
gets lovecraft accurate,2,1,2,,,
gets worse as it goes,2,1,2,,,
getting old but still excellent,2,2,2,,,
ghosts too scary,2,1,2,,,
gia carides,2,1,2,,,
gianna michaels,2,1,2,,,
giant alligator,2,1,2,,,
giant animal,2,2,2,,,
giant monster eat city,2,1,2,,,
giant rats,2,2,1,,,
gilbert adler,2,2,1,,,
gina davis,2,2,1,,,
ginza,2,1,2,,,
giraffes,2,2,2,,,
girl meets boy,2,2,2,,,
girl with swords,2,1,2,,,
girls in prison,2,2,2,,,
girly,2,2,2,,,
give me back my son!,2,1,2,,,
glacier,2,1,2,,,
gladiator,2,2,2,,,
glen morgan,2,2,1,,,
glenn mcquaid,2,2,1,,,
glenn shadix,2,2,2,,,
glib,2,2,2,,,
gloria foster,2,1,2,,,
gloria grahame,2,2,2,,,
glorifies violence against women,2,1,2,,,
glue sniffing,2,1,2,,,
glynis johns,2,2,2,,,
gmack,2,2,1,,,
god-given right to kill?,2,2,1,,,
godard,2,2,2,,,
goddard,2,1,2,,,
godlike video game,2,1,2,,,
gold heist,2,1,2,,,
golden gate bridge,2,1,2,,,
goldfish,2,2,2,,,
gollum,2,1,2,,,
good a.i.,2,1,2,,,
good book bad movie,2,1,2,,,
good but depressing,2,1,2,,,
good but not that good,2,2,2,,,
good but one sadistic scene,2,2,1,,,
good camera work,2,1,2,,,
good cartoon children,2,1,2,,,
good date movie,2,2,1,,,
good family movie,2,1,2,,,
good for what it is,2,1,2,,,
good gore usage,2,1,2,,,
good guys win,2,2,2,,,
good idea but simple realization,2,1,2,,,
good moral to the story,2,1,2,,,
good once but doesn't stand up to further viewing,2,1,2,,,
good ost,2,1,2,,,
good overall film,2,2,2,,,
good performance from norton,2,1,2,,,
good plot twists,2,1,2,,,
good script,2,2,1,,,
good series,2,2,2,,,
good soundtrack that doesn't fit in the movie,2,1,2,,,
good start/poor finish,2,2,2,,,
good story line,2,1,2,,,
good story murdered,2,1,2,,,
good storytelling,2,2,1,,,
good to own and watch over and over,2,1,2,,,
good war movie,2,1,2,,,
goodtimes entertainment,2,2,1,,,
goran bregovic,2,2,1,,,
goran dukic,2,1,2,,,
goran paskaljevic,2,1,2,,,
gordon douglas,2,2,1,,,
gore effects,2,1,2,,,
gorgeous cinematography,2,2,2,,,
gorilla suit,2,2,2,,,
gorillas,2,2,2,,,
gorno,2,1,2,,,
gorosaurus,2,2,1,,,
gospel,2,2,2,,,
gotengo,2,2,1,,,
gothic horror,2,2,1,,,
gourmet,2,1,2,,,
governess,2,1,2,,,
grace jones,2,2,2,,,
grace park,2,1,2,,,
grand finale,2,1,2,,,
grand guignol,2,2,1,,,
graphic images,2,1,2,,,
gratuitous underwear scene,2,2,1,,,
gratuitous violence in a psychological thriller,2,1,2,,,
grave robbing,2,2,2,,,
great action and character development,2,1,2,,,
great animated film,2,1,2,,,
great anime film,2,2,2,,,
great battles,2,1,2,,,
great book,2,1,2,,,
great car chase,2,1,2,,,
great cast awful movie,2,2,1,,,
great chemistry,2,1,2,,,
great childhood movie,2,1,2,,,
great cinematograhy,2,1,2,,,
great dialogues,2,2,2,,,
great doc,2,1,2,,,
great effects,2,2,2,,,
great for 60's crowd,2,1,2,,,
great history movie,2,1,2,,,
great idea,2,2,2,,,
great idea wasted,2,1,2,,,
great jackie chan flick,2,1,2,,,
great movie - idiots leave stupid tags,2,1,2,,,
great musical,2,1,2,,,
great opening credits,2,1,2,,,
great pair,2,1,2,,,
great remake,2,1,2,,,
great scenery,2,1,2,,,
great scott!,2,2,1,,,
great sets,2,2,2,,,
great skill,2,1,2,,,
great war scene,2,1,2,,,
great. a lot of action.,2,1,2,,,
great:  makes you realize how over-acted most films are.,2,1,2,,,
greek islands,2,2,1,,,
greek new wave,2,2,1,,,
green card,2,1,2,,,
greeting cards,2,1,2,,,
greg barker,2,2,1,,,
greg beeman,2,2,1,,,
greg macgillivray,2,2,1,,,
greg marcks,2,1,2,,,
greg whiteley,2,2,1,,,
gregory nava,2,2,1,,,
greta gerwig,2,2,2,,,
greta scacchi,2,2,2,,,
grimy,2,2,2,,,
groot,2,1,2,,,
gross but funny,2,1,2,,,
groundbreaking effects,2,2,1,,,
groundhogs,2,2,2,,,
groupies,2,2,2,,,
grown up,2,1,2,,,
grudge,2,2,2,,,
gruesome deaths,2,2,1,,,
grumpy old man,2,1,2,,,
grun running,2,2,2,,,
grã©goire leprince-ringuet,2,2,1,,,
guatemala,2,2,1,,,
guild navigator,2,1,2,,,
guilherme lobo,2,2,1,,,
guillaume gallienne,2,1,2,,,
guilt pleasure,2,1,2,,,
guitar wolf,2,1,2,,,
gulag,2,1,2,,,
gullah,2,2,2,,,
gun-fu,2,2,2,,,
gurinder chadha,2,2,1,,,
gustave de kervern,2,2,1,,,
gustavo loza,2,2,1,,,
guy fawkes,2,1,2,,,
guy who looks like shaggy,2,1,2,,,
guys,2,2,1,,,
gwar,2,1,2,,,
gérard jugnot,2,2,2,,,
h with an h of g,2,2,1,,,
h. r. geiger,2,2,1,,,
h.r. giger,2,2,1,,,
had potential but imploded,2,1,2,,,
haha,2,1,2,,,
hahahahahahahhaha. will farrell fucking rules :),2,1,2,,,
haile gerima,2,2,1,,,
hailey mccann,2,1,2,,,
hair obsession,2,2,1,,,
haircut,2,2,2,,,
hal,2,1,2,,,
hal hartly,2,2,2,,,
halloween scene,2,1,2,,,
ham fisted,2,1,2,,,
hamburg,2,2,2,,,
han solo,2,2,2,,,
hanafuda,2,1,2,,,
hand drawn,2,1,2,,,
hand-held camera,2,2,2,,,
handcar,2,2,1,,,
hanif kureishi,2,2,1,,,
hannes stöhr,2,2,1,,,
hanoi,2,1,2,,,
hans alfredson,2,2,2,,,
hans weingartner,2,1,2,,,
hans-christian schmid,2,2,1,,,
hany abu-assad,2,2,1,,,
happy end missing,2,1,2,,,
hard boiled main character,2,1,2,,,
hard to find,2,1,2,,,
hard-line action,2,1,2,,,
hardy kruger,2,1,2,,,
harold s. bucquet,2,2,1,,,
harriet andersson,2,2,2,,,
harry nilsson,2,1,2,,,
harry potter wannabe,2,1,2,,,
hart bochner,2,2,1,,,
haruhi suzumiya,2,1,2,,,
harun farocki,2,2,1,,,
harvard law school,2,2,1,,,
harvesting body parts,2,1,2,,,
hasidim,2,2,1,,,
hasty,2,2,1,,,
hate it or love it,2,1,2,,,
hate watch,2,2,1,,,
haunting endings,2,2,1,,,
hawk,2,1,2,,,
hawkeye,2,1,2,,,
hayato ichihara,2,2,2,,,
hclib,2,2,1,,,
he loses all credibility when he runs lol!,2,1,2,,,
he who would valiant be,2,1,2,,,
he'll cut your hair and your dog's hair with the same unwashed scissorhands,2,1,2,,,
he-man connection,2,2,1,,,
headache,2,2,1,,,
headhunter,2,1,2,,,
headsplosions,2,1,2,,,
heart and soul,2,2,1,,,
hearthbreaking,2,2,1,,,
heath ledger as the joker,2,1,2,,,
heather angel,2,2,1,,,
heavy,2,2,2,,,
heavy handed,2,2,2,,,
heddy honigmann,2,2,1,,,
hee-seon kim,2,1,2,,,
hehehe,2,1,2,,,
heidi ewing,2,2,1,,,
heidi kling,2,2,1,,,
heitor dhalia,2,2,1,,,
held captive,2,2,2,,,
helena bonham carter oscar-nomination role,2,1,2,,,
helicopter explosion,2,1,2,,,
hella cool,2,2,1,,,
hellboy,2,2,1,,,
helmut käutner,2,2,1,,,
henry cavill,2,1,2,,,
henry czerny,2,2,1,,,
henry jaglom,2,2,1,,,
henry joost,2,2,2,,,
herbert brenon,2,2,1,,,
herbert i. leeds,2,2,1,,,
herbert wise,2,2,1,,,
hercule poirot,2,2,1,,,
heresy,2,2,2,,,
hermoine gingold,2,1,2,,,
hero not sympathetic enough,2,2,2,,,
hiam abbass,2,2,2,,,
hidden cameras,2,1,2,,,
hideo nakata,2,2,1,,,
hiding,2,1,2,,,
high brow,2,2,1,,,
high camp,2,2,2,,,
high concept,2,2,2,,,
high school comedy,2,1,2,,,
high-pitched screaming,2,1,2,,,
highlander,2,2,2,,,
highly overrated. last ten minutes will do me fine.,2,1,2,,,
highschool music teacher,2,2,1,,,
highway,2,2,2,,,
hindi,2,2,2,,,
hired gun,2,1,2,,,
hired killers,2,2,1,,,
hiroyuki morita,2,1,2,,,
hiroyuki okiura,2,2,1,,,
historical background,2,2,1,,,
hit by bus,2,2,2,,,
hit by car,2,1,2,,,
hitler youth (hj),2,2,1,,,
hitoshi matsumoto,2,2,2,,,
hockey players,2,1,2,,,
hokaido,2,1,2,,,
holdem,2,1,2,,,
holds up well,2,2,2,,,
hollywood cheese,2,1,2,,,
hollywood escape,2,2,1,,,
hollywood hates north korea,2,2,1,,,
holocast,2,1,2,,,
holocaust film,2,2,2,,,
holocaust poland,2,2,2,,,
hologram,2,2,2,,,
holy shit,2,2,2,,,
homerus,2,2,2,,,
homesteading,2,2,2,,,
hooah,2,1,2,,,
hopeless love,2,1,2,,,
horrendous!,2,1,2,,,
horrible adaptation of the book,2,1,2,,,
horribly animated,2,1,2,,,
horro,2,2,2,,,
horror für kinder,2,2,1,,,
horror of religion,2,2,2,,,
horror of war,2,1,2,,,
horror story,2,1,2,,,
horror/thriller masters of asia for 3 segments of one film,2,1,2,,,
horrorr,2,2,1,,,
horseracing,2,1,2,,,
horsey!,2,1,2,,,
horst,2,2,1,,,
horst buchholz,2,1,2,,,
hostage crisis,2,2,1,,,
hot boys,2,2,1,,,
hot chick,2,1,2,,,
hot chicks,2,2,2,,,
house arrest,2,2,2,,,
house of windsor,2,1,2,,,
howard hawkes,2,2,1,,,
howard shore,2,2,1,,,
hristos passalis,2,1,2,,,
hrithik roshan,2,2,1,,,
hula hoop,2,2,2,,,
human ambition,2,1,2,,,
human body,2,1,2,,,
human experiment,2,2,2,,,
human story,2,2,2,,,
humanist,2,2,2,,,
humanistic,2,2,2,,,
humanizing,2,2,1,,,
humans as the evil side,2,1,2,,,
hunchback,2,2,2,,,
hungarian,2,2,2,,,
hunt,2,2,2,,,
hunter weeks,2,2,1,,,
hunters,2,2,2,,,
hybrid of documentary and comedy,2,1,2,,,
hyperactive,2,1,2,,,
hyperrealism,2,2,1,,,
hypnotic,2,2,2,,,
hysteria,2,2,2,,,
hysteric,2,1,2,,,
i am your father,2,1,2,,,
i can watch it again,2,1,2,,,
i cryed!,2,1,2,,,
i don't like tom cruise,2,1,2,,,
i expected more,2,1,2,,,
i hate this movie with a fiery passion,2,2,2,,,
i just lost the game,2,1,2,,,
i know it by heart,2,2,1,,,
i laughed at its satire,2,1,2,,,
i like it when 94 minutes seem long,2,1,2,,,
i wanted to kill myself,2,1,2,,,
i wanted to stab my self in the face,2,1,2,,,
i wish i'd never seen it,2,2,2,,,
i'm as mad as hell and i'm not going to take it any more,2,1,2,,,
i'm feeling apologetic for not liking this movie,2,2,1,,,
i'm too scared to see this,2,2,1,,,
ian macnaughton,2,2,1,,,
ian mcdiarmid,2,2,2,,,
iben hjejle,2,1,2,,,
ibrahim koma,2,2,1,,,
ice sculpting,2,2,1,,,
ice-cream,2,1,2,,,
icky,2,1,2,,,
iconography,2,1,2,,,
id,2,2,1,,,
idaho,2,2,2,,,
idealistically romantic,2,1,2,,,
idealized,2,2,2,,,
identity of origin,2,1,2,,,
ideology,2,2,2,,,
idiocy,2,2,2,,,
idioms,2,1,2,,,
idiot hero,2,2,2,,,
ignorance,2,2,2,,,
illegal art,2,2,2,,,
illicit love,2,2,2,,,
illinois,2,2,2,,,
illogical economics,2,1,2,,,
illusion,2,1,2,,,
imagery,2,2,2,,,
images,2,2,2,,,
imaginary world,2,1,2,,,
imgination,2,1,2,,,
immigrant experience,2,2,2,,,
immolation,2,2,1,,,
imogen poots,2,2,2,,,
imperfect,2,2,2,,,
imperfect relationships,2,1,2,,,
impersonation of death,2,1,2,,,
implauisble,2,1,2,,,
implausible conspiracy,2,1,2,,,
implausible plot,2,1,2,,,
impossble to see,2,1,2,,,
impossible,2,2,2,,,
impotence,2,1,2,,,
impressions,2,2,2,,,
impressive but with a lot of pathos,2,1,2,,,
impressive cast,2,1,2,,,
improv,2,2,2,,,
improvised/actor-developed script,2,2,1,,,
imtiaz ali,2,1,2,,,
in cold blood,2,1,2,,,
in jokes,2,2,2,,,
in vitro fertilization,2,2,2,,,
in your eyes,2,1,2,,,
inappropriate,2,2,2,,,
inappropriate sound in space,2,1,2,,,
incestual content,2,1,2,,,
incestuous subtext,2,2,2,,,
inconclusive,2,2,2,,,
inconsistent monster,2,1,2,,,
inconsistent tone,2,2,2,,,
inconsistent with itself,2,1,2,,,
incorrectly rated as horror,2,2,1,,,
indecent proposal,2,1,2,,,
independent woman,2,1,2,,,
indiana jones rip-off,2,2,1,,,
individual heroism,2,2,1,,,
individual stories intertwined,2,2,1,,,
indulgent,2,2,2,,,
industrial design,2,1,2,,,
industrial setting,2,2,2,,,
indy,2,2,2,,,
inferior to original,2,2,2,,,
infernal machine,2,2,1,,,
infierno,2,1,2,,,
influenced by h.p. lovecraft,2,1,2,,,
influences,2,1,2,,,
informants,2,2,2,,,
informer,2,2,2,,,
infrared,2,1,2,,,
inigo montoya,2,1,2,,,
inimitable,2,1,2,,,
inn,2,2,1,,,
inner city,2,1,2,,,
inner worth,2,2,1,,,
innoncence,2,1,2,,,
innsmouth,2,1,2,,,
insecurity,2,2,1,,,
insipid,2,2,2,,,
instant classic,2,2,2,,,
inteligent mind,2,1,2,,,
intellectual insult,2,1,2,,,
intellegent,2,2,1,,,
intelligence service,2,2,2,,,
intentionally corny but touching,2,1,2,,,
interacial romance,2,1,2,,,
interesting creature designs,2,2,1,,,
interesting movie,2,1,2,,,
interpersonal relationships,2,2,2,,,
interwoven storylines,2,2,2,,,
intolerable chick flick,2,1,2,,,
intro credits,2,2,2,,,
intruiging,2,2,2,,,
inuendo,2,2,1,,,
inuit,2,2,2,,,
invasive species,2,2,2,,,
investing,2,1,2,,,
invincible but idiot bad guys,2,1,2,,,
ipswich,2,1,2,,,
iranian movie,2,2,2,,,
iris murdoch,2,1,2,,,
irish catholics,2,2,2,,,
iron mask,2,1,2,,,
ironic title,2,2,2,,,
irrationality,2,2,2,,,
irreverant,2,2,2,,,
irving reis,2,2,1,,,
is life meaningful?,2,1,2,,,
isabella leong,2,1,2,,,
isabelle fuhrman,2,1,2,,,
isao yukisada,2,2,1,,,
isolationist,2,2,2,,,
it fail,2,1,2,,,
it has eartha kitt - so that cancels any cheesiness,2,2,2,,,
it was melodramatic and kind of dumb,2,1,2,,,
it was only 1 hr and 28 minutes,2,1,2,,,
it's a mad mad mad mad world,2,2,1,,,
it's a mess,2,1,2,,,
it's alright.,2,2,2,,,
it's not a tumor,2,1,2,,,
italian cooking,2,1,2,,,
italian love story,2,1,2,,,
italian music,2,2,2,,,
italian neorealism,2,2,1,,,
italian-american culture,2,1,2,,,
italo western,2,1,2,,,
ivan dixon,2,2,1,,,
ivan passer,2,2,1,,,
ivo caprino,2,1,2,,,
ivory coast,2,1,2,,,
j.m. kenny,2,2,1,,,
j.mackye gruber,2,1,2,,,
jack garfein,2,2,1,,,
jack hively,2,2,1,,,
jack sholder,2,2,1,,,
jack thompson,2,2,1,,,
jack woods,2,1,2,,,
jacki weaver,2,1,2,,,
jackie chan's best,2,1,2,,,
jackie gleason,2,1,2,,,
jackson,2,2,1,,,
jacob aaron estes,2,1,2,,,
jacques cluzaud,2,2,1,,,
jacques feyder,2,2,1,,,
jacques mesrine,2,1,2,,,
jacques perrin,2,2,1,,,
jacques villeret,2,1,2,,,
jae-young kwak,2,2,1,,,
jake gyllenhal,2,1,2,,,
jake weber,2,2,2,,,
jakubisko,2,1,2,,,
james b. rogers,2,2,1,,,
james bridges,2,2,1,,,
james brown,2,2,2,,,
"james buchanan ""bucky"" barnes",2,2,1,,,
james c. mckay,2,2,1,,,
james colquhoun,2,2,1,,,
james ellroy,2,1,2,,,
james hawes,2,2,1,,,
james hill,2,2,1,,,
james hong,2,2,2,,,
james horner,2,2,2,,,
james macarthur,2,2,1,,,
james mcteigue,2,2,2,,,
james orr,2,2,1,,,
james purefoy,2,1,2,,,
jamie blanks,2,2,1,,,
jamie chung,2,2,2,,,
jan guillou,2,2,2,,,
jan nemec,2,2,1,,,
jan sverák,2,2,1,,,
jane anderson,2,2,1,,,
jane horrocks,2,2,1,,,
janitor,2,2,1,,,
japan academy prize winner,2,1,2,,,
japanese 'it's a wonderful life',2,1,2,,,
japanese madness,2,1,2,,,
japanese occupation of china,2,1,2,,,
japanimation,2,2,2,,,
jared harris,2,1,2,,,
jared padalecki,2,2,1,,,
jason london,2,1,2,,,
jason moore,2,2,1,,,
jaws,2,2,2,,,
jay russell,2,2,1,,,
jaye davidson,2,2,1,,,
je-gyu kang,2,1,2,,,
jean claude van damme,2,1,2,,,
jean genet,2,2,1,,,
jean grémillon,2,2,1,,,
jean rouch,2,2,1,,,
jean-baptiste andrea,2,2,1,,,
jean-jacques beineix,2,2,1,,,
jean-louis trintignant,2,2,2,,,
jean-paul rappeneau,2,2,1,,,
jean-xavier de lestrade,2,2,1,,,
jeannot szwarc,2,2,1,,,
jeeja yanin,2,2,2,,,
jeff,2,1,2,,,
jeff anderson,2,1,2,,,
jeff pollack,2,2,1,,,
jeff tremaine,2,2,1,,,
jeff wadlow,2,2,1,,,
jeff zimbalist,2,2,1,,,
jeffrey blitz,2,2,1,,,
jeffrey donovan,2,2,2,,,
jeffrey friedman,2,2,1,,,
jeffrey lau,2,2,1,,,
jeffrey tambor,2,2,2,,,
jehane noujaim,2,2,1,,,
jekyll and hyde,2,2,2,,,
jen,2,2,1,,,
jenifer lewis,2,2,2,,,
jennifer carpenter,2,2,2,,,
jennifer connelly's sway,2,1,2,,,
jennifer holland,2,1,2,,,
jennifer lee,2,1,2,,,
jennifer siebel newsom,2,2,1,,,
jennifer ulrich,2,1,2,,,
jenny,2,1,2,,,
jeremy davies,2,1,2,,,
jeremy earp,2,2,1,,,
jeremy irvine,2,1,2,,,
jeremy paul kagan,2,2,1,,,
jeremy strong,2,2,2,,,
jerry garcia,2,2,2,,,
jerry lee lewis,2,1,2,,,
jerry o' connell,2,2,2,,,
jerry paris,2,2,2,,,
jerry schatzberg,2,2,1,,,
jerry seinfeld,2,2,2,,,
jerzy kawalerowicz,2,2,1,,,
jerzy trela,2,2,1,,,
jesse mccartney,2,1,2,,,
jessica harper,2,1,2,,,
jessica rabit...yeah baby!,2,1,2,,,
jessica szohr,2,1,2,,,
jessica van helsing,2,2,1,,,
jessie nelson,2,2,1,,,
jesus-freak crap,2,2,2,,,
jet lee,2,2,2,,,
jets,2,2,2,,,
jewish holocaust,2,2,1,,,
jewish identity,2,2,2,,,
jewish mysticism,2,1,2,,,
jfk,2,2,2,,,
jill the babysitter,2,1,2,,,
jill wagner,2,1,2,,,
jim breuer,2,1,2,,,
jim brown,2,2,1,,,
jim carrey as god=scary,2,1,2,,,
jim gillespie,2,2,1,,,
jim haynie,2,2,1,,,
jim mcbride,2,2,1,,,
jim mickle,2,1,2,,,
jim schutze,2,1,2,,,
jim sharman,2,1,2,,,
jim swaffield,2,2,1,,,
jim thompson,2,2,1,,,
jim varney,2,2,1,,,
jimmi simpson,2,1,2,,,
jimmy cagney,2,2,2,,,
jimmy fallon,2,1,2,,,
jimmy t. murakami,2,2,1,,,
jingoism,2,2,2,,,
jinxed character(s),2,2,1,,,
jo list,2,2,1,,,
joachim rønning,2,2,1,,,
joachim trier,2,2,1,,,
joan blondell,2,2,1,,,
joan collins,2,2,2,,,
joanne whalley,2,1,2,,,
job/career vs. relationship/marriage,2,2,1,,,
jodelle ferland,2,1,2,,,
jody hill,2,1,2,,,
joe anderson,2,1,2,,,
joe charbanic,2,1,2,,,
joe flanigan,2,1,2,,,
joe flynn,2,2,1,,,
joe roth,2,2,1,,,
joel hopkins,2,2,1,,,
joel mchale,2,2,2,,,
joely richardson,2,2,2,,,
johannes stjärne nilsson,2,2,1,,,
john ales,2,2,1,,,
john ashton,2,2,2,,,
john blanchard,2,2,1,,,
john brahm,2,2,1,,,
john c. mcginley,2,2,2,,,
john carradine,2,2,1,,,
john cena,2,2,1,,,
john de bello,2,2,1,,,
john denver,2,2,2,,,
john english,2,2,1,,,
john erick dowdle,2,2,1,,,
john erman,2,2,1,,,
john fiedler,2,2,1,,,
john fortenberry,2,2,1,,,
john francis dillon,2,2,1,,,
john greyson,2,2,1,,,
john harrison,2,1,2,,,
john keats,2,1,2,,,
john lafia,2,2,1,,,
john maloof,2,1,2,,,
john mcnaughton,2,1,2,,,
john n. smith,2,2,1,,,
john paul tremblay,2,2,2,,,
john roberts,2,2,1,,,
john s. robertson,2,2,1,,,
john saxon,2,1,2,,,
john scheinfeld,2,2,1,,,
john schultz,2,2,2,,,
john wells,2,2,1,,,
john whitesell,2,2,1,,,
johnny england,2,1,2,,,
johnny hallyday,2,2,2,,,
johny deep,2,1,2,,,
jojo,2,1,2,,,
joke,2,2,2,,,
jon alpert,2,2,1,,,
jon cassar,2,2,1,,,
jon cryer,2,1,2,,,
jon wright,2,1,2,,,
jonah bobo,2,2,2,,,
jonathan crombie,2,2,1,,,
jonathan dayton,2,2,1,,,
jonathan hensleigh,2,2,1,,,
jonathan ive,2,1,2,,,
jonathan swift,2,1,2,,,
jordan prentice,2,1,2,,,
jorge r. gutierrez,2,1,2,,,
jorge sanjinés,2,2,1,,,
jose julian,2,1,2,,,
josef hader,2,2,2,,,
josef von báky,2,2,1,,,
joseph kosinski,2,1,2,,,
joseph merrick,2,2,1,,,
joseph ruttenberg,2,1,2,,,
joseph vilsmaier,2,2,1,,,
josh boone,2,2,1,,,
josh fox,2,2,1,,,
josh lowell,2,2,1,,,
josh whedon,2,1,2,,,
josh zuckerman,2,1,2,,,
joshua marston,2,2,1,,,
joshua oppenheimer,2,2,1,,,
jospeh gorden-levitt,2,1,2,,,
josã© padilha,2,1,2,,,
journey home,2,2,2,,,
joy of small things,2,1,2,,,
joyful,2,2,2,,,
juan carlos fresnadillo,2,2,1,,,
juan josã© campanella,2,1,2,,,
judgment,2,1,2,,,
judi bowker,2,1,2,,,
judy,2,2,1,,,
julia sweeney,2,1,2,,,
julian gilbey,2,1,2,,,
julian mcmahon,2,1,2,,,
juliane kã¶hler,2,2,1,,,
julie walters,2,2,2,,,
juliette danielle,2,1,2,,,
juliusz machulski,2,2,1,,,
jumpy,2,1,2,,,
junk,2,2,2,,,
jurgen prochnow,2,2,1,,,
jury tampering,2,1,2,,,
just amazing movie,2,2,1,,,
just as good as pride & prejudice 1995,2,1,2,,,
just broke up with a gf of 3.5 years.,2,1,2,,,
just for kids. m. lawrence wasn`t even funny in this one.,2,1,2,,,
just horrible,2,1,2,,,
just like the first one,2,1,2,,,
just sex,2,1,2,,,
justin pierce,2,1,2,,,
justin theroux,2,2,2,,,
juvenile delinquents,2,2,1,,,
juvenile humor,2,1,2,,,
jãƒâ¼rgen vogel,2,2,1,,,
kafka-esque,2,1,2,,,
kaige chen,2,2,1,,,
kammerspiel,2,1,2,,,
kane hodder,2,2,1,,,
kaneto shindô,2,2,1,,,
kansas city,2,2,2,,,
kara hayward,2,1,2,,,
karen disher,2,2,1,,,
karen shakhnazarov,2,2,1,,,
karl freund,2,2,1,,,
karma,2,1,2,,,
kate hudson - just a joke,2,1,2,,,
kate winslet's tits,2,1,2,,,
katerina kitidi,2,2,1,,,
kath soucie,2,2,1,,,
katharine ross,2,1,2,,,
kathryn morris,2,2,2,,,
kathy najimy,2,2,2,,,
katie,2,1,2,,,
katrin saãÿ,2,1,2,,,
katsuhiro ôtomo,2,2,1,,,
katsuhito ishii,2,2,1,,,
katy perry,2,2,2,,,
kay francis,2,2,1,,,
kaya scodelario,2,2,2,,,
kazui nihonmatsu,2,2,1,,,
keaton,2,2,1,,,
keeanu reeves,2,2,1,,,
kei kumai,2,2,1,,,
keiichi hara,2,2,1,,,
keir gilchrist,2,1,2,,,
keisha castle-hughes,2,2,2,,,
keisuke kinoshita,2,2,1,,,
keith gordon,2,2,1,,,
keke palmer,2,2,2,,,
kellan lutz,2,1,2,,,
kelly asbury,2,2,1,,,
kelly brook,2,1,2,,,
kelly makin,2,2,1,,,
kelsey grammer,2,2,2,,,
ken scott,2,2,1,,,
kenneth lonergan,2,2,1,,,
kenny ortega,2,2,2,,,
kent jones,2,2,1,,,
kerri green,2,2,1,,,
kerry washington,2,2,2,,,
kevin,2,1,2,,,
kevin bray,2,2,1,,,
kevin brownlow,2,2,1,,,
kevin hart,2,1,2,,,
kevin klein,2,1,2,,,
kevin nealon,2,2,2,,,
kevin sullivan,2,2,1,,,
kevin williamson,2,2,2,,,
kevin zegers,2,2,2,,,
keyser sose,2,1,2,,,
kickass action flick,2,1,2,,,
kid,2,2,2,,,
kid drama with comedy,2,1,2,,,
kiera knightly,2,2,2,,,
killer animals,2,2,1,,,
killer creature,2,1,2,,,
killing kittens,2,1,2,,,
kim darby,2,1,2,,,
kim deal,2,1,2,,,
kim longinotto,2,2,1,,,
kim novak,2,2,2,,,
kimberly williams,2,2,1,,,
kind of disappointing,2,1,2,,,
kind of dumb,2,1,2,,,
kinda funny,2,1,2,,,
kinda overrated,2,1,2,,,
kinda slow,2,2,2,,,
king caesar,2,2,1,,,
king hu,2,1,2,,,
king prawn,2,1,2,,,
king's crossing,2,1,2,,,
kirstin scott thomas,2,1,2,,,
kitchen maid,2,2,1,,,
kkk,2,1,2,,,
kleptomaniac,2,2,2,,,
knight,2,2,2,,,
koen de bouw,2,1,2,,,
krakozhia,2,1,2,,,
kristen dunst,2,1,2,,,
krzysztof zanussi,2,2,1,,,
kumi mizuno,2,2,1,,,
kuo-fu chen,2,2,1,,,
kurt russel,2,2,1,,,
kyle patrick alvarez,2,2,1,,,
kôji morimoto,2,2,1,,,
kôji wakamatsu,2,2,1,,,
l. frank baum,2,2,2,,,
lab animals,2,2,1,,,
labrador,2,1,2,,,
lack of chemistry,2,2,2,,,
lack of female characters,2,2,2,,,
lack of imagination,2,1,2,,,
lack of morals,2,2,2,,,
lack of perspective,2,1,2,,,
lack of tension,2,1,2,,,
lackluster plot,2,1,2,,,
lackluster sequel,2,2,2,,,
lacks depth,2,2,2,,,
laconic,2,2,2,,,
lacrosse,2,1,2,,,
lake como,2,1,2,,,
lame dialogues,2,1,2,,,
lame humour,2,2,2,,,
lame romance,2,1,2,,,
lame score,2,2,2,,,
lana clarkson,2,2,1,,,
lancelot,2,2,2,,,
landon pigg,2,1,2,,,
languages,2,2,2,,,
lapd,2,1,2,,,
lapland,2,2,2,,,
laputa,2,1,2,,,
large battles,2,2,1,,,
large scope,2,2,1,,,
larry bishop,2,2,1,,,
larry fessenden,2,2,2,,,
larry the cable guy,2,2,2,,,
lasers,2,2,2,,,
lasse hallstrã¶m,2,2,2,,,
last man standing,2,1,2,,,
last words connection,2,2,1,,,
latino/latina,2,2,2,,,
laughs,2,1,2,,,
laura poitras,2,2,1,,,
lauren holly,2,2,2,,,
laurence harvey,2,2,2,,,
laurence rees,2,2,1,,,
lavender brown,2,1,2,,,
law breaking,2,1,2,,,
law court drama spiced with horror.,2,1,2,,,
lawrence fishburn,2,2,1,,,
lawrence fishburne,2,2,2,,,
layered,2,2,2,,,
lazar ristovski,2,2,1,,,
lazaro ramos,2,1,2,,,
laís bodanzky,2,2,1,,,
lead performance,2,2,1,,,
league of shadows,2,2,2,,,
leander haußmann,2,2,1,,,
learn to appreciate,2,2,1,,,
lebbat,2,2,1,,,
led zeppelin,2,2,2,,,
lee arenberg,2,2,1,,,
lee hirsch,2,2,1,,,
lee toland krieger,2,1,2,,,
left for dead,2,1,2,,,
legal documentary,2,1,2,,,
legal issues,2,2,2,,,
leigh whannell,2,1,2,,,
leighton meester,2,2,2,,,
len wiseman,2,1,2,,,
lenin,2,1,2,,,
lenka song,2,2,1,,,
lenny abrahamson,2,2,1,,,
lenny bruce,2,1,2,,,
lenny kravitz,2,2,2,,,
lenta,2,1,2,,,
leo fitzpatrick,2,1,2,,,
leonard cohen,2,2,2,,,
leonardo sbaraglia,2,1,2,,,
les blank,2,2,1,,,
lesbian kiss,2,2,1,,,
leslie arliss,2,2,1,,,
less than i expected,2,1,2,,,
lesser sequel,2,2,2,,,
let the other two beverly hills cops down,2,2,2,,,
let there be light,2,1,2,,,
leticia bredice,2,1,2,,,
lewis allen,2,2,1,,,
lgbt*,2,2,2,,,
liaisons,2,2,1,,,
liana liberato,2,2,2,,,
liberace,2,1,2,,,
liberia,2,2,1,,,
lies to viewer,2,1,2,,,
liesel matthews,2,1,2,,,
lieutenant dan,2,1,2,,,
life on the homefront,2,2,1,,,
life under occupation,2,2,2,,,
life-work balance,2,1,2,,,
lifelike,2,2,2,,,
light hearted,2,2,2,,,
like,2,2,2,,,
like father-daughter relationship,2,1,2,,,
like madagascar,2,1,2,,,
likeable characters,2,2,2,,,
lili fini zanuck,2,2,1,,,
lillian gish,2,1,2,,,
limada,2,2,1,,,
limahl soundtrack,2,1,2,,,
lina wertmüller,2,2,1,,,
ling bai,2,2,2,,,
linus torvalds,2,1,2,,,
lipstick lesbians,2,2,1,,,
liquor store,2,2,1,,,
lisa houle,2,1,2,,,
listless,2,1,2,,,
littleton library,2,2,1,,,
live music,2,2,1,,,
live-action scenes,2,1,2,,,
lively,2,2,1,,,
liz should see,2,2,2,,,
lizard,2,2,2,,,
locked-in syndrome,2,1,2,,,
logan marshall-green,2,1,2,,,
lois maxwell,2,2,1,,,
lone wolves,2,2,1,,,
lonely,2,2,1,,,
lonelyness,2,1,2,,,
lonesome polecat,2,2,2,,,
long action scenes,2,1,2,,,
long build-up,2,2,2,,,
long monologues,2,1,2,,,
long slow scenes,2,1,2,,,
long wait for release,2,1,2,,,
look at my shit!,2,1,2,,,
looks bad but i'm curious,2,2,2,,,
looney tunes,2,1,2,,,
loose narrative,2,2,2,,,
loosely based on a computer game,2,1,2,,,
loosely based on a true story,2,1,2,,,
looters,2,2,2,,,
lord of the rings ripoff,2,2,2,,,
lorelei linklater,2,1,2,,,
lorna raver,2,1,2,,,
lorraine bracco,2,2,1,,,
lorrimer van helsing,2,2,1,,,
loser,2,2,2,,,
loser comedy,2,1,2,,,
loss of a child,2,1,2,,,
lost,2,2,2,,,
lost arm,2,2,1,,,
lost city,2,2,2,,,
lots of characters,2,1,2,,,
lots of characters does not equal great movie,2,1,2,,,
lottery tickets,2,1,2,,,
lou ferrigno,2,2,2,,,
lou gehrig,2,2,2,,,
louis jourdan,2,2,2,,,
louise fletcher,2,2,2,,,
lousy cinematography,2,2,1,,,
love history,2,2,2,,,
love lt. dan,2,1,2,,,
love mr. tumnus,2,1,2,,,
love plot,2,2,1,,,
love stinks,2,1,2,,,
loved this cartoon,2,2,1,,,
lovely characters.,2,1,2,,,
low humour,2,2,2,,,
low stakes for a suspense drama,2,1,2,,,
lower class,2,1,2,,,
luc beson,2,1,2,,,
luc jacquet,2,2,1,,,
lucas black,2,2,2,,,
lucha libre,2,1,2,,,
lucien castaing-taylor,2,2,1,,,
lucille ball,2,2,2,,,
lucía puenzo,2,2,1,,,
ludivine sagnier,2,1,2,,,
ludwig wittgenstein,2,1,2,,,
luis buãƒâ±uel,2,2,2,,,
luis estrada,2,1,2,,,
luis llosa,2,2,1,,,
luke,2,2,1,,,
luke evans,2,1,2,,,
luke goss,2,2,2,,,
luke mably,2,1,2,,,
lynching,2,2,2,,,
lynn collins,2,1,2,,,
lynn redgrave,2,2,2,,,
lynn shelton,2,2,1,,,
léa seydoux,2,2,2,,,
m. emmet walsh,2,2,2,,,
macguffin,2,2,2,,,
macgyver,2,2,2,,,
machete,2,2,2,,,
machismo,2,2,2,,,
macho culture,2,2,2,,,
mad coincidence - boy just happens to be a wrestling star,2,1,2,,,
mad old woman is killer in comedy,2,2,1,,,
mad tv alumns,2,1,2,,,
made for 11-14-year-olds,2,1,2,,,
made-for-tv quality,2,1,2,,,
mads brã¼gger,2,1,2,,,
magicans,2,2,2,,,
magnificent,2,2,2,,,
main character dies,2,2,1,,,
major dissapointment,2,1,2,,,
makato shinkai,2,2,1,,,
makes you hungry,2,2,1,,,
makes you ill,2,1,2,,,
making everyone think you're innocent,2,2,2,,,
making of,2,2,2,,,
malcolm clarke,2,2,1,,,
malcolm x,2,2,2,,,
malcom mcdowell,2,1,2,,,
male bonding,2,2,2,,,
male stripper,2,1,2,,,
man dressed as woman (scene),2,2,2,,,
manchurian,2,2,2,,,
mani ratnam,2,2,1,,,
manipulative.  well-acted.,2,1,2,,,
manitoba,2,2,2,,,
manslaughter,2,2,2,,,
maradona,2,1,2,,,
marc allégret,2,2,1,,,
marc anthony,2,1,2,,,
marc caro,2,2,1,,,
marc lawrence,2,1,2,,,
marc levin,2,2,1,,,
marc singer,2,1,2,,,
marcel dalio,2,2,2,,,
marcello mastroianni,2,2,2,,,
marco bellocchio,2,2,1,,,
marco ferreri,2,2,1,,,
marco kreuzpaintner,2,1,2,,,
marcus nispel,2,2,2,,,
margaret o' brian,2,2,2,,,
margarethe von trotta,2,2,1,,,
margaritas,2,1,2,,,
margo martindale,2,1,2,,,
margot kidder,2,2,2,,,
margot robbie,2,1,2,,,
mariachi band,2,2,2,,,
marie-monique robin,2,1,2,,,
marihuana,2,2,2,,,
marines,2,2,2,,,
mario,2,1,2,,,
mario puzo,2,1,2,,,
marissa tomei,2,1,2,,,
marjut maristo,2,1,2,,,
mark achbar,2,2,1,,,
mark andrews,2,2,1,,,
mark hartley,2,2,1,,,
mark jonathan harris,2,2,1,,,
mark lewis,2,2,1,,,
mark osborne,2,2,1,,,
mark pellington,2,2,1,,,
mark rydell,2,2,1,,,
marlee matlin,2,1,2,,,
marleen gorris,2,2,1,,,
marshall herskovitz,2,2,1,,,
marshall neilan,2,2,1,,,
martha plimpton,2,2,1,,,
martin rosen,2,2,1,,,
martin semmelrogge,2,1,2,,,
martin wood,2,1,2,,,
marty friedman,2,2,2,,,
martyn burke,2,2,1,,,
martyr (non religious),2,1,2,,,
marvin j. chomsky,2,2,1,,,
marxism,2,2,2,,,
mary harron,2,2,2,,,
mary kay place,2,2,2,,,
mary lambert,2,2,1,,,
mary philbin,2,1,2,,,
mary tsoni,2,1,2,,,
mary walsh,2,2,2,,,
masayuki suo,2,2,1,,,
mascots,2,2,2,,,
masculine power vs. feminine power,2,2,2,,,
masks,2,2,2,,,
mass murder,2,2,2,,,
mass suicide,2,1,2,,,
mass transport,2,2,1,,,
masseur,2,2,1,,,
massimo troisi,2,1,2,,,
master disciple relationship,2,1,2,,,
master piece,2,1,2,,,
masturbatory garbage,2,2,2,,,
matchmaker,2,2,2,,,
matchmaking,2,2,2,,,
matemathic,2,1,2,,,
mateo,2,1,2,,,
matheus nachtergaele,2,1,2,,,
matriarch,2,2,2,,,
matt damon!,2,2,2,,,
matt damon(written by),2,1,2,,,
matt vancil,2,2,1,,,
matthew galkin,2,1,2,,,
matthew gray gubler,2,1,2,,,
maud adams,2,2,1,,,
maurice chevalier,2,2,1,,,
maurice jarre score,2,2,1,,,
max mayer,2,1,2,,,
max thieriot,2,2,1,,,
maximus,2,1,2,,,
may december romance,2,1,2,,,
maya civilization,2,1,2,,,
maybe children like it,2,1,2,,,
mayor,2,2,1,,,
mclaren,2,1,2,,,
meaningless formalism,2,1,2,,,
measured,2,1,2,,,
meat loaf,2,2,1,,,
meatloaf,2,1,2,,,
meaty,2,2,1,,,
mechanized,2,2,2,,,
media collusion.  innocent victim,2,2,2,,,
media satire,2,2,2,,,
medical thriller,2,2,2,,,
medieval superstition,2,1,2,,,
mediocre sequel,2,1,2,,,
meditation,2,2,2,,,
meditative music,2,1,2,,,
medium,2,2,2,,,
meeting,2,2,1,,,
meets future self,2,1,2,,,
megan follows,2,2,1,,,
megasound,2,2,1,,,
mel preachy,2,1,2,,,
melanie lynskey,2,2,2,,,
melting pot,2,2,1,,,
memorable lines,2,2,2,,,
men,2,2,2,,,
men and women,2,2,2,,,
men in drag (scene),2,1,2,,,
men kissing,2,1,2,,,
menage-a-trois,2,2,2,,,
menno meyjes,2,2,1,,,
mental patients,2,2,1,,,
mentally disturbed rejoining society,2,2,2,,,
mercedes masohn,2,1,2,,,
mercenaries,2,2,2,,,
merchandise driven,2,1,2,,,
merchant ivory,2,2,2,,,
merchant marine,2,1,2,,,
merry-go-round,2,1,2,,,
message of hope,2,2,2,,,
message picture,2,2,2,,,
message!,2,1,2,,,
messed with the wrong guy,2,2,1,,,
messenger,2,2,2,,,
meta movie,2,1,2,,,
meta-fiction,2,1,2,,,
meta-movies,2,2,1,,,
meteor,2,2,2,,,
meteorite,2,2,2,,,
methamphetamines,2,1,2,,,
mexican rape scene,2,1,2,,,
mexican stand off,2,2,2,,,
mgm,2,2,1,,,
mgm camera 65,2,2,1,,,
michael chrichton,2,2,2,,,
michael cuesta,2,2,1,,,
michael davis,2,1,2,,,
michael dougherty,2,1,2,,,
michael dudikoff,2,2,1,,,
michael gottlieb,2,2,1,,,
michael j fox,2,2,1,,,
michael john warren,2,2,1,,,
michael jordan,2,1,2,,,
michael lembeck,2,2,1,,,
michael matheson,2,2,1,,,
michael mayer,2,2,1,,,
michael moriarty,2,2,1,,,
michael polish,2,2,1,,,
michael pressman,2,2,1,,,
michael rooker,2,2,2,,,
michael ruppert,2,2,1,,,
michael schaack,2,1,2,,,
michael schoeffling,2,1,2,,,
michael schumacher,2,1,2,,,
michael sucsy,2,2,1,,,
michael verhoeven,2,2,1,,,
michael wadleigh,2,2,1,,,
micheal douglas,2,2,2,,,
micheal keaton,2,2,2,,,
michele soavi,2,2,2,,,
michelin,2,1,2,,,
michelle valley,2,1,2,,,
microscopic,2,1,2,,,
middle-aged people,2,1,2,,,
might hate,2,2,1,,,
migrant cinema,2,2,1,,,
miguel ferrer,2,2,2,,,
mikael hã¥fstrã¶m,2,2,2,,,
mikael salomon,2,2,1,,,
mike cahill,2,2,1,,,
mike figgis,2,2,1,,,
mike hodges,2,2,1,,,
mike mills,2,2,1,,,
mike smith,2,2,2,,,
mike thurmeier,2,2,1,,,
miki manojlovic,2,2,1,,,
mikkel nørgaard,2,2,1,,,
mila jovovich,2,1,2,,,
mildly funny,2,2,2,,,
mildly racist,2,1,2,,,
mildred davis,2,2,1,,,
miles o'keeffe,2,2,1,,,
militaristic,2,2,2,,,
military recruiting tool,2,1,2,,,
military superiority,2,2,1,,,
milo ventimiglia,2,2,2,,,
mina harker,2,1,2,,,
mind numbingly boring,2,2,1,,,
mindbender,2,2,2,,,
mindless fun,2,1,2,,,
minds,2,2,2,,,
mine,2,2,2,,,
ming-na,2,1,2,,,
mini series,2,1,2,,,
minilla,2,2,1,,,
minimal,2,2,2,,,
minnesotan,2,1,2,,,
mircea diaconu,2,2,2,,,
misbegotten,2,1,2,,,
misfits trained into elite force,2,2,1,,,
misleading name,2,2,2,,,
misleading title,2,1,2,,,
mismatched couple,2,2,2,,,
missed the mark,2,2,2,,,
missing brother,2,1,2,,,
missing children,2,2,2,,,
mission,2,2,2,,,
mississippi river,2,2,2,,,
missy peregrym,2,1,2,,,
mist,2,1,2,,,
mister darcy,2,2,1,,,
mitzi gaynor,2,2,2,,,
mixtape,2,2,1,,,
mixup,2,2,2,,,
mke myers,2,1,2,,,
mma fighting,2,1,2,,,
mob mentality,2,1,2,,,
mobiles,2,1,2,,,
mock me please,2,1,2,,,
modem,2,1,2,,,
modern china,2,1,2,,,
modern noir,2,1,2,,,
mods,2,2,2,,,
moldy,2,1,2,,,
mole,2,2,2,,,
molt_avorrida,2,2,1,,,
mona achache,2,1,2,,,
monica belucci,2,1,2,,,
monica vitti,2,1,2,,,
monroeville,2,1,2,,,
monster design is good not great,2,1,2,,,
monster fights,2,2,2,,,
monsters inc,2,2,2,,,
montage sequence,2,2,2,,,
montages,2,2,1,,,
montenegro,2,1,2,,,
monty-python-related,2,2,1,,,
mood whiplash,2,1,2,,,
moon bloodgood,2,1,2,,,
moose,2,1,2,,,
moped,2,2,2,,,
moral dillema,2,1,2,,,
moralizing,2,2,2,,,
more funny than anyone gives it credit for.  do critics not have senses of humour?,2,1,2,,,
more gong er than ip man,2,1,2,,,
more or less,2,2,1,,,
more plotline than the first,2,1,2,,,
more self-glorification tomfoolery from cruise,2,1,2,,,
more than once,2,2,2,,,
more twists than a chubby checker,2,1,2,,,
morgan freeman commentary,2,1,2,,,
morgan freemanm magic,2,1,2,,,
morris engel,2,2,1,,,
morten arnfred,2,2,1,,,
morton dacosta,2,2,1,,,
most famous jesus movie ever,2,1,2,,,
most overrated movie ever,2,2,2,,,
mostly black and white,2,2,1,,,
mother - daughter relationship,2,2,1,,,
movie about a movie,2,2,2,,,
movie not to see,2,2,1,,,
movie physics,2,1,2,,,
movie stars,2,2,2,,,
movie to see 2,2,2,1,,,
movies like this shouldn't be made!,2,1,2,,,
moving inspiring spiritual,2,2,2,,,
mr anderson,2,1,2,,,
mr. hyde,2,1,2,,,
mr. incredible,2,1,2,,,
mr. stretch,2,2,2,,,
mrs. dewinter,2,2,2,,,
mrs. ted danson,2,2,2,,,
mrs. wilberforce,2,1,2,,,
mts.vod,2,2,1,,,
mtv feature,2,2,2,,,
much ado about nothing,2,2,1,,,
much better than the first,2,1,2,,,
mule,2,2,2,,,
mulroney and wilson are great as bros,2,1,2,,,
multi story narrative,2,1,2,,,
multipass,2,1,2,,,
multiple connecting storylines,2,1,2,,,
multiple layers,2,1,2,,,
multiple perspectives,2,2,2,,,
multiple points of view,2,1,2,,,
multiple stories,2,2,2,,,
multiverse,2,1,2,,,
mummy dental analysis,2,1,2,,,
murray lerner,2,2,1,,,
muscle car celebration,2,1,2,,,
muse,2,2,1,,,
music festival,2,1,2,,,
music gags,2,1,2,,,
music producer,2,2,1,,,
music score,2,1,2,,,
music videos,2,2,2,,,
musical intermission,2,2,2,,,
musical score:bernard herrmann,2,1,2,,,
muslim warriors,2,2,2,,,
must see again,2,2,1,,,
must-see,2,2,2,,,
mustache,2,1,2,,,
mutilation,2,2,2,,,
my god is this good!,2,1,2,,,
myazaki,2,2,1,,,
mysrysare,2,2,1,,,
mysterious death,2,1,2,,,
mysterious stranger,2,2,2,,,
mystery writer,2,2,2,,,
myth based,2,1,2,,,
nacho vigalondo,2,1,2,,,
nadine labaki,2,2,1,,,
nae caranfil,2,2,1,,,
nagisa ã?shima,2,2,1,,,
nails on chalkboard bad,2,1,2,,,
naive characters,2,2,2,,,
naked chaucer,2,1,2,,,
nancy savoca,2,2,1,,,
nancy travis,2,2,1,,,
nanette burstein,2,2,1,,,
nanny is secretly blood relative,2,2,1,,,
nano-technology,2,1,2,,,
naples,2,2,2,,,
napoleonic wars,2,1,2,,,
naration,2,1,2,,,
narcissistic,2,2,2,,,
narcotrafico,2,2,2,,,
narrow escapes,2,1,2,,,
narrowly below-average,2,1,2,,,
nash edgerton,2,2,1,,,
nastassia kinski,2,1,2,,,
nat faxon,2,2,2,,,
natalie dormer,2,1,2,,,
natalie imbruglia,2,1,2,,,
natascha mcelhon,2,2,2,,,
natasha lyonne,2,1,2,,,
national liberation,2,2,1,,,
nativity,2,2,2,,,
naturalist,2,2,2,,,
nature of insanity,2,2,1,,,
nature spirits,2,1,2,,,
nature vs. civilization; native peoples; going native,2,1,2,,,
navajo,2,2,2,,,
naval story interests me,2,1,2,,,
nazi as good guy,2,1,2,,,
nazi zombies,2,1,2,,,
nba,2,1,2,,,
near-death experience,2,1,2,,,
need classical chinese conversation,2,2,1,,,
need to add to rym,2,2,1,,,
needed more autobots,2,1,2,,,
needed more dancing,2,1,2,,,
neeraj pandey,2,2,1,,,
negative humor,2,2,1,,,
negative portrayal of violence,2,2,2,,,
neglected childen,2,1,2,,,
neighbor,2,2,2,,,
neil marshall,2,2,2,,,
neither fish nor fowl,2,1,2,,,
neo,2,2,2,,,
network,2,2,2,,,
neurotic,2,2,1,,,
never gets old,2,2,2,,,
never want to see,2,1,2,,,
new england,2,1,2,,,
new hampshire,2,2,2,,,
new idea,2,2,2,,,
new score,2,1,2,,,
new world,2,2,1,,,
new year 1999,2,1,2,,,
new yorker,2,2,2,,,
newfoundland,2,2,2,,,
newman/redford,2,2,1,,,
news story,2,2,2,,,
nia long,2,2,2,,,
niagara falls,2,1,2,,,
nic cage,2,1,2,,,
nic stacey,2,2,1,,,
nice adaptation of the book,2,1,2,,,
nice car,2,1,2,,,
nice dialogues,2,1,2,,,
nice drama,2,2,2,,,
nice driving,2,1,2,,,
nice laughs,2,1,2,,,
nice long miniseries,2,1,2,,,
nice story,2,2,2,,,
nick chinlund,2,2,2,,,
nick doob,2,2,2,,,
nick offerman,2,1,2,,,
nick principe,2,2,1,,,
nick swardson should have been lead his timing was sic!,2,1,2,,,
nick tomnay,2,1,2,,,
nicoletta braschi,2,1,2,,,
nigel cole,2,2,1,,,
nigel terry,2,2,1,,,
nightmare inducing,2,2,2,,,
niki caro,2,2,1,,,
nikita hopkins,2,2,1,,,
nikki blonsky,2,1,2,,,
nina simone - sinnerman,2,1,2,,,
nirvana,2,2,2,,,
no characterization,2,2,1,,,
no closure,2,2,2,,,
no culmination,2,1,2,,,
no cuts,2,1,2,,,
no drama,2,1,2,,,
no explanations,2,1,2,,,
no flashbacks,2,1,2,,,
no imagination,2,1,2,,,
no jump scares,2,1,2,,,
no kevin conroy,2,1,2,,,
no logic,2,2,1,,,
no mark hamill,2,1,2,,,
no matter what role it is i will not change my persona everybody worships 'the cruise',2,1,2,,,
no mystery,2,1,2,,,
no name actresses,2,1,2,,,
no nazis,2,1,2,,,
no opening credits,2,2,1,,,
no peter weller,2,1,2,,,
no real rap up at the end,2,1,2,,,
no real storyline,2,1,2,,,
no score,2,2,2,,,
no sequel,2,1,2,,,
no theatrical release,2,1,2,,,
no thrill,2,2,2,,,
no title sequence,2,2,1,,,
no women,2,2,1,,,
no wonder this studio was going bankrupt,2,1,2,,,
no words can describe how bad this movie is,2,1,2,,,
nobuhiro yamashita,2,2,1,,,
noel clark,2,1,2,,,
non comprehensive characters,2,1,2,,,
non sequitor,2,1,2,,,
non-violent,2,2,2,,,
nona gaye,2,2,2,,,
nonsense nationalism,2,2,1,,,
nonsense story,2,1,2,,,
nontraditional,2,1,2,,,
normal,2,1,2,,,
norman ferguson,2,2,1,,,
norman lindsay,2,2,1,,,
north pole,2,1,2,,,
northern ireland,2,1,2,,,
nostaglic,2,2,1,,,
nostalgic childhood,2,2,2,,,
not a film,2,2,1,,,
not action,2,2,2,,,
not again!,2,2,2,,,
not as good as ...,2,1,2,,,
not as good as little miss sunshine,2,1,2,,,
not as good as original,2,2,2,,,
not as good as other comic films,2,1,2,,,
not as good as other dogme films,2,1,2,,,
not as good as the remake,2,2,1,,,
not as good as the tv show,2,2,2,,,
not as inspiring as the book,2,1,2,,,
not as much a chick flick as i expected,2,1,2,,,
not at all like the book,2,1,2,,,
not at cml,2,2,1,,,
not at library,2,2,1,,,
not bad sequel,2,2,2,,,
not bad.,2,2,2,,,
not cliche,2,1,2,,,
not convincing,2,2,2,,,
not enough bryan cranston,2,1,2,,,
not enough dramatic,2,1,2,,,
not enough zombies,2,1,2,,,
not even uma could save this dizaster! wanda yikes!,2,1,2,,,
not for children,2,2,2,,,
not for emetophobes,2,2,1,,,
not for the squeamish,2,2,2,,,
not funny at all,2,2,2,,,
not great,2,2,2,,,
not his best,2,1,2,,,
not just about romance,2,1,2,,,
not one of hitchcock's best,2,1,2,,,
not particularly beliveable,2,2,1,,,
not quite a great history flim-i knew doc rock and he has never been to salvador-only his friend-he hates stone too,2,1,2,,,
not really a horror movie,2,1,2,,,
not ridiculous enough,2,1,2,,,
not romantic,2,2,2,,,
not rome or crowe,2,1,2,,,
not so cheesy,2,1,2,,,
not the best adaptation,2,2,1,,,
not thrilling at all,2,1,2,,,
not too much of a plot,2,1,2,,,
not true to book,2,2,2,,,
not very believable,2,1,2,,,
not very good.,2,1,2,,,
not very realistic,2,1,2,,,
not what it said on the tin,2,2,2,,,
not woody's best,2,1,2,,,
not worth your time,2,2,2,,,
notable soundrack,2,1,2,,,
notable:dialogue,2,2,1,,,
notable:f/x:fire,2,2,1,,,
notebook,2,2,1,,,
nothing better than this,2,2,2,,,
nothing much,2,1,2,,,
nothing seems to happen,2,1,2,,,
nothing to it,2,1,2,,,
notre dame,2,2,2,,,
novel,2,2,2,,,
novel adaptation,2,2,2,,,
nr (pg),2,2,1,,,
nuclear attack,2,1,2,,,
nuclear disaster,2,2,2,,,
nuclear disaster films,2,1,2,,,
nuclear fallout,2,2,1,,,
nuclear power environmental issues,2,2,2,,,
nuclear power plant,2,2,2,,,
nude show,2,1,2,,,
nudists,2,2,1,,,
nudity (brief),2,2,1,,,
nudity (corpse),2,1,2,,,
nunnally johnson,2,2,1,,,
o vasilas,2,2,1,,,
objectifying women,2,2,2,,,
obscenely funny,2,1,2,,,
observant,2,2,2,,,
observation class,2,2,2,,,
obvious subtext,2,2,2,,,
obviously sarificed the writer's tale of moral relativism for black and white moralism.,2,1,2,,,
odessa steps,2,1,2,,,
odette annable,2,2,2,,,
odette yustman,2,2,2,,,
odyssey,2,2,2,,,
oedipal complex,2,1,2,,,
off beat,2,2,2,,,
off-putting scene,2,1,2,,,
office romance,2,2,2,,,
office worker discovers secret identity,2,2,1,,,
oh no this film doesn't promote murder & suffering it just encourages it!,2,1,2,,,
oh the things i could do if snow white were a console,2,1,2,,,
ohio,2,2,2,,,
ola simonsson,2,2,1,,,
old guy,2,1,2,,,
old house,2,2,2,,,
old look at the future,2,2,1,,,
old movie,2,2,2,,,
old people romcom,2,1,2,,,
old school mob,2,1,2,,,
old sci-fi,2,1,2,,,
old setting,2,2,1,,,
old-timey,2,2,2,,,
older man younger woman relationship,2,2,2,,,
oldfashioned,2,2,2,,,
oldrich lipský,2,2,1,,,
oldschool,2,2,1,,,
ole bornedal,2,2,1,,,
oliva de havilland,2,1,2,,,
oliver korittke,2,1,2,,,
olivia newton john,2,1,2,,,
olivier marchal,2,2,1,,,
olivier megaton,2,2,2,,,
olivier nakache,2,1,2,,,
omaha,2,2,2,,,
oman,2,1,2,,,
on request,2,2,1,,,
on-off relationship,2,1,2,,,
one against all,2,1,2,,,
one dimensional characters,2,1,2,,,
one man army,2,2,1,,,
one of the best war movies,2,2,1,,,
one of the funniest movies ever.,2,1,2,,,
one parent family,2,1,2,,,
one-sided love story,2,1,2,,,
only married people would enjoy this,2,1,2,,,
ontario,2,1,2,,,
opium,2,2,1,,,
oprah winfrey,2,2,2,,,
opression,2,2,2,,,
oral sex,2,2,2,,,
orange,2,2,2,,,
organ harvesting,2,1,2,,,
orgies,2,1,2,,,
orientalist,2,1,2,,,
original skinhead,2,1,2,,,
orlando jones,2,1,2,,,
oscar (best music),2,1,2,,,
oscar nominated,2,2,2,,,
oscar nominee: best foreign language film,2,1,2,,,
oscar nominee: foreign language (canada),2,2,1,,,
oscar nominee: foreign language (iran),2,1,2,,,
oscar nominee: foreign language (mexico),2,2,1,,,
oscar nominee: makeup,2,2,1,,,
oscar nominee: music - original song,2,2,1,,,
oscar nominee: sound mixing,2,2,1,,,
oscar:cinematography,2,1,2,,,
oscar:screenplay,2,2,1,,,
oshii,2,2,1,,,
oskar werner,2,2,2,,,
oslo,2,2,1,,,
otomo,2,2,1,,,
our naomi,2,2,1,,,
out-of-date,2,2,2,,,
out-of-water,2,1,2,,,
outcast artist,2,1,2,,,
outdoors,2,2,2,,,
outerspace,2,1,2,,,
outhouse,2,1,2,,,
outlandish,2,1,2,,,
over the top girlie girl movie,2,1,2,,,
overblessed,2,2,1,,,
overcoming fears,2,1,2,,,
overconfident genius,2,1,2,,,
overdone opening for sequel,2,1,2,,,
overdone themes,2,1,2,,,
overkill,2,1,2,,,
overknown,2,2,1,,,
overlooked performances,2,1,2,,,
overly abstract,2,1,2,,,
overly vulgar,2,1,2,,,
overrated or for certain tastes,2,2,2,,,
overshowing,2,1,2,,,
overwrought,2,2,2,,,
owner & dog relationship,2,1,2,,,
oz scott,2,2,1,,,
p.j. hogan,2,2,1,,,
pablo picasso,2,2,2,,,
pablo trapero,2,2,1,,,
paced,2,2,2,,,
pacifistas,2,1,2,,,
pacino,2,1,2,,,
padding,2,2,1,,,
painfully awkward,2,2,1,,,
paint the fence,2,1,2,,,
pale,2,2,2,,,
paolo taviani,2,2,1,,,
paolo virzì,2,2,1,,,
paparazzi,2,2,1,,,
parallel worlds,2,1,2,,,
paranormal phenomenon,2,1,2,,,
parapsychology,2,1,2,,,
paras kauhu leffa ikuna!!! eli best horror ever!,2,1,2,,,
parasite premise,2,1,2,,,
parasites,2,2,2,,,
paratroopers,2,2,2,,,
parent reunites with (or meets) their estranged grown-up child,2,2,1,,,
paris '68,2,1,2,,,
park avenue,2,1,2,,,
parody (lite),2,1,2,,,
parody of art world,2,1,2,,,
partly seen,2,2,1,,,
parzen,2,2,1,,,
pasadena,2,2,2,,,
pascal chaumeil,2,2,1,,,
pascale ferran,2,2,1,,,
passable,2,1,2,,,
passive-agressive,2,1,2,,,
past lives,2,1,2,,,
pat,2,2,2,,,
patched together mythos,2,1,2,,,
paternalism,2,1,2,,,
pathetic effort,2,1,2,,,
patriarch,2,2,2,,,
patriarchy,2,2,2,,,
patricia neal,2,2,2,,,
patricia riggen,2,1,2,,,
patricia rozema,2,2,1,,,
patrick creadon,2,2,1,,,
patrick hughes,2,1,2,,,
patrick read johnson,2,2,1,,,
patronising,2,2,2,,,
patronizing american tourists,2,1,2,,,
patsy cline,2,1,2,,,
patti smith is a goddess,2,1,2,,,
patty duke,2,1,2,,,
paul almond,2,2,1,,,
paul bogart,2,2,1,,,
paul freeman,2,1,2,,,
paul greengras,2,1,2,,,
paul kalkbrenner,2,1,2,,,
paul king,2,2,1,,,
paul leni,2,2,1,,,
paul mccartney,2,2,1,,,
paul mcguigan,2,2,1,,,
paul rodriguez,2,2,2,,,
paul sapiano,2,2,1,,,
paul simon,2,2,2,,,
paula patton,2,1,2,,,
paulina porizkova,2,2,2,,,
pavel lungin,2,2,1,,,
payback,2,2,2,,,
payback time,2,2,2,,,
peasants,2,2,1,,,
pee wee herman,2,1,2,,,
peking opera,2,1,2,,,
penis in background,2,2,2,,,
penis movie,2,1,2,,,
pensive,2,1,2,,,
penãƒâƒã‚â©lope cruz,2,2,2,,,
people actually get hurt from bullets,2,1,2,,,
people kill people,2,1,2,,,
peplum,2,2,1,,,
per fly,2,2,1,,,
percy adlon,2,1,2,,,
perfect script,2,1,2,,,
perfectionist,2,2,2,,,
period dance scene,2,2,1,,,
period film,2,2,2,,,
peron,2,2,2,,,
perseus,2,1,2,,,
personals ads,2,2,1,,,
pessimistic,2,2,2,,,
peta wilson,2,1,2,,,
pete mccormack,2,2,1,,,
pete travis,2,2,1,,,
peter avanzino,2,2,1,,,
peter brook,2,2,1,,,
peter capaldi,2,1,2,,,
peter collinson,2,2,1,,,
peter cullen,2,2,2,,,
peter dalle,2,1,2,,,
peter docter,2,1,2,,,
peter facinelli,2,2,2,,,
peter faiman,2,2,1,,,
peter farrelly,2,1,2,,,
peter glenville,2,2,1,,,
peter hedges,2,2,1,,,
peter mortimer,2,2,1,,,
peter mullan,2,2,1,,,
peter reigert,2,2,1,,,
peter richardson,2,2,1,,,
peter sollett,2,2,1,,,
peter webber,2,2,1,,,
peter werner,2,2,1,,,
peyman moaadi,2,1,2,,,
peñíscola,2,2,1,,,
pg-13:brief suggestive content,2,2,1,,,
pg-13:drug content,2,2,1,,,
pg-13:drug use,2,2,1,,,
pg-13:frightening images,2,2,1,,,
pg-13:intense sci-fi action and violence,2,2,2,,,
pg-13:intense sequences of violence and action,2,2,1,,,
pg-13:scary images,2,2,1,,,
pg-13:sexuality,2,2,1,,,
pg-13:some disturbing images and thematic material,2,2,1,,,
pg-13:some sexual references,2,2,1,,,
pg-13:strong language,2,2,1,,,
pg:brief language,2,2,1,,,
pg:mild thematic elements,2,2,1,,,
pg:thematic elements,2,2,1,,,
pg:thematic material including slavery,2,1,2,,,
pharmaceutical companies,2,2,2,,,
philip bosco,2,2,2,,,
philip dunne,2,2,1,,,
philip haas,2,2,1,,,
philip k dick,2,1,2,,,
philipp stölzl,2,2,1,,,
phillip borsos,2,2,1,,,
phillip k. dick,2,2,1,,,
photo,2,1,2,,,
photoshop fire,2,1,2,,,
phyllida lloyd,2,2,1,,,
physical conditions subtext,2,1,2,,,
physical effects,2,2,2,,,
physical therapy,2,2,1,,,
physical violence,2,1,2,,,
physician as protagonist,2,2,1,,,
pianist,2,1,2,,,
picaresque drama,2,2,2,,,
pickup,2,2,2,,,
picture,2,2,2,,,
piece of shit,2,2,2,,,
piero schivazappa,2,1,2,,,
pierre adidge,2,2,1,,,
pierre arditi,2,2,1,,,
pierre coffin,2,2,1,,,
pig vomit,2,1,2,,,
pilots,2,1,2,,,
pingpong,2,1,2,,,
pioneer,2,2,2,,,
piss funny,2,1,2,,,
pixies,2,1,2,,,
pizza beer,2,1,2,,,
plains warfare,2,1,2,,,
platitude,2,2,1,,,
play.com,2,2,1,,,
playground,2,2,2,,,
playing god,2,1,2,,,
playwright:andrew lloyd weber,2,1,2,,,
playwright:arthur miller,2,2,1,,,
playwright:euripides,2,2,1,,,
playwright:noel coward,2,2,1,,,
plebian,2,2,2,,,
plodding,2,2,2,,,
plot goes down like a lead balloon - or a pigeon,2,2,1,,,
plot only makes sense at end,2,1,2,,,
plot point:fantasy ship made real,2,2,1,,,
plot point:videotape,2,2,1,,,
plot:making adult/pornographic films,2,2,1,,,
plot:mean man trying to close school run by nun,2,2,1,,,
plotting,2,1,2,,,
plucky hero,2,1,2,,,
poemlike,2,1,2,,,
poignant but boring,2,1,2,,,
pointless subplot,2,1,2,,,
poisionous family,2,1,2,,,
polanski,2,2,1,,,
polar bear,2,2,2,,,
pole dancer,2,1,2,,,
pole dancers,2,2,1,,,
police detective,2,2,2,,,
police drama,2,2,2,,,
policemen,2,2,1,,,
political campaign,2,2,1,,,
political intrigue,2,2,2,,,
political repression,2,2,2,,,
political scandal,2,2,2,,,
politically correct,2,2,2,,,
politically incorrect,2,2,2,,,
polly shore,2,1,2,,,
pony boy curtis,2,1,2,,,
poor action scenes,2,2,2,,,
poor audio,2,1,2,,,
poor direction,2,1,2,,,
poor manda,2,2,1,,,
poor people,2,2,2,,,
poor performance,2,1,2,,,
poor sequel to jumanji,2,1,2,,,
poor story,2,2,2,,,
poor substitute for original movie,2,1,2,,,
poor writing,2,2,2,,,
poorly written,2,2,2,,,
poorly written script,2,1,2,,,
pop,2,1,2,,,
popcorn sex,2,1,2,,,
population control,2,2,1,,,
portugal,2,1,2,,,
posession,2,1,2,,,
posing nude,2,1,2,,,
positive themes,2,1,2,,,
possible futures of the past,2,1,2,,,
post traumatic stress disorder,2,1,2,,,
post-apocalypse,2,2,2,,,
post-apocalytic setting,2,1,2,,,
posthumous fame,2,1,2,,,
postman,2,1,2,,,
pot smoking,2,2,2,,,
powell and pressburger,2,1,2,,,
power rangers,2,1,2,,,
powerful message about hate,2,1,2,,,
practical effects,2,2,2,,,
praetorians,2,1,2,,,
preaching,2,2,2,,,
preachy dialogue,2,1,2,,,
precipitous endling,2,1,2,,,
predictable and unoriginal.,2,2,2,,,
predictalbe,2,1,2,,,
prejudiced,2,2,1,,,
premarital sex,2,2,2,,,
premature birth,2,1,2,,,
premature epiphany,2,1,2,,,
prequel to:the two jakes,2,2,1,,,
prequelto:quantum of solace[2008],2,2,1,,,
prerecorded message,2,1,2,,,
president; butler,2,1,2,,,
pretend wife,2,2,1,,,
pretention,2,1,2,,,
pretty bad,2,1,2,,,
pretty good movie,2,1,2,,,
pretty sucky,2,1,2,,,
preview was better,2,1,2,,,
primarily static camerawork,2,1,2,,,
prime time stupid family movie,2,1,2,,,
princess diana,2,1,2,,,
printer,2,2,2,,,
prioritize family over career,2,1,2,,,
prison in some cases can make incarserated dependent and incomplete when term is served,2,1,2,,,
prisoner,2,2,2,,,
privatization,2,2,1,,,
probably hardest gore ever,2,1,2,,,
procrastination,2,2,2,,,
production values,2,2,2,,,
profane,2,2,2,,,
propaganda film,2,2,2,,,
proper british horror,2,1,2,,,
prospectors and land rights,2,2,1,,,
protagonist is a gold digger,2,2,1,,,
protagonist is a photographer,2,1,2,,,
protagonist is a politician,2,2,1,,,
protagonist is a prostitute,2,2,1,,,
protagonist is a recovering alcoholic,2,2,1,,,
protagonist is egoist,2,1,2,,,
protagonist is insane,2,1,2,,,
protagonist is journalist/reporter,2,2,1,,,
protagonist is violinist,2,2,1,,,
protagonist sells cars,2,2,1,,,
proyas,2,2,1,,,
pseduscience,2,1,2,,,
pseudomathematics,2,1,2,,,
psudoscience,2,1,2,,,
psuedointellectual,2,1,2,,,
psychiatric care,2,1,2,,,
psychiatric hospital,2,2,2,,,
psycho environmentalist,2,1,2,,,
psychological torment,2,1,2,,,
psychology of addiction,2,1,2,,,
psychopharmacology,2,1,2,,,
psychosis,2,2,2,,,
psychotic killer,2,1,2,,,
public healthcare,2,1,2,,,
public radio,2,1,2,,,
puerile,2,2,1,,,
pulls punches,2,1,2,,,
pulp hero,2,2,1,,,
punching heads off,2,1,2,,,
punker,2,1,2,,,
puppies,2,2,1,,,
pure action,2,1,2,,,
q&a,2,1,2,,,
qing dynasty,2,1,2,,,
quality cgi,2,2,1,,,
quentin dupieux,2,2,1,,,
quentin tarantino (special guest director),2,2,2,,,
questioning,2,2,2,,,
questioning morality,2,1,2,,,
questions,2,2,2,,,
questions reality,2,1,2,,,
quick-witted,2,2,2,,,
quinton aaron,2,1,2,,,
quirky but good,2,2,2,,,
quirky charm,2,2,1,,,
quotable movie!,2,2,2,,,
quoter,2,2,1,,,
r. crumb,2,1,2,,,
r. kelly,2,2,1,,,
r:brief language,2,2,1,,,
r:brutal violence including rape,2,1,2,,,
r:drug material,2,2,1,,,
r:gore,2,2,1,,,
r:sexual references,2,2,1,,,
r:some language,2,2,1,,,
r:some sexuality/nudity,2,2,1,,,
r:strong graphic violence,2,2,1,,,
raccoon,2,1,2,,,
race jokes,2,1,2,,,
rachel bilson,2,1,2,,,
rachel grady,2,2,1,,,
rachel leigh cook's beautiful face,2,1,2,,,
rachid bouchareb,2,2,2,,,
racial issues subplot,2,2,2,,,
racist rubbish,2,2,2,,,
radar,2,2,2,,,
radiohead,2,2,2,,,
radu mihaileanu,2,2,1,,,
raf,2,2,2,,,
rafe spall,2,1,2,,,
raft,2,1,2,,,
railgun,2,1,2,,,
railway station,2,2,1,,,
rakesh omprakash mehra,2,1,2,,,
rakkautta ja anarkiaa,2,2,2,,,
ralph bellamy,2,2,2,,,
ralph meeker,2,2,1,,,
ralph thomas,2,2,1,,,
ralph ziman,2,2,1,,,
raman hui,2,2,1,,,
rambo,2,2,2,,,
ramola garai,2,1,2,,,
ranch,2,2,2,,,
randa haines,2,2,1,,,
randall miller,2,2,1,,,
random sex,2,1,2,,,
randy coture,2,1,2,,,
randy newman,2,2,2,,,
rankin bass,2,1,2,,,
raoul trujillo,2,1,2,,,
rapist,2,2,2,,,
rappers,2,1,2,,,
rapture,2,2,2,,,
rate your music top pick,2,2,1,,,
rated from memory,2,2,1,,,
rated pg,2,1,2,,,
rated-pg,2,2,1,,,
rated-pg-13,2,2,1,,,
ratings system,2,1,2,,,
ratingzone top pick,2,2,1,,,
rawson marshall thurber,2,2,2,,,
ray bolger,2,1,2,,,
ray liotta sucks,2,2,1,,,
ray taylor,2,2,1,,,
raye hollitt,2,1,2,,,
raymond bernard,2,2,1,,,
raymond chandler,2,2,2,,,
re-make,2,1,2,,,
reactionary,2,2,2,,,
read the book instead,2,2,1,,,
real animal deaths,2,2,1,,,
real computers usage,2,1,2,,,
real hackers don't use macs,2,1,2,,,
real heroes,2,1,2,,,
real sharks.,2,1,2,,,
realisitc acting,2,1,2,,,
realist,2,2,2,,,
realistic female character(s),2,1,2,,,
realistic plot,2,2,2,,,
realization,2,1,2,,,
really bad script,2,1,2,,,
really cheesy.,2,1,2,,,
really really shitty.,2,1,2,,,
really stupid,2,1,2,,,
rear window clone,2,1,2,,,
reasonable dialogue,2,1,2,,,
rebecca miller,2,2,2,,,
rebecca pidgeon,2,2,2,,,
rebel commander,2,1,2,,,
rebels and outsiders,2,1,2,,,
rebirth,2,2,2,,,
recap,2,1,2,,,
recession,2,2,2,,,
reciprocal spectator,2,2,1,,,
reckless scientists,2,1,2,,,
recluse,2,2,2,,,
record attempt,2,2,2,,,
red buttons,2,1,2,,,
red ryder,2,1,2,,,
redemptive,2,2,2,,,
reece witherspoon,2,1,2,,,
reese whitherspoon,2,1,2,,,
reference:blade runner,2,2,1,,,
reference:cyclops,2,2,1,,,
references for the sake of references,2,1,2,,,
regal,2,2,1,,,
regency england,2,1,2,,,
regina king,2,1,2,,,
regionalism,2,2,2,,,
reimagining,2,2,2,,,
reindeer,2,2,2,,,
related:2001,2,2,1,,,
related:bananas!* (2009),2,2,1,,,
related:big,2,2,1,,,
related:big boys gone bananas!* (2011),2,2,1,,,
related:blade runner,2,2,1,,,
related:casablanca,2,1,2,,,
related:cyrano,2,2,1,,,
related:forrest gump,2,2,1,,,
related:high noon,2,2,1,,,
related:mad mad world,2,2,1,,,
related:notorious (1946),2,2,1,,,
related:only angels have wings,2,2,1,,,
related:pocahontas (1995),2,2,1,,,
related:rio bravo,2,2,1,,,
related:rio bravo(1958),2,2,1,,,
related:the great escape,2,2,1,,,
related:the incredibles (2004),2,2,1,,,
related:the island of dr. moreau (book),2,2,1,,,
related:to have and have not,2,2,1,,,
related:watchmen (2009),2,2,1,,,
relationship - nontypical,2,2,2,,,
relationship drama,2,1,2,,,
religion:buddism,2,1,2,,,
religious bigotism,2,1,2,,,
religious intolerance,2,1,2,,,
religious nuts,2,1,2,,,
religious profanity,2,1,2,,,
religious satire,2,1,2,,,
religious symbolism,2,1,2,,,
remade by same director,2,1,2,,,
remadeas:101 dalmations (1996),2,2,1,,,
remadeas:charlie and the chocolate...(2005),2,2,1,,,
remadeas:disturbia (2007),2,2,1,,,
remadeas:freaky friday(2003),2,2,1,,,
remadeas:get carter(2000),2,2,1,,,
remadeas:jacob the liar(1999),2,2,1,,,
remadeas:never say never (1983),2,2,1,,,
remadeas:payback(1999),2,2,1,,,
remadeas:sabrina(1995),2,2,1,,,
remadeas:the time machine(2002),2,2,1,,,
remake is a complete rewrite,2,1,2,,,
remake of 8-and-a-half,2,2,1,,,
remake of an asian film,2,2,2,,,
remake of:ju-on,2,2,1,,,
remakeof:101 dalmations (1961),2,2,1,,,
remakeof:bedtime story (1964),2,2,1,,,
remakeof:freaky friday (1977),2,2,1,,,
remakeof:get carter(1971),2,2,1,,,
remakeof:hairspray(1988),2,2,1,,,
remakeof:la femme nikita(1990),2,2,1,,,
remakeof:psycho (1960),2,2,1,,,
remakeof:ringu (1998),2,2,1,,,
remakeof:sabrina(1954),2,2,1,,,
remakeof:the longest yard (2005),2,2,1,,,
remakeof:the manchurian candidate(1962),2,2,1,,,
remakeof:the time machine(1960),2,2,1,,,
remakeof:thunderball (1965),2,2,1,,,
remakeof:truly madly deeply,2,2,1,,,
remakeof:willy wonka...(1971),2,2,1,,,
remembrance,2,2,2,,,
renegade crew,2,1,2,,,
renoir,2,2,2,,,
renãƒâ©e zellweger,2,2,2,,,
replacement,2,1,2,,,
repulsive,2,2,2,,,
rescue dogs,2,1,2,,,
resorts to unnecessary graphical violence,2,1,2,,,
respect,2,2,2,,,
retro 80's synth pop,2,1,2,,,
retro 80's typeset,2,1,2,,,
retro-futurism,2,2,1,,,
revelatory,2,2,1,,,
revenge fantasy,2,1,2,,,
rex smith,2,2,1,,,
rhys darby,2,1,2,,,
ric burns,2,1,2,,,
ricardo trogi,2,2,1,,,
rice,2,2,1,,,
rich,2,2,2,,,
rich settings,2,2,1,,,
richard a. colla,2,2,1,,,
richard chamberlain,2,2,2,,,
richard denning,2,2,1,,,
richard e. grant,2,1,2,,,
richard farnsworth,2,1,2,,,
richard glatzer,2,2,1,,,
richard grieco,2,1,2,,,
richard griffiths,2,2,2,,,
richard kiel,2,2,2,,,
richard kwietniowski,2,2,1,,,
richard masur,2,2,1,,,
richard riehle,2,2,2,,,
richard rosson,2,2,1,,,
richard roundtree,2,2,2,,,
richard shepard,2,2,1,,,
richard wallace,2,2,1,,,
richard whorf,2,2,2,,,
richard wilson,2,2,2,,,
riches to rags,2,1,2,,,
rick famuyiwa,2,2,1,,,
ricki lake,2,2,2,,,
ricky jay,2,2,2,,,
rickyism,2,1,2,,,
riddled with cliché,2,2,2,,,
ridiculous violence,2,2,2,,,
riding disney's coattails,2,2,1,,,
right wing,2,2,2,,,
right/wrong,2,2,2,,,
rightism,2,2,1,,,
rip torn,2,2,2,,,
rise and fall,2,2,2,,,
risk,2,2,2,,,
rita wilson,2,2,2,,,
rites of passage,2,2,1,,,
ritual killing,2,2,2,,,
ritwik ghatak,2,2,1,,,
rko,2,2,2,,,
road picture,2,2,2,,,
rob corddry,2,2,1,,,
rob morrow,2,2,1,,,
robb wells,2,2,2,,,
robert,2,1,2,,,
robert abel,2,2,1,,,
robert armstrong,2,2,1,,,
robert b. weide,2,2,1,,,
robert ben garant,2,2,1,,,
robert conrad,2,2,1,,,
robert duval,2,2,2,,,
robert hamer,2,2,1,,,
robert john burke,2,2,2,,,
robert kenner,2,2,1,,,
robert lepage,2,2,1,,,
robert luketic,2,2,1,,,
robert parrish,2,2,1,,,
robert penn warren,2,1,2,,,
robert radler,2,2,1,,,
robert ryan,2,2,1,,,
robert wieckiewicz,2,2,1,,,
robin,2,2,1,,,
robot noises,2,1,2,,,
robot rape scene,2,2,2,,,
robyn hitchcock,2,2,1,,,
rock movies,2,2,1,,,
rocket launcher,2,2,2,,,
rococo,2,2,1,,,
rodman flender,2,2,1,,,
rodriguez,2,1,2,,,
roko belic,2,2,1,,,
roland joffé,2,2,1,,,
role playing,2,1,2,,,
roleplaying game,2,2,2,,,
roller skates,2,2,2,,,
rollerblading,2,2,2,,,
rolling stone,2,1,2,,,
rom com,2,1,2,,,
romani,2,2,2,,,
romanticisation of an abusive relationship,2,1,2,,,
romola garai,2,2,2,,,
romulan,2,1,2,,,
ron eldard,2,2,1,,,
ron silver,2,2,2,,,
ronda rousey,2,1,2,,,
ronit elkabetz,2,2,2,,,
room,2,2,2,,,
rory cochrane,2,2,2,,,
rory kennedy,2,2,1,,,
rose,2,2,1,,,
rose mciver,2,1,2,,,
rosemary clooney,2,1,2,,,
roses,2,2,2,,,
ross finkel,2,2,1,,,
ross martin,2,2,1,,,
rossano brazzi,2,2,2,,,
route 66,2,2,1,,,
routines,2,2,2,,,
rowan atkinson plays a priest in a comedy,2,2,1,,,
rowan woods,2,2,1,,,
rpg heroes,2,2,1,,,
rudolf klein-rogge,2,2,1,,,
rudolph valentino,2,2,1,,,
rudy youngblood,2,1,2,,,
ruggero deodato,2,1,2,,,
ruined by sequels,2,2,2,,,
ruined marriage,2,2,1,,,
runtime,2,2,1,,,
rupert wyatt,2,1,2,,,
rural poverty,2,2,2,,,
rush,2,1,2,,,
rush hour,2,2,1,,,
rushed acting,2,1,2,,,
russ tamblyn,2,2,2,,,
russell barnes,2,2,1,,,
rusty sub,2,1,2,,,
ruth chatterton,2,2,1,,,
ruth orkin,2,2,1,,,
rwandan genocide,2,2,2,,,
ryan dunn,2,1,2,,,
ryan kwanten,2,2,2,,,
ryan murphy,2,2,1,,,
ryan polito,2,2,1,,,
régis wargnier,2,2,1,,,
s. sylvan simon,2,2,1,,,
s.e.t.i.,2,1,2,,,
s.r. bindler,2,1,2,,,
sacha gervasi,2,1,2,,,
sad as hell,2,2,2,,,
sadako yamamura,2,2,1,,,
sadao yamanaka,2,2,1,,,
salieri,2,1,2,,,
sally potter,2,1,2,,,
sam harris,2,1,2,,,
sam jaeger,2,2,2,,,
sam waterston,2,2,2,,,
sami,2,1,2,,,
sammo hung,2,2,1,,,
samuel armstrong,2,2,1,,,
samuel l.,2,1,2,,,
samuli torssonen,2,1,2,,,
samuli vauramo,2,1,2,,,
san antonio,2,2,2,,,
san clemente,2,1,2,,,
sanaa lathan,2,2,2,,,
sandler,2,1,2,,,
sandra 'boring' bullock,2,1,2,,,
sandra nettelbeck,2,1,2,,,
santosh sivan,2,2,1,,,
sappy love story,2,2,2,,,
sara forestier,2,1,2,,,
sarah roemer,2,2,1,,,
sarajevo,2,2,2,,,
sasha grey,2,2,2,,,
sassy,2,2,2,,,
satire: plastic surgery,2,1,2,,,
sausage fest,2,1,2,,,
savage steve holland,2,2,1,,,
savannah ga,2,2,2,,,
saved by the ending,2,2,2,,,
saving face,2,2,1,,,
saving the world in your pjs,2,1,2,,,
savior,2,2,1,,,
saw (tool),2,2,1,,,
scandal period,2,1,2,,,
scandinavia,2,1,2,,,
scantily clad female,2,1,2,,,
scared the hell outta me,2,1,2,,,
scariest movie ever made,2,1,2,,,
scaring greatsoundtrack davidlynch angelobadalamenti thriller,2,1,2,,,
scarlett johnansson,2,1,2,,,
scarry and strong,2,2,2,,,
scary halloween movies,2,1,2,,,
scary music,2,1,2,,,
scattered,2,2,2,,,
scene transitions,2,2,2,,,
scenery porn,2,2,1,,,
schmaltz,2,1,2,,,
schools,2,1,2,,,
schoolyard fight,2,2,1,,,
schwartzenegger,2,1,2,,,
sci fi.,2,1,2,,,
sci-fi channel,2,1,2,,,
sci-fi classic,2,2,2,,,
science geeks,2,1,2,,,
science history,2,2,2,,,
science runs amok,2,2,1,,,
scientific research,2,1,2,,,
scientifically inaccurate.,2,1,2,,,
scientist hero,2,1,2,,,
scooby doo,2,1,2,,,
score:andrew bird,2,1,2,,,
scorsese is god but this movie really sucks,2,1,2,,,
scott caan,2,2,1,,,
scott cooper,2,2,1,,,
scott kalvert,2,2,1,,,
scott mcgehee,2,2,1,,,
scott mechlowicz,2,1,2,,,
scott mosier,2,1,2,,,
scott speedman,2,2,2,,,
scott stewart,2,1,2,,,
scrat,2,2,2,,,
screenwriter:alex kurtzman,2,2,1,,,
screenwriter:alexander payne,2,2,1,,,
screenwriter:billy ray,2,2,1,,,
screenwriter:charlie kaufman,2,2,1,,,
screenwriter:damon lindelof,2,2,1,,,
screenwriter:jon spaihts,2,2,1,,,
screenwriter:michael arndt,2,2,1,,,
screenwriter:roberto orci,2,2,1,,,
screenwriter:rod serling,2,2,1,,,
screenwriter:simon beaufoy,2,2,1,,,
screenwriter:steven zaillian,2,2,1,,,
sctv,2,2,1,,,
sculpture,2,2,2,,,
seamless,2,2,2,,,
sean biggerstaff,2,1,2,,,
sean combs,2,1,2,,,
sean connery was the best part,2,2,2,,,
sean fine,2,2,1,,,
sean hayes,2,2,2,,,
sebastian junger,2,2,1,,,
sebastiã¡n silva,2,2,2,,,
secrecy,2,1,2,,,
secret agency,2,2,1,,,
secret facility,2,1,2,,,
secret identity,2,2,2,,,
secret police,2,2,2,,,
secret society,2,2,2,,,
see also:little miss sunshine,2,2,1,,,
see also:psycho (1960),2,2,1,,,
see also:psycho (1998),2,2,1,,,
see also:rebecca,2,2,1,,,
see also:secretary,2,2,1,,,
see also:strictly ballroom,2,2,1,,,
see also:the rules of the game/gosford park,2,2,1,,,
see also:this film is not yet rated (2006),2,2,1,,,
see: delicatessen,2,2,1,,,
see: italianetz,2,2,1,,,
see: metropolis (1927),2,2,1,,,
see: mon oncle,2,2,1,,,
see: mother of mine,2,2,1,,,
see: requiem,2,2,1,,,
see: the hours,2,2,2,,,
see: whisper of the heart,2,1,2,,,
see: why we fight series,2,2,1,,,
seealso:death of a president (2006),2,2,1,,,
seealso:milk(2008),2,2,1,,,
seealso:miss sadie thompson (1953),2,2,1,,,
seealso:when harry met sally (1989),2,2,1,,,
seedy,2,2,2,,,
seeing the future,2,2,2,,,
seen in theater,2,2,1,,,
seen it 5 times; twist at end; awesome,2,1,2,,,
selena gomez,2,2,2,,,
self obsessed mom,2,1,2,,,
self-parody,2,2,2,,,
self-referentail,2,2,2,,,
self-satisfied,2,2,1,,,
self-satisfied people,2,2,2,,,
selfishness,2,2,2,,,
selfishness/unselfishness,2,2,1,,,
sellout,2,1,2,,,
semiotic,2,2,1,,,
senegal,2,2,2,,,
sensationalistic,2,2,2,,,
sensory deprivation,2,1,2,,,
sequel to:chinatown,2,2,1,,,
sequel to:silence of the lambs,2,2,1,,,
sequel with nothing new,2,1,2,,,
sequel:better,2,2,1,,,
sequelto:28 days later,2,2,1,,,
sequelto:elizabeth,2,2,1,,,
sequelto:sherlock holmes (2009),2,2,1,,,
sequelto:the fly (1958),2,2,1,,,
serbia,2,2,2,,,
serge reggiani,2,2,1,,,
sergei loznitsa,2,2,1,,,
sergey bodrov,2,2,1,,,
sergi lã³pez,2,2,2,,,
serie de tv,2,2,1,,,
seriously boring,2,1,2,,,
servants,2,2,2,,,
set in the 1920s,2,1,2,,,
seth barrish,2,2,1,,,
seth holt,2,2,1,,,
setting:1960s,2,1,2,,,
setting:africa,2,1,2,,,
setting:casino,2,2,1,,,
setting:factory,2,2,1,,,
setting:fashion magazine,2,2,1,,,
setting:gallifrey,2,1,2,,,
setting:golf course (scene),2,2,1,,,
setting:hollywood,2,2,1,,,
setting:movie cinema,2,2,1,,,
setting:nazi germany,2,1,2,,,
setting:nightclub/casino,2,2,1,,,
setting:playboy mansion (scene),2,2,1,,,
setting:space/earth orbit,2,2,1,,,
setting:television show,2,1,2,,,
setting:the pentagon,2,2,1,,,
setting:train?,2,1,2,,,
setting:uk factory,2,2,1,,,
setting:wwii,2,2,1,,,
seven deadly sins,2,2,2,,,
severed hand,2,2,2,,,
sewer,2,2,1,,,
sex horror,2,1,2,,,
sex pistols,2,1,2,,,
sex reassignment surgery,2,2,1,,,
sex related humorism,2,1,2,,,
sex scandal,2,2,2,,,
sexploitation,2,2,2,,,
sexual deviance,2,1,2,,,
sexual themes,2,2,1,,,
sexualization,2,1,2,,,
sexualized,2,1,2,,,
sexy devil,2,1,2,,,
sexy food,2,1,2,,,
sexy leading actresses,2,2,2,,,
sfx,2,2,2,,,
shadow cast,2,1,2,,,
shadow hunters,2,1,2,,,
shadow puppets,2,2,2,,,
shainee gabel,2,1,2,,,
shake-cam,2,1,2,,,
shakey camera,2,1,2,,,
shallow romance,2,1,2,,,
shallow story,2,2,2,,,
shangri-la,2,1,2,,,
shared mission,2,2,1,,,
sharpe james,2,1,2,,,
she looks like a mouse,2,2,1,,,
shea whigham,2,2,2,,,
sheree folkson,2,2,1,,,
sheriff of nottingham,2,1,2,,,
sherlock holmes parody,2,2,1,,,
shia lebeouf,2,2,2,,,
shiloh fernandez,2,2,2,,,
shin'ya tsukamoto,2,2,1,,,
shintarô katsu,2,2,1,,,
ships,2,1,2,,,
shirley mcclaine,2,2,2,,,
shirley mclaine,2,1,2,,,
shite,2,2,2,,,
shitty hipster film,2,1,2,,,
shock and drop,2,1,2,,,
shock value,2,2,2,,,
shooter,2,1,2,,,
short in length,2,1,2,,,
short stories,2,2,2,,,
shot using red epic,2,1,2,,,
shotgun,2,2,1,,,
should dislike,2,2,1,,,
should've got more attention brilliant,2,1,2,,,
showbusiness,2,1,2,,,
shut up about the book ok?!,2,1,2,,,
shyness,2,2,1,,,
shô kosugi,2,2,1,,,
shûichi okita,2,2,1,,,
shûji terayama,2,2,1,,,
si-fi,2,1,2,,,
sibling relationship,2,1,2,,,
sid haig,2,2,1,,,
sidney lanfield,2,2,1,,,
sigorney weaver,2,1,2,,,
sikh,2,2,2,,,
silat,2,2,2,,,
silent to talkie transition,2,1,2,,,
silliness,2,2,2,,,
silly propaganda,2,1,2,,,
silly woman,2,2,2,,,
similar:final fantasy,2,2,1,,,
simon j. smith,2,2,1,,,
simon langton,2,2,1,,,
simon yam,2,2,2,,,
simple ending,2,1,2,,,
simplified history,2,1,2,,,
simply awful,2,1,2,,,
singing cowboy,2,2,1,,,
single set,2,2,1,,,
single woman,2,2,2,,,
singular,2,2,1,,,
sith,2,2,2,,,
ski jumping,2,1,2,,,
skullduggery,2,1,2,,,
skulls,2,2,2,,,
sky,2,2,1,,,
sky pirates,2,2,1,,,
slanderous,2,1,2,,,
sleaze,2,2,2,,,
sleep,2,2,2,,,
sleeper,2,2,2,,,
sleuth,2,1,2,,,
slick pychodrama,2,1,2,,,
slightly changed story from original,2,1,2,,,
slow - good,2,1,2,,,
slow action,2,1,2,,,
slow burn,2,1,2,,,
slow investigative build,2,2,1,,,
slow movie,2,1,2,,,
slow moving but a beautie,2,2,2,,,
slow plot,2,2,2,,,
slums,2,1,2,,,
small monkeys,2,1,2,,,
smalltown,2,1,2,,,
smart action,2,1,2,,,
smart ass kids,2,1,2,,,
smart woman,2,2,2,,,
smell christians,2,1,2,,,
smirk,2,1,2,,,
snails didn't come back to life,2,1,2,,,
snakes on crack,2,1,2,,,
snape,2,1,2,,,
snarky,2,2,2,,,
sngmoo lee,2,1,2,,,
snipers,2,1,2,,,
snipes,2,1,2,,,
snorefest,2,1,2,,,
so damn good,2,1,2,,,
so funny!,2,2,2,,,
social class,2,1,2,,,
social commentary\,2,1,2,,,
social justice,2,2,2,,,
social psychology,2,1,2,,,
social worker,2,2,1,,,
socialist cuba,2,1,2,,,
sociopathic,2,1,2,,,
sociopaths,2,2,2,,,
soft porn,2,1,2,,,
soledad villamil,2,1,2,,,
solipsism,2,2,2,,,
some blood,2,1,2,,,
some elements of a road movie,2,1,2,,,
some events border unrealism,2,1,2,,,
some lines sounded funny instead of serious,2,1,2,,,
some things didn't make sense,2,1,2,,,
sometimes boring,2,2,1,,,
somewhat overrated,2,1,2,,,
somewhat predictable but interesting,2,1,2,,,
son,2,2,2,,,
song kang-ho,2,2,1,,,
sony pictures classics,2,1,2,,,
sophia myles,2,2,2,,,
sophisticated,2,2,2,,,
soppy,2,2,2,,,
sorrow,2,2,2,,,
sorter,2,1,2,,,
soudtrack,2,2,2,,,
soul,2,2,2,,,
soul extraction,2,1,2,,,
soul searching,2,2,2,,,
soul stealing,2,1,2,,,
sound design,2,1,2,,,
soundtrack features bad cover songs,2,1,2,,,
source:pygmalion myth,2,2,1,,,
south dakota,2,2,2,,,
south pacific,2,2,2,,,
southern accent,2,2,2,,,
southern gothic,2,2,1,,,
souvenirs,2,2,1,,,
soviet russia,2,1,2,,,
space calamity,2,1,2,,,
space colony,2,2,1,,,
space exploration,2,2,2,,,
space horror,2,1,2,,,
spaceship!,2,1,2,,,
spaceyal,2,2,1,,,
spanish dialogue,2,1,2,,,
spanked,2,1,2,,,
spanking is good,2,1,2,,,
speakeasy,2,2,1,,,
spec ops,2,1,2,,,
special edition,2,2,1,,,
special effects weird,2,1,2,,,
spectacular action scenes,2,1,2,,,
spectators,2,1,2,,,
speculative fiction,2,2,1,,,
speech impediment,2,1,2,,,
speech patterns,2,1,2,,,
speed dating,2,2,2,,,
spencer gordon bennet,2,2,1,,,
spencer susser,2,2,1,,,
spenser tracy,2,2,1,,,
spiders :(,2,1,2,,,
spionage,2,2,1,,,
spiral,2,1,2,,,
spit,2,1,2,,,
split personalities,2,2,1,,,
spock/uhuru relationship.,2,1,2,,,
spoiled brats,2,2,2,,,
spongebob!,2,1,2,,,
spoof: james bond,2,1,2,,,
spoon,2,2,2,,,
sport:10 pin bowling,2,2,1,,,
sport:arm wrestling,2,1,2,,,
sport:bike racing,2,2,1,,,
sport:bobsledding,2,1,2,,,
sport:horse racing,2,2,1,,,
sport:rugby football,2,1,2,,,
sport:surfing,2,1,2,,,
sport:wheelchair rugby,2,1,2,,,
springlike,2,2,1,,,
spy with booby-trapped house,2,2,1,,,
squandered opportunity,2,1,2,,,
st. francis,2,1,2,,,
st. louis,2,2,1,,,
stacy keach,2,2,2,,,
stacy title,2,2,1,,,
stadium,2,1,2,,,
stage show,2,1,2,,,
stairs,2,2,1,,,
stamps,2,2,1,,,
stan dragoti,2,2,1,,,
stana katic,2,2,1,,,
standup for beleifs,2,1,2,,,
stanford,2,2,2,,,
stanislav lem,2,1,2,,,
stanislaw bareja,2,1,2,,,
star crossed lovers,2,2,2,,,
star lawyers,2,2,1,,,
stardom,2,2,2,,,
starring:jack lemmon&walter matthau,2,2,1,,,
startling,2,1,2,,,
starts weak ends strong,2,1,2,,,
starvation,2,1,2,,,
starving,2,1,2,,,
state religion,2,1,2,,,
stato di grazia,2,1,2,,,
statuory rape,2,1,2,,,
stay of execution,2,1,2,,,
stays with you,2,2,1,,,
steak in the face,2,1,2,,,
stefan jarl,2,1,2,,,
stefan ruzowitzky,2,2,1,,,
stepbrother,2,2,2,,,
stephan elliott,2,2,1,,,
stephan king,2,1,2,,,
stephanie soechtig,2,2,1,,,
stephen baldwin,2,2,2,,,
stephen campbell moore,2,2,2,,,
stephen colbert,2,1,2,,,
stephen kessler,2,2,1,,,
stephen poliakoff,2,2,1,,,
stephen roberts,2,2,1,,,
stephen surjik,2,1,2,,,
stephen young,2,1,2,,,
steppe,2,1,2,,,
stereotype:gay,2,1,2,,,
stereotypical fat character,2,1,2,,,
stereotypical portray for kids,2,1,2,,,
stereovision,2,2,1,,,
steve box,2,1,2,,,
steve buschemi,2,2,2,,,
steve harris,2,1,2,,,
steve martin is scraping the bottom hard!,2,1,2,,,
steve martino,2,2,1,,,
steve purcell,2,2,1,,,
steve rodgers,2,2,1,,,
steve skrovan,2,2,1,,,
steven cantor,2,1,2,,,
steven e. de souza,2,2,1,,,
steven okazaki,2,2,1,,,
steven r. mcqueen,2,1,2,,,
steven seagal as cock puncher,2,1,2,,,
steven shainberg,2,1,2,,,
steven wright,2,2,2,,,
stewardess,2,2,2,,,
stewart raffill,2,2,1,,,
stewie griffin,2,1,2,,,
stig,2,1,2,,,
still current,2,1,2,,,
still great,2,1,2,,,
stiller,2,1,2,,,
stone throwing,2,2,1,,,
stool pigeon,2,2,2,,,
stoppard,2,1,2,,,
story line,2,2,2,,,
story pocahontas,2,1,2,,,
straight razor,2,2,1,,,
straight sex,2,1,2,,,
street fighter,2,2,2,,,
street life,2,1,2,,,
streisand,2,1,2,,,
stretched out,2,1,2,,,
stripper,2,2,2,,,
stroheim,2,1,2,,,
stroke,2,2,2,,,
strong & silent type,2,1,2,,,
strong performances carry this flick,2,1,2,,,
strong room,2,1,2,,,
strong start weak finish,2,1,2,,,
stuart baird,2,2,2,,,
stuart gillard,2,2,1,,,
stuart gordon,2,2,1,,,
students,2,2,2,,,
stunning visual effects,2,2,2,,,
stunt woman,2,2,2,,,
stupid :),2,1,2,,,
stupid dance movie,2,1,2,,,
stupid editing effects,2,1,2,,,
stupid fun,2,1,2,,,
stupid last comment,2,1,2,,,
stupid love story,2,2,2,,,
stupid teenagers,2,1,2,,,
style:monologue,2,1,2,,,
styling,2,1,2,,,
stéphane aubier,2,2,1,,,
stéphane brizé,2,2,1,,,
sub titles,2,1,2,,,
subgenre:cat burglar,2,1,2,,,
subgenre:yellow peril,2,2,1,,,
subjective camera,2,2,1,,,
subliminal images,2,2,1,,,
subplot,2,2,2,,,
subplot:ingenue is aide to antiheroine,2,2,1,,,
substance over style,2,2,1,,,
subtext,2,2,2,,,
succubus,2,2,2,,,
such potential.....such a fail,2,1,2,,,
sucked,2,2,2,,,
sue price,2,1,2,,,
suet lam,2,2,2,,,
sueã±os,2,2,1,,,
suitcase of light,2,2,1,,,
suits,2,2,2,,,
sukkot,2,1,2,,,
summer job,2,1,2,,,
sundance,2,1,2,,,
sundance 2012 grand jury prize: dramatic,2,1,2,,,
sundance grand jury prize 1994,2,1,2,,,
sundance grand jury prize: dramatic 1992,2,1,2,,,
sundance grand jury prize: dramatic 1993,2,2,1,,,
sundance grand jury prize: dramatic 1999,2,1,2,,,
super hero deconstruction,2,1,2,,,
superb,2,2,2,,,
superpower,2,1,2,,,
supporting cast,2,1,2,,,
supressed memories,2,2,2,,,
surprise endings,2,1,2,,,
surprisingly boring,2,2,1,,,
surprisingly clever,2,1,2,,,
surreal ending sequence,2,1,2,,,
surreal environment,2,2,2,,,
survival in the wilderness,2,2,2,,,
survivalism,2,2,2,,,
susan george,2,1,2,,,
susanna white,2,2,1,,,
susie essman,2,1,2,,,
suspence,2,2,2,,,
suspense cut,2,2,1,,,
suspension,2,2,1,,,
suspicion,2,2,2,,,
susuwatari,2,2,1,,,
sven's favorite films,2,2,1,,,
swat team,2,2,2,,,
sweeny todd,2,1,2,,,
sweet movie!,2,1,2,,,
switch,2,2,1,,,
sylistic,2,1,2,,,
sylvain white,2,1,2,,,
sympathy for the devil,2,2,2,,,
synchronic,2,2,2,,,
synthesizer,2,2,2,,,
tabu,2,1,2,,,
taco bell,2,1,2,,,
tad stones,2,2,1,,,
tadeusz chmielewski,2,2,1,,,
tag:needless gratuitous redundancy tag,2,1,2,,,
tage danielsson,2,2,1,,,
taipei,2,2,1,,,
takashi yamazaki,2,2,2,,,
takes place in chicago,2,1,2,,,
takeshi koike,2,2,1,,,
taking justice into own hands,2,1,2,,,
tale of three brothers,2,1,2,,,
talentless,2,1,2,,,
taliban,2,2,2,,,
talisa soto,2,1,2,,,
talk,2,2,1,,,
talk show,2,2,1,,,
talking cat,2,1,2,,,
talking monsters,2,2,1,,,
tall tale,2,2,2,,,
tall tales,2,2,1,,,
tanuki,2,1,2,,,
tara fitzgerald,2,2,2,,,
taraji p. henson,2,2,2,,,
tarantesque,2,2,1,,,
tarsem,2,1,2,,,
tarsem singh,2,2,1,,,
tate taylor,2,2,1,,,
tatum o'neal,2,1,2,,,
taut,2,2,1,,,
taxi drivers,2,1,2,,,
taylor momsen,2,1,2,,,
taylor wong,2,1,2,,,
tchã©ky karyo,2,2,2,,,
teacher unions terrorizing children,2,2,1,,,
tearful,2,1,2,,,
tearful ending,2,1,2,,,
tech,2,2,1,,,
technically astounding,2,1,2,,,
technique:narration over freeze-frame,2,2,1,,,
technique:puppetry,2,2,1,,,
ted knight,2,1,2,,,
ted wilde,2,2,1,,,
teddy bear,2,2,2,,,
tediously long,2,2,1,,,
"teen ""gross-out"" comedy",2,1,2,,,
teen classic,2,2,1,,,
teen horror,2,1,2,,,
teen induced angst overdose,2,2,2,,,
teen indulgence,2,1,2,,,
teenage drama,2,1,2,,,
teenage romance,2,1,2,,,
teenage witch,2,1,2,,,
teenmovie,2,1,2,,,
telemarketing,2,2,1,,,
teller,2,1,2,,,
temple scene,2,1,2,,,
ten commandments,2,1,2,,,
tender,2,2,2,,,
tennesse williams,2,1,2,,,
tense start,2,1,2,,,
terrible character development and weak plot?  you'll love this movie!!!,2,1,2,,,
terrible cinematography,2,1,2,,,
terrible fight choreography,2,2,2,,,
terrible fight scenes,2,1,2,,,
terrible remake,2,1,2,,,
terrible scripting,2,1,2,,,
terrorists,2,2,2,,,
terry funk,2,2,2,,,
terry hughes,2,2,1,,,
test pilot,2,1,2,,,
test tag,2,1,2,,,
texan,2,2,1,,,
texting,2,2,2,,,
thaddeus o'sullivan,2,2,1,,,
that it makes you think in the end.,2,1,2,,,
the afterlife,2,1,2,,,
the alps,2,1,2,,,
the best animation movie,2,1,2,,,
the best batman's movies,2,1,2,,,
the best movie ever made. period.,2,2,2,,,
the best of for kids and adults,2,1,2,,,
the best of recent movies!,2,1,2,,,
the body,2,1,2,,,
the catholic church is the most corrupt organization in history,2,1,2,,,
the ceiling was crushing us. so we made a skylight,2,1,2,,,
the creepy tunnel,2,1,2,,,
the deputy,2,1,2,,,
the dog lives,2,1,2,,,
the dude,2,1,2,,,
the dude abides,2,1,2,,,
the exorcist,2,2,1,,,
the fact that isolde betrayed a man as honourable as lord marke. i can't stand people who have affairs.,2,1,2,,,
the great escape,2,1,2,,,
the guy is a douche,2,1,2,,,
the humanity,2,2,2,,,
the jacket,2,1,2,,,
the japanese is better,2,1,2,,,
the knife,2,1,2,,,
the lone ranger,2,2,1,,,
the media,2,1,2,,,
the mother of connect-the-dots  flix (grand canyon/crash/etc),2,1,2,,,
the music,2,2,2,,,
the musical aspect,2,1,2,,,
the ocean,2,1,2,,,
the plimsouls,2,1,2,,,
the plot made no sense,2,1,2,,,
the quintessential romantic comedy!,2,1,2,,,
the rock not rocking,2,1,2,,,
the rolling stones,2,2,2,,,
the setting,2,1,2,,,
the sheik,2,2,1,,,
the south,2,2,2,,,
the stuttering is mostly annoying,2,1,2,,,
the tail scene,2,1,2,,,
the third part of the best movie ever!!!!,2,1,2,,,
the truffle shuffle,2,1,2,,,
the velvet underground,2,2,2,,,
the who,2,1,2,,,
the whole movie is just one long chase scene,2,1,2,,,
the world cup meets dragonball z,2,1,2,,,
the world's last super hero,2,1,2,,,
theatrical version is better,2,1,2,,,
theif,2,2,2,,,
theism,2,1,2,,,
theme song was a bit too childish.,2,1,2,,,
theme:ambition,2,2,1,,,
theme:elevation through self-sacrifice,2,2,1,,,
there is nothing good in this film,2,1,2,,,
thermal goggles,2,1,2,,,
they forgot to mention that fisher is an insane nazi,2,1,2,,,
they made this already and it was titled: football factory it's way better than this re-hash,2,1,2,,,
thin mysteries,2,1,2,,,
third act,2,2,2,,,
thirty years' war,2,1,2,,,
this is a bloody movie. yet i would call it a family movie.,2,1,2,,,
this is interesting movie with culture and some mental specific colour,2,1,2,,,
this movie scares the stuffing out of me!,2,1,2,,,
this movie shouldn't have been filmed.,2,1,2,,,
this movie speaks about the beginning of the aids crisis,2,1,2,,,
thom eberhardt,2,2,1,,,
thom fitzgerald,2,2,1,,,
thomas bezucha,2,2,1,,,
thomas f. wilson,2,2,1,,,
thomas kretschmann,2,2,2,,,
thomas sangster,2,1,2,,,
thomas schlamme,2,1,2,,,
thomas the tank engine,2,1,2,,,
thor heyerdahl,2,1,2,,,
thoreau,2,1,2,,,
though i know i should . . .,2,1,2,,,
thrilling end,2,1,2,,,
tight editing,2,1,2,,,
tightly focused,2,2,2,,,
tim hunter,2,2,1,,,
tim johnson,2,2,1,,,
tim kazurinsky,2,2,1,,,
tim whelan,2,2,1,,,
time currency concept,2,1,2,,,
time lapse photography,2,1,2,,,
time period,2,2,2,,,
time travelling incest yandere,2,1,2,,,
timelines,2,2,2,,,
timetravel,2,2,2,,,
tin man,2,1,2,,,
tina majorino,2,1,2,,,
tina turner,2,1,2,,,
tired of tom,2,1,2,,,
tiring,2,2,2,,,
tmnt,2,1,2,,,
to much of everything,2,1,2,,,
to much war,2,1,2,,,
to see: b-grade,2,1,2,,,
to see: b-grimm,2,2,1,,,
to see: horror/action,2,1,2,,,
to see: horror/sci fi,2,2,1,,,
to see: quirky,2,2,1,,,
to-buy,2,2,1,,,
tobey macguire,2,2,2,,,
tobias lindholm,2,2,1,,,
toby maquire,2,1,2,,,
toby regbo,2,1,2,,,
todd edwards,2,1,2,,,
toga,2,2,2,,,
toho company ltd.,2,2,1,,,
toilet monster,2,2,2,,,
tokusatsu kaiju,2,2,1,,,
tom araya,2,2,1,,,
tom conway,2,1,2,,,
tom dicillo,2,2,1,,,
tom hanks is great,2,2,2,,,
tom hollander,2,2,2,,,
tom jones,2,2,2,,,
tom mankiewicz,2,2,1,,,
tom mcloughlin,2,2,1,,,
tom ropelewski,2,2,1,,,
tom stoppard,2,2,2,,,
tom vaughan,2,2,1,,,
tomas milian,2,2,1,,,
tomb raiding,2,1,2,,,
tomcruise,2,1,2,,,
tomm moore,2,2,1,,,
tommy lee wallace,2,2,1,,,
tommy o'haver,2,2,1,,,
tomás gutiérrez alea,2,2,1,,,
tone loc,2,1,2,,,
tongue in cheek,2,2,2,,,
toni collete,2,1,2,,,
tony awards,2,2,2,,,
tony bancroft,2,1,2,,,
tony leech,2,1,2,,,
tony stark,2,2,1,,,
too 80s,2,2,2,,,
too creepy,2,1,2,,,
too dark,2,1,2,,,
too friggen gay,2,1,2,,,
too many celebrities,2,1,2,,,
"too much ""of the"" in title",2,1,2,,,
too much 80's music,2,1,2,,,
too much explaining,2,1,2,,,
too much fighting and not enough story,2,1,2,,,
too much slow motion!,2,1,2,,,
too much uplifting music,2,1,2,,,
too much walking,2,2,2,,,
too old. showing its age,2,2,2,,,
too quirky,2,2,2,,,
too sad,2,2,2,,,
too scared to see it,2,2,1,,,
too sentimental,2,1,2,,,
top 10 movies,2,1,2,,,
top funniest animation,2,1,2,,,
topic:aids,2,1,2,,,
topic:censorship,2,1,2,,,
topic:charlie chaplin,2,1,2,,,
topic:club dj,2,1,2,,,
topic:cybernetics,2,1,2,,,
topic:drug addiction,2,1,2,,,
topic:euthanasia,2,1,2,,,
topic:human rights,2,1,2,,,
topic:hunter s. thompson,2,1,2,,,
topic:mccarthyism,2,2,1,,,
topic:oscar wilde,2,1,2,,,
topic:sexism,2,1,2,,,
topic:theatre,2,2,1,,,
topic:typography,2,1,2,,,
toplist,2,1,2,,,
tor h,2,2,1,,,
tornadoes,2,1,2,,,
toshio masuda,2,2,1,,,
toshirãƒâ´ mifune,2,2,2,,,
toto,2,1,2,,,
touching story,2,1,2,,,
tough-life,2,1,2,,,
tourism,2,1,2,,,
tournament,2,1,2,,,
toxic waste,2,2,2,,,
toy,2,1,2,,,
tracey ullman,2,2,2,,,
traditional,2,1,2,,,
traffic accident,2,2,2,,,
tragic ending,2,2,2,,,
tragically bad,2,1,2,,,
tragically stupid,2,1,2,,,
train crash,2,2,1,,,
train robbery,2,1,2,,,
train trip,2,1,2,,,
tralfamadore,2,1,2,,,
transexual,2,2,2,,,
transgressive,2,2,2,,,
transhumanist,2,1,2,,,
transit,2,2,2,,,
transition from killer to protector,2,1,2,,,
transsexual,2,1,2,,,
travelling,2,1,2,,,
travolta,2,2,2,,,
treat williams,2,2,2,,,
tree climbing,2,2,1,,,
trekkie,2,1,2,,,
trent reznor,2,2,2,,,
trevor martin,2,2,1,,,
trevor moore,2,1,2,,,
trevor nunn,2,2,1,,,
trials and tribulations,2,2,1,,,
"tribe dialogue ""he's f**ked!"" incredulous",2,1,2,,,
tried to be funny and failed,2,2,2,,,
tried too hard,2,1,2,,,
trieste,2,1,2,,,
triller religion,2,1,2,,,
trilogy:apu,2,2,1,,,
trinity,2,1,2,,,
tripe,2,2,2,,,
trite plot,2,2,2,,,
triumphant,2,2,2,,,
tropical setting,2,1,2,,,
troy duffy,2,2,2,,,
troy library,2,2,1,,,
truckers,2,2,2,,,
true,2,2,2,,,
true love story,2,2,2,,,
truly dazzling,2,1,2,,,
trying to hard,2,2,2,,,
tuesday,2,2,1,,,
tulip,2,1,2,,,
tung-shing yee,2,2,1,,,
tunnel escape,2,2,2,,,
tupac shakur,2,1,2,,,
turd,2,2,2,,,
twins separated at birth,2,1,2,,,
twist after twist,2,1,2,,,
twist creates plot holes,2,1,2,,,
twist on classic story,2,1,2,,,
twitching eye,2,2,1,,,
two great actors on screen for two hours!,2,2,2,,,
two strip technicolor,2,1,2,,,
typical hollywood crap,2,2,1,,,
typical horror,2,1,2,,,
typography is important to cinematography,2,2,1,,,
tyrannosaurus rex,2,1,2,,,
tyres,2,1,2,,,
tã©a leoni does not star in this movie,2,2,1,,,
u.s. navy submarine,2,1,2,,,
u.s.s. enterprise (cvn-65),2,2,1,,,
u.s.s. kearsarge (cv-33),2,2,1,,,
ub recommended,2,2,1,,,
udayan prasad,2,2,1,,,
uk culture,2,1,2,,,
ulrich mã¼he,2,1,2,,,
una merkel,2,2,1,,,
unbalanced,2,2,2,,,
uncanny,2,2,2,,,
uncanny valley,2,2,2,,,
unchained melody,2,1,2,,,
unclear ending,2,2,2,,,
unclear plot,2,2,2,,,
uncomprehensible,2,2,2,,,
unconventional western,2,2,2,,,
unconventional zombies,2,1,2,,,
under the bridge,2,1,2,,,
under the north star trilogy,2,2,1,,,
underdeveloped female character,2,1,2,,,
underdeveloped male lead,2,1,2,,,
underestimate the audience,2,1,2,,,
underexposed,2,1,2,,,
undersea kingdom,2,2,1,,,
underwhelming acting,2,1,2,,,
undeveloped female characters,2,1,2,,,
unemotional,2,2,1,,,
uneven quality,2,1,2,,,
unfair ending,2,2,2,,,
unfilmable original work,2,1,2,,,
unfinished universe,2,1,2,,,
uninspiring,2,2,2,,,
unintentially funny,2,1,2,,,
unique and purposeful,2,1,2,,,
universal 3-d,2,1,2,,,
unlikely friendship,2,1,2,,,
unmemorable actresses,2,1,2,,,
unnatached to characters,2,1,2,,,
unnecessary fight scenes,2,1,2,,,
unpredictable plot,2,2,1,,,
unprotected sex,2,2,2,,,
unreal feelengs,2,1,2,,,
unrealistic character motivation,2,1,2,,,
unrealistic physics,2,2,1,,,
unrealistic time lapse,2,1,2,,,
unreasonable,2,2,1,,,
unrelentingly bleak,2,1,2,,,
unremarkable,2,2,2,,,
unresolved ending,2,2,2,,,
unresolved feeling,2,1,2,,,
unscary,2,1,2,,,
unscripted parts,2,2,2,,,
unseen narrator,2,2,1,,,
unstupid,2,2,1,,,
unsubtle,2,2,1,,,
untrue to book,2,2,2,,,
untrustworthy female,2,1,2,,,
upbringing,2,1,2,,,
updated noir,2,1,2,,,
urban fantasy,2,2,1,,,
urban legends,2,1,2,,,
urination,2,2,2,,,
urine drinking,2,2,2,,,
ursula andress,2,2,2,,,
us,2,1,2,,,
us centric,2,1,2,,,
us vp,2,2,1,,,
usa - land of opportunities,2,2,1,,,
usa being the good one,2,1,2,,,
utilitarianism,2,1,2,,,
vadim jean,2,2,1,,,
vadim perelman,2,1,2,,,
vahtang kikabidze,2,1,2,,,
valencia,2,2,1,,,
valentine's day,2,1,2,,,
valeri zolotukhin,2,1,2,,,
valerie faris,2,2,1,,,
valerie lemercier,2,2,1,,,
vampires shine!!,2,1,2,,,
vancouver bc,2,1,2,,,
vandalism,2,2,2,,,
vanessa hudgens,2,1,2,,,
variety of camera techniques,2,2,1,,,
vaudville,2,2,2,,,
vault,2,2,2,,,
vector graphic,2,1,2,,,
veerle baetens,2,1,2,,,
vehicle:motorized monocycle,2,1,2,,,
vehicles,2,2,2,,,
veiko õunpuu,2,2,1,,,
veil,2,1,2,,,
venetian story of true love,2,1,2,,,
venezuela,2,1,2,,,
vera chytilová,2,2,1,,,
vera miles,2,1,2,,,
vera-ellen,2,2,2,,,
vergiss mein nicht (german title),2,1,2,,,
verisimilitude,2,1,2,,,
vermont,2,2,2,,,
verona,2,1,2,,,
veronica cartwright,2,1,2,,,
veronica roth,2,2,1,,,
vertigo,2,2,2,,,
very boring parts,2,2,2,,,
very cool.,2,1,2,,,
very emotional true story. very eye opening.,2,2,2,,,
very good but the first was better,2,1,2,,,
very good!,2,2,2,,,
very hard movie,2,1,2,,,
very moving. the extent to which it was scripted (especially the principle's lines) bothered me some,2,1,2,,,
very predictable,2,1,2,,,
very quotable,2,1,2,,,
very scary,2,1,2,,,
very unrealistic,2,2,2,,,
veteran,2,2,2,,,
vibrant colors,2,1,2,,,
victor mclaglen,2,1,2,,,
victor nunez,2,2,1,,,
victor sjöström,2,2,2,,,
videodrome did it better,2,1,2,,,
viegla jauka filmiã…â†a,2,2,1,,,
view on society,2,1,2,,,
viking's mythology,2,1,2,,,
villain has no motive,2,2,1,,,
villain played by lead actor,2,1,2,,,
villain with southern accent,2,1,2,,,
villain:jaws,2,2,1,,,
villain:penguin,2,2,1,,,
villain:the joker,2,2,1,,,
vince papale,2,1,2,,,
vincent kok,2,2,1,,,
vincent paronnaud,2,2,1,,,
vincent patar,2,2,1,,,
vindictive,2,2,2,,,
vinessa shaw,2,2,2,,,
vinyeard,2,1,2,,,
violante placido,2,1,2,,,
violence against women,2,2,2,,,
violence.,2,2,2,,,
virgin,2,2,2,,,
virgin sacrifice,2,2,2,,,
virtuous,2,1,2,,,
vista vision,2,2,2,,,
visual appealing,2,2,2,,,
visually interesting,2,2,2,,,
viterbi algorithm,2,1,2,,,
vittorio taviani,2,2,1,,,
vivid characters,2,2,1,,,
vladimir bortko,2,1,2,,,
vladimir menshov,2,2,2,,,
vogue-ing,2,1,2,,,
voice over,2,1,2,,,
volker schlã¶ndorff,2,2,1,,,
volleyball,2,2,1,,,
von trier,2,2,2,,,
vonnegut,2,2,2,,,
vulgar jokes,2,2,2,,,
vulnerability,2,2,2,,,
w.a.s.p.,2,2,2,,,
w.c. fields,2,2,2,,,
waiter,2,2,1,,,
walden,2,1,2,,,
walked out during screening,2,2,1,,,
wallace worsley,2,2,1,,,
wallows in violence,2,1,2,,,
walpurgis night,2,2,1,,,
walter brennan,2,2,2,,,
walter matheau,2,1,2,,,
walter mattau,2,1,2,,,
wanna-be gangters,2,2,2,,,
wanted to smack those kids,2,1,2,,,
wanting to be a writer,2,1,2,,,
war journalism,2,2,2,,,
war on drugs,2,2,2,,,
war tactics,2,1,2,,,
war ugliness,2,1,2,,,
warlord,2,2,2,,,
warmonger,2,2,2,,,
warmongering,2,2,2,,,
warnervision,2,2,1,,,
warning:homophobia,2,1,2,,,
warren william,2,2,2,,,
wash westmoreland,2,2,1,,,
wasted life,2,1,2,,,
wasted premise potential,2,1,2,,,
watch again before hating,2,2,2,,,
watch with dad,2,1,2,,,
watched 1998,2,1,2,,,
watched 2000,2,2,1,,,
watched under duress,2,2,1,,,
waugh,2,2,1,,,
wax museum,2,2,1,,,
way of life,2,2,2,,,
way over the top,2,2,2,,,
way overrated,2,2,2,,,
wayne kramer,2,2,1,,,
we don't need no stinkin badges,2,1,2,,,
weak female lead,2,2,1,,,
weak plot twist,2,2,2,,,
weak remake of series,2,1,2,,,
weak scenes,2,1,2,,,
weak script,2,2,1,,,
weak secondary characterss,2,1,2,,,
weakest in the series,2,1,2,,,
wedding reception,2,1,2,,,
wee man,2,1,2,,,
weepy,2,1,2,,,
wei lo,2,2,1,,,
weird japan,2,2,1,,,
weird love,2,1,2,,,
weirdos are okay,2,2,2,,,
well choreographed,2,1,2,,,
well done with new cast,2,1,2,,,
well transformed from manga to live action,2,2,2,,,
"well worth watching this amazing ""horse whisperer""",2,1,2,,,
well-acted and thought-provoking,2,1,2,,,
well-acted.,2,1,2,,,
well-constructed,2,1,2,,,
well-written,2,2,2,,,
welles,2,2,1,,,
wendy crewson,2,1,2,,,
wendy hiller,2,2,1,,,
whacky,2,1,2,,,
whales!,2,1,2,,,
what avp should have been,2,1,2,,,
what happens to batman when he loses the wayne fortune,2,1,2,,,
what is with robert's bangs in this movie?! grr,2,1,2,,,
what's the point?,2,2,2,,,
what's with the american accents???,2,1,2,,,
wheel chair,2,1,2,,,
when the going gets tough!,2,1,2,,,
whiney,2,1,2,,,
whiny kid,2,1,2,,,
whistle,2,2,2,,,
whit stillman meets diner,2,2,1,,,
white film theory and criticism,2,1,2,,,
whitney houston,2,2,2,,,
who,2,1,2,,,
who is your daddy and what does he do?,2,1,2,,,
who wants to be a millionaire?,2,1,2,,,
whorephobia,2,2,1,,,
wierd story,2,2,2,,,
wife swapping,2,2,2,,,
wilhelm,2,1,2,,,
will gluck,2,2,2,,,
will not like,2,2,1,,,
will patton,2,2,2,,,
will poulter,2,2,2,,,
willa holland,2,1,2,,,
willem defoe,2,2,2,,,
willi tomczyk,2,1,2,,,
william burroughs,2,1,2,,,
william dear,2,2,1,,,
william forsythe,2,2,2,,,
william lustig,2,2,2,,,
william ragsdale,2,1,2,,,
william shakespeare,2,2,2,,,
william witney,2,2,1,,,
willie garson,2,1,2,,,
wisecracking characters,2,2,1,,,
wissenschaftler,2,2,1,,,
witness,2,2,2,,,
witold leszczynski,2,2,1,,,
wizard,2,2,2,,,
wizard of oz,2,2,2,,,
wladyslaw pasikowski,2,2,2,,,
wojciech has,2,2,1,,,
wojciech smarzowski,2,1,2,,,
wolfgang amadeus mozart,2,1,2,,,
wolfgang becker,2,1,2,,,
wolverine cameo,2,1,2,,,
wolves are evil,2,1,2,,,
woman,2,2,2,,,
womanhood,2,2,2,,,
women as sexual objects,2,2,1,,,
women in sport,2,2,2,,,
women portrayed as slutty and stupid,2,1,2,,,
women's institute,2,1,2,,,
womens cunning,2,2,1,,,
wonder,2,1,2,,,
wonderful asian film that shows why we shouldn't hide who we really are,2,1,2,,,
wonderful child,2,1,2,,,
wonderfully convoluted story,2,1,2,,,
wonderland,2,1,2,,,
wong jing,2,2,1,,,
woodworking,2,2,1,,,
word game,2,2,2,,,
words cannot explain how horrid this is,2,1,2,,,
world war iii,2,2,2,,,
worn-out,2,2,1,,,
worse than predecessors,2,1,2,,,
worst acting,2,1,2,,,
would see again,2,2,2,,,
wow sophie your hair looks just like starlight.,2,1,2,,,
wretched,2,2,2,,,
writer's process,2,2,1,,,
writer:david mamet,2,2,1,,,
writers block,2,2,2,,,
ww ii,2,2,2,,,
wwi. pacificsm,2,1,2,,,
wyatt earp,2,2,2,,,
x,2,2,2,,,
x wing,2,2,2,,,
x-files,2,1,2,,,
x-mas movie,2,2,2,,,
xenomorph,2,2,2,,,
xerxes,2,1,2,,,
yacht,2,2,2,,,
yale,2,2,2,,,
yanks vs. brits,2,2,1,,,
yann arthus-bertrand,2,1,2,,,
yann demange,2,2,1,,,
yaron zilberman,2,2,1,,,
yellow,2,2,2,,,
yemen,2,1,2,,,
yesim ustaoglu,2,2,1,,,
yilmaz güney,2,2,1,,,
yoga,2,2,2,,,
yokai,2,2,1,,,
yoshifumi kondo,2,1,2,,,
you know what they call a quarter pounder with cheese in france?,2,1,2,,,
you will love it.,2,2,2,,,
youkai,2,2,1,,,
young adult,2,2,2,,,
young fresh fellows,2,1,2,,,
young intellectuals,2,1,2,,,
young people,2,2,1,,,
younger gandalf,2,2,1,,,
younger men,2,1,2,,,
yuen chor,2,2,1,,,
yun-fat chow,2,2,2,,,
yuri mamin,2,2,1,,,
yvan attal,2,1,2,,,
yves montand,2,1,2,,,
yves simoneau,2,2,1,,,
yôjirô takita,2,2,1,,,
zach cregger,2,1,2,,,
zdravko sotra,2,2,1,,,
ziad doueiri,2,2,1,,,
zilla,2,2,1,,,
zither,2,1,2,,,
zorro,2,1,2,,,
ömer faruk sorak,2,2,1,,,
based on  a book,1,1,1,107,1.0,0.8247500000000001
!950's superman tv show,1,1,1,,,
!david o. russell,1,1,1,,,
!george clooney,1,1,1,,,
!george lucas,1,1,1,,,
"""a mã£o-de-deus""",1,1,1,,,
"""american"" french",1,1,1,,,
"""bad cia""-- too simplistic",1,1,1,,,
"""based on true events""",1,1,1,,,
"""eccentric genius""",1,1,1,,,
"""ghost for adults""",1,1,1,,,
"""hero"" is murderer",1,1,1,,,
"""i need a computer.""",1,1,1,,,
"""inspired"" by a book",1,1,1,,,
"""jack black""",1,1,1,,,
"""jackie chan"" ""chris tucker""",1,1,1,,,
"""jessica biel is hot like hell""",1,1,1,,,
"""magic negro"" stereotype",1,1,1,,,
"""may""-weirdness -- not as good",1,1,1,,,
"""meet me in montauk""",1,1,1,,,
"""middlebrow"" attempt at ""intelligent"" ending",1,1,1,,,
"""no high heels on the hardwood floors!""",1,1,1,,,
"""nobody with a good car needs to be justified.""",1,1,1,,,
"""oh yah""",1,1,1,,,
"""peace",1,1,1,,,
"""piggy""",1,1,1,,,
"""rosebud""",1,1,1,,,
"""singing by non-singers"" in the nyer 24/31 dec 2012",1,1,1,,,
"""skill is money""",1,1,1,,,
"""tonite",1,1,1,,,
"""we're on a mission from god""",1,1,1,,,
#lifelessons,1,1,1,,,
#scifi,1,1,1,,,
'70s pacino,1,1,1,,,
'alison lohman stole the whole damn film',1,1,1,,,
'and just what do you think you're doing mr. smeee?',1,1,1,,,
'and so the bear and little deiter went off into the mountains & lived like homosexual bears',1,1,1,,,
'and when the germans came over the ridge they suddenly went blind!',1,1,1,,,
'carrie i don't wanna rain on your parade but that's not fruit punch',1,1,1,,,
'cate dylan hmmm...',1,1,1,,,
'dick',1,1,1,,,
'didn't this already happen to bernie?',1,1,1,,,
'don't look into berry's headlights she'll turn you into wood',1,1,1,,,
'don't watch 'criminal' totally butchered',1,1,1,,,
'double fudge bus',1,1,1,,,
'erasing' effect,1,1,1,,,
"'h christ!""",1,1,1,,,
'heads or tails...call it',1,1,1,,,
'hey dan do you mind having rabbit stew for a pick-me-up?',1,1,1,,,
'i can't get that theme song out of my head',1,1,1,,,
'i don't care if you have cholera it's still heads or tails...call it',1,1,1,,,
'i guess repression does have it's moments after all',1,1,1,,,
'i had no idea that you were a f****** vampire!',1,1,1,,,
'i have never had any foreign relations with that woman hillary lewinsky',1,1,1,,,
'i want to meke romance explosion on her stomatch!',1,1,1,,,
'i'll give you 10 seconds head start...10!',1,1,1,,,
'in your face' violence,1,1,1,,,
'is that what he called it?',1,1,1,,,
'is that what she calls it?',1,1,1,,,
'isreal' plot,1,1,1,,,
'it should have been kept a secret',1,1,1,,,
'it's just hostel 3 with better actors',1,1,1,,,
'it's not where your dreams take you but who you take in your dreams' hahaha!,1,1,1,,,
'know why i like butchering pigs? it's like killing cops but without the jail time',1,1,1,,,
'lemme get this straight. you have no idea who you are but you wanna be famous?',1,1,1,,,
'now if only dubya could wash me whites,1,1,1,,,
'oh edward!  a mr. todd would like you to cut his hair',1,1,1,,,
'oh spock! oh jim! oh bones!' wtf!? et tu herr doktor? heil!,1,1,1,,,
'oh the whore-ror!',1,1,1,,,
'on a steel horse i ride i'm wanted (waaaanteeddd) dead or alive',1,1,1,,,
'priceline negotiator!',1,1,1,,,
'saving silverman part deux',1,1,1,,,
'show me the money! i can't hear you haji scream louder!',1,1,1,,,
'so how did lois survive date nite?',1,1,1,,,
'stfu!',1,1,1,,,
'stop banging the doorbell i'm landscaping my kitchen sink!',1,1,1,,,
'stop wanking,1,1,1,,,
'take this sinking boat & point it home you hoover fixer sucker guuuyyy!',1,1,1,,,
'that's all an inmate wants...simple pleasures',1,1,1,,,
'that's where you enter from behind after a running jump',1,1,1,,,
'the ninja assault gets a 3peat',1,1,1,,,
'the other movie did it's job...this must be the wrong movie',1,1,1,,,
'the what?!',1,1,1,,,
'there's a lotta these at used book stores...hmmm i wonder why it sucks that bad',1,1,1,,,
'there's shit in the meat!',1,1,1,,,
'this is my gun. i love to touch my gun. touch my gun.',1,1,1,,,
'what i really wanna know is...does alba get sooper nekkid?',1,1,1,,,
'why is everyone running around with puppets up their a**?!',1,1,1,,,
'why is my arm wet? oh it's just a crushed baby',1,1,1,,,
'why yes i would so love to sketch nudes in costco!',1,1,1,,,
'wow mrs. robinson your porridge is just right!',1,1,1,,,
'yeah the test audience thought that was a better title...more upbeat',1,1,1,,,
'you know what they say about short men with little toes',1,1,1,,,
(mostly) for kids,1,1,1,,,
(too) slow-paced,1,1,1,,,
*reps*,1,1,1,,,
+++++++++++++++,1,1,1,,,
.,1,1,1,,,
...'livin' in an amish paradise',1,1,1,,,
...and this film has got nothing to with the action flick starring rutger hauer,1,1,1,,,
...that it's finally over,1,1,1,,,
...to pay me to watch this again.,1,1,1,,,
0 stars,1,1,1,,,
007 movies are bad.,1,1,1,,,
01.02.05,1,1,1,,,
01.03.06,1,1,1,,,
01.04.06,1,1,1,,,
01.10.05,1,1,1,,,
01/13,1,1,1,,,
02.04.06,1,1,1,,,
02/13,1,1,1,,,
04.03.06,1,1,1,,,
04.04.06,1,1,1,,,
05.02.06,1,1,1,,,
05.03.06,1,1,1,,,
05.04.06,1,1,1,,,
06.04.06,1,1,1,,,
07.02.06,1,1,1,,,
07.04.06,1,1,1,,,
07.05.06,1,1,1,,,
08.02.06,1,1,1,,,
08.05.06,1,1,1,,,
08/12,1,1,1,,,
09.01.06,1,1,1,,,
09.02.06,1,1,1,,,
09.03.06,1,1,1,,,
09.05.06,1,1,1,,,
1 v 1 with some other spy,1,1,1,,,
1-4-2007,1,1,1,,,
10,1,1,1,,,
10-2-2008,1,1,1,,,
10.01.06,1,1,1,,,
10.02.06,1,1,1,,,
10.06.06,1,1,1,,,
10/12,1,1,1,,,
100 dead horses,1,1,1,,,
100% predictable,1,1,1,,,
1000 mile adventure,1,1,1,,,
1000th rating,1,1,1,,,
11 oscars,1,1,1,,,
11-2-2008,1,1,1,,,
11.01.06,1,1,1,,,
12-5-2007,1,1,1,,,
12.01.06,1,1,1,,,
12.03.06,1,1,1,,,
12.06.06,1,1,1,,,
12.28.08,1,1,1,,,
12/13,1,1,1,,,
1223,1,1,1,,,
123,1,1,1,,,
13,1,1,1,,,
13.01.06,1,1,1,,,
13/13,1,1,1,,,
14-10-2007,1,1,1,,,
14-12-2006,1,1,1,,,
14-2-2007,1,1,1,,,
14.01.06,1,1,1,,,
14.06.06,1,1,1,,,
14.07.06,1,1,1,,,
15.01.06,1,1,1,,,
15555555555,1,1,1,,,
16 nic cages,1,1,1,,,
16-year-old,1,1,1,,,
1600s,1,1,1,,,
17-1-2008,1,1,1,,,
18 wheeler,1,1,1,,,
18-11-2006,1,1,1,,,
18.01.06,1,1,1,,,
18.03.06,1,1,1,,,
1800's,1,1,1,,,
1840s,1,1,1,,,
1863,1,1,1,,,
1870s,1,1,1,,,
1877,1,1,1,,,
1880s,1,1,1,,,
19.01.06,1,1,1,,,
19.02.06,1,1,1,,,
1905 revolution,1,1,1,,,
1918,1,1,1,,,
1920,1,1,1,,,
1939,1,1,1,,,
1940's feel,1,1,1,,,
1947,1,1,1,,,
1950's production,1,1,1,,,
1951 academy award for special effects,1,1,1,,,
1955,1,1,1,,,
1959,1,1,1,,,
1960's,1,1,1,,,
1979,1,1,1,,,
1981,1,1,1,,,
1985,1,1,1,,,
1987,1,1,1,,,
1999 seattle protest,1,1,1,,,
2 or 3 hilarious parts - but too boring to see again,1,1,1,,,
2-2-2008,1,1,1,,,
2-2-208,1,1,1,,,
2-dimensional,1,1,1,,,
20's,1,1,1,,,
20.01.06,1,1,1,,,
20.03.06,1,1,1,,,
20.08.05,1,1,1,,,
2001 inverted,1,1,1,,,
2006,1,1,1,,,
2006 reissue in stereoscopic 3-d,1,1,1,,,
20060407,1,1,1,,,
2010,1,1,1,,,
2020s,1,1,1,,,
2030s,1,1,1,,,
2080s,1,1,1,,,
2090s,1,1,1,,,
20th century history,1,1,1,,,
21.02.06,1,1,1,,,
21.03.06,1,1,1,,,
21.08.05,1,1,1,,,
21st century,1,1,1,,,
22-7-2007,1,1,1,,,
22.01.06,1,1,1,,,
220 foot free-fall,1,1,1,,,
23-12-2007,1,1,1,,,
23-5-2007,1,1,1,,,
23.03.06,1,1,1,,,
2323232,1,1,1,,,
25,1,1,1,,,
25-02-2007,1,1,1,,,
25.02.06,1,1,1,,,
26.01.06,1,1,1,,,
26.02.06,1,1,1,,,
26.03.06,1,1,1,,,
27-01-2007,1,1,1,,,
28 days later rip-off,1,1,1,,,
28.06.06,1,1,1,,,
28.12.05,1,1,1,,,
29--9-2007,1,1,1,,,
29-11-2006,1,1,1,,,
29.03.06,1,1,1,,,
2cv,1,1,1,,,
2nd worst gilliam,1,1,1,,,
2rate,1,1,1,,,
2âº best batmam movie,1,1,1,,,
3 tissues,1,1,1,,,
3-12-2006,1,1,1,,,
3-depix,1,1,1,,,
3-hours of sex and drugs,1,1,1,,,
30 rock,1,1,1,,,
30% truth 70% story,1,1,1,,,
30.03.06,1,1,1,,,
300,1,1,1,,,
31-3-2007,1,1,1,,,
31.03.06,1,1,1,,,
35mm,1,1,1,,,
360 degree panning,1,1,1,,,
39 shots,1,1,1,,,
3d in your face,1,1,1,,,
3rd story not as good as the first two,1,1,1,,,
4 alternate versions,1,1,1,,,
4 or 4.5?,1,1,1,,,
4.5-filmafinity,1,1,1,,,
40's,1,1,1,,,
48 fps,1,1,1,,,
4:3,1,1,1,,,
4d,1,1,1,,,
4th wall,1,1,1,,,
5 han solos,1,1,1,,,
"5,2-filmafinity",1,1,1,,,
"5,4-filmaffinity",1,1,1,,,
"5,6-filmafinity",1,1,1,,,
5-7-2008,1,1,1,,,
5-filmaffinity,1,1,1,,,
5.1-filmaffinity,1,1,1,,,
5.3-filmaffinity,1,1,1,,,
5.8-filmaffinity,1,1,1,,,
50 shades of gray,1,1,1,,,
50's & 60's music,1,1,1,,,
50000 on double dragon,1,1,1,,,
50s-60s popcorn movie,1,1,1,,,
55 filmaffinity,1,1,1,,,
5th century,1,1,1,,,
6 souls,1,1,1,,,
"6,2-filmaffinity",1,1,1,,,
"6,5-filmaffinity",1,1,1,,,
6-10-2007,1,1,1,,,
6-4-2007,1,1,1,,,
6565858tfkjfk,1,1,1,,,
65mm,1,1,1,,,
6ir6,1,1,1,,,
7,1,1,1,,,
7 up,1,1,1,,,
7-10-2007,1,1,1,,,
7-2007,1,1,1,,,
7-4-2007,1,1,1,,,
7.8-filmaffinity,1,1,1,,,
70's style ending,1,1,1,,,
8.2-filmaffinity,1,1,1,,,
8.3-filmaffinity,1,1,1,,,
8.4-filmaffinity,1,1,1,,,
8.7-filmaffinity,1,1,1,,,
80's animation,1,1,1,,,
80's fashion,1,1,1,,,
80's goth cult movie,1,1,1,,,
80's humor,1,1,1,,,
80's soundtrack,1,1,1,,,
80s sci-fi,1,1,1,,,
85,1,1,1,,,
89,1,1,1,,,
9-2-2007,1,1,1,,,
9-2007,1,1,1,,,
9/11 fixation,1,1,1,,,
90 minute story stretched to ~180,1,1,1,,,
90210 on acid,1,1,1,,,
90s atmosphere,1,1,1,,,
90s horror,1,1,1,,,
911,1,1,1,,,
9ine queens was a better title...& film,1,1,1,,,
:-),1,1,1,,,
; bigoted,1,1,1,,,
===========,1,1,1,,,
============,1,1,1,,,
=============,1,1,1,,,
==============,1,1,1,,,
=================,1,1,1,,,
===========================,1,1,1,,,
==============================,1,1,1,,,
>1000 translations,1,1,1,,,
?,1,1,1,,,
????????????????????,1,1,1,,,
?adapted from:comic,1,1,1,,,
?android/cyborgs,1,1,1,,,
?author:homer,1,1,1,,,
?author:len wein,1,1,1,,,
?author:rudyard kipling,1,1,1,,,
?author:stephen king,1,1,1,,,
?biographical,1,1,1,,,
?social commentary,1,1,1,,,
[bug?] cã¥n this tag be ratä?d or trasä§ed?,1,1,1,,,
[bugâ?½] taä£s contaã¯ning aä?ã§ented characè?erå¡give ml indigestion.  will this ever be fixedâ¿,1,1,1,,,
[bugâ¿] do you think that ml cares about the bugs related to accã©nted characters?,1,1,1,,,
[bugâ¿] if it is truã© that impossible to delete tags â??those with accents for example â?? break multã®ple parts of the tagging syå?tem then ml should fix that bug,1,1,1,,,
[bugâ¿] ä°s it true that tags that canã±ot be deleted make it impossible to view other tã£gs?,1,1,1,,,
[ita] no limits,1,1,1,,,
\,1,1,1,,,
a,1,1,1,,,
a bad copy of departed which was a re-hash of infernal affairs,1,1,1,,,
a bit boring - i've seen better documentaries,1,1,1,,,
a bit confusing,1,1,1,,,
a bit far-fetched,1,1,1,,,
a bit old,1,1,1,,,
a bit overdone but worth a viewing,1,1,1,,,
a bit overwhelming,1,1,1,,,
a bit rushed ending,1,1,1,,,
a bit slow,1,1,1,,,
a chick flick,1,1,1,,,
a clever chef rat,1,1,1,,,
a coming of age story with good characters,1,1,1,,,
a complete waste of time!,1,1,1,,,
a deadhead with a parrot fetish,1,1,1,,,
a detective story,1,1,1,,,
a failure,1,1,1,,,
a feel good movie. a bit religious too i would think,1,1,1,,,
a few great sequences.,1,1,1,,,
a freakin' masterpiece,1,1,1,,,
a fresh and original vew of the western genre,1,1,1,,,
a good comedy,1,1,1,,,
a good film could have been made with the same budget,1,1,1,,,
a great adaptation of the stephen king book,1,1,1,,,
a great homage to great teachers who educate through living what they think and feel.,1,1,1,,,
a hole,1,1,1,,,
a keen eye for crime and an instinct as a soon-to-be mother to stay one step ahead of all the brainless midwesterners around her.,1,1,1,,,
a legend,1,1,1,,,
a lista de schindler,1,1,1,,,
a little cheesy,1,1,1,,,
a little dated,1,1,1,,,
a little moralistic,1,1,1,,,
a little overrated,1,1,1,,,
a little soft,1,1,1,,,
a little to american,1,1,1,,,
a little too cutsie for its own good,1,1,1,,,
a little too long,1,1,1,,,
a long trip through the seas,1,1,1,,,
a lot of back of head shots,1,1,1,,,
a lot of laughs,1,1,1,,,
a man's flick,1,1,1,,,
a married couples excuse to shag on film,1,1,1,,,
a mess - but a kinda cool mess,1,1,1,,,
a movie about death,1,1,1,,,
a movie about something,1,1,1,,,
a nicy romantic comedy,1,1,1,,,
a picturesque english horror story. in good taste.,1,1,1,,,
a presidential look-alike takes over as commander in chief and uses his time in office to work for ordinary people.,1,1,1,,,
a presidential look-alike takes over as commander in chief and uses his time in office to work for the little people.,1,1,1,,,
a prospos fille: dramaet var ret gribende. eksperimentet var ret interessant. og mange af de ã¦stetiske fragmenter var meget smukke,1,1,1,,,
a rat in the kitcheeeeen!,1,1,1,,,
a reasonable remake,1,1,1,,,
a slight film,1,1,1,,,
a solid three-star film. well done everyone!,1,1,1,,,
a subtitle watch,1,1,1,,,
a thoroughly implausible contrivance,1,1,1,,,
a topiary,1,1,1,,,
a touch of communist propaganda,1,1,1,,,
a very special episode of blossom,1,1,1,,,
a very touching,1,1,1,,,
a very touching movie,1,1,1,,,
a very touching movie. great role played by mel gibson as william wallace,1,1,1,,,
a visual poem,1,1,1,,,
a welcome surprise,1,1,1,,,
a young olaf palme,1,1,1,,,
a última tentação de cristo,1,1,1,,,
a-10s,1,1,1,,,
a. edward sutherland,1,1,1,,,
a.i,1,1,1,,,
a.j. cook,1,1,1,,,
"a.k.a. ""finger man""",1,1,1,,,
a/k/a the weekend wedding,1,1,1,,,
a1 formulaic crap,1,1,1,,,
aaron lubarsky,1,1,1,,,
aaron moorhead,1,1,1,,,
aaron newman,1,1,1,,,
aaron norris,1,1,1,,,
aaron schneider,1,1,1,,,
aaron seltzer,1,1,1,,,
aaron speiser,1,1,1,,,
aaron swartz,1,1,1,,,
aaron tveit,1,1,1,,,
aaron wolff,1,1,1,,,
aaron woolf,1,1,1,,,
aaron yoo,1,1,1,,,
aarón fernández lesur,1,1,1,,,
aba,1,1,1,,,
abai karpykov,1,1,1,,,
abalam,1,1,1,,,
abby berlin,1,1,1,,,
abby epstein,1,1,1,,,
abcence of physics,1,1,1,,,
abdel kechiche,1,1,1,,,
abdul malik abbott,1,1,1,,,
abdullah oguz,1,1,1,,,
abel korzeniowski,1,1,1,,,
abhishek jain,1,1,1,,,
abhorrent,1,1,1,,,
abigail breslin is fantastic!,1,1,1,,,
ableism,1,1,1,,,
ableist,1,1,1,,,
abnormal plot,1,1,1,,,
abolition,1,1,1,,,
abomination,1,1,1,,,
about 2 hours too long,1,1,1,,,
about coincidentia oppositorum,1,1,1,,,
about the wrongly accused--not really about witches,1,1,1,,,
abraham polonsky,1,1,1,,,
absolutely retarded,1,1,1,,,
absoluty nothing,1,1,1,,,
absourd,1,1,1,,,
abstinance,1,1,1,,,
abstract ending,1,1,1,,,
absurd dialogue,1,1,1,,,
absurd humor,1,1,1,,,
absurdity of war,1,1,1,,,
abuse of closeups,1,1,1,,,
academy award (best supporting actress),1,1,1,,,
academy award - best animated feature,1,1,1,,,
academy award - best original screenplay,1,1,1,,,
academy award nominee (10),1,1,1,,,
academy award winning,1,1,1,,,
academy award: best actress,1,1,1,,,
accidental killing,1,1,1,,,
accountability,1,1,1,,,
accuracte portrayal,1,1,1,,,
accuracy,1,1,1,,,
achievment,1,1,1,,,
achronological,1,1,1,,,
achtung baby,1,1,1,,,
acid,1,1,1,,,
acid humor,1,1,1,,,
acid movie,1,1,1,,,
acid movie that sucks,1,1,1,,,
acorn,1,1,1,,,
acrophobia,1,1,1,,,
across country,1,1,1,,,
act from,1,1,1,,,
acting was meh,1,1,1,,,
acting:rosamund pike is fab!,1,1,1,,,
actio,1,1,1,,,
action adventure,1,1,1,,,
action classic,1,1,1,,,
action fantasy,1,1,1,,,
action figure,1,1,1,,,
action figures,1,1,1,,,
action homage,1,1,1,,,
action sports,1,1,1,,,
action-filled,1,1,1,,,
actionpacked,1,1,1,,,
actor playing self,1,1,1,,,
actor's  and amateurism,1,1,1,,,
actors from the wire,1,1,1,,,
actress too old,1,1,1,,,
actually quite good,1,1,1,,,
actually the ending was obvius,1,1,1,,,
ad&d,1,1,1,,,
adam bhala lough,1,1,1,,,
adam brooks,1,1,1,,,
adam copeland,1,1,1,,,
adam del deo,1,1,1,,,
adam garcia,1,1,1,,,
adam gierasch,1,1,1,,,
adam grossman,1,1,1,,,
adam kassen,1,1,1,,,
adam miklos,1,1,1,,,
adam pawlikowski,1,1,1,,,
adam resnick,1,1,1,,,
adam rifkin,1,1,1,,,
adam rothenberg,1,1,1,,,
adam ryen,1,1,1,,,
adam samberg,1,1,1,,,
adam sandler being the same retarded character he always is.,1,1,1,,,
adam sandler's best,1,1,1,,,
adam storke,1,1,1,,,
adam thomas anderegg,1,1,1,,,
adam yauch,1,1,1,,,
adapation,1,1,1,,,
adaptation in name only,1,1,1,,,
adapted by:andrew davies,1,1,1,,,
adapted for television,1,1,1,,,
adapted from a tv series,1,1,1,,,
adapted from story -- not the same story,1,1,1,,,
adapted from the books by louisa may alcott,1,1,1,,,
adapted from the play,1,1,1,,,
adapted from tv series,1,1,1,,,
adapted from/inspired by:short film,1,1,1,,,
adapted from: play,1,1,1,,,
adapted from:book & play,1,1,1,,,
adapted from:magazine article,1,1,1,,,
adapted from:opera,1,1,1,,,
adapted from:radio show,1,1,1,,,
adapted from:stage play,1,1,1,,,
adapted from:theme park ride,1,1,1,,,
adapted from:toy,1,1,1,,,
adapted from:videogame,1,1,1,,,
add...d actors,1,1,1,,,
add...hyperrealistic,1,1,1,,,
added value in terms of security?,1,1,1,,,
ade geia,1,1,1,,,
adequate,1,1,1,,,
adios turd nuggets,1,1,1,,,
admissions officer,1,1,1,,,
adolescent,1,1,1,,,
adolescent fantasy,1,1,1,,,
adolescent philosophy,1,1,1,,,
adopted,1,1,1,,,
adopted daughter,1,1,1,,,
adopted from:book,1,1,1,,,
adrian alonso,1,1,1,,,
adrian grunberg,1,1,1,,,
adrian shergold,1,1,1,,,
adrian suar,1,1,1,,,
adriana barbaro,1,1,1,,,
adrien brody's nose,1,1,1,,,
adrienne barbeau,1,1,1,,,
adrià garcía,1,1,1,,,
adult children,1,1,1,,,
adult diaper commercial,1,1,1,,,
adulthood,1,1,1,,,
adultry,1,1,1,,,
adults trying to be cool,1,1,1,,,
adventure at sea,1,1,1,,,
adventure fantasy,1,1,1,,,
adventure-ish,1,1,1,,,
adventurous,1,1,1,,,
adèle exarchopoulos,1,1,1,,,
aee brasil,1,1,1,,,
aeromodelling,1,1,1,,,
aesop,1,1,1,,,
aesthetically pleasing,1,1,1,,,
aestheticism,1,1,1,,,
affairs,1,1,1,,,
affecting,1,1,1,,,
affecting low key drama centered around spanish hospital,1,1,1,,,
affection for the main character,1,1,1,,,
affective disorder,1,1,1,,,
afi # 41,1,1,1,,,
afi #1,1,1,1,,,
afi #10,1,1,1,,,
afi #11,1,1,1,,,
afi #12,1,1,1,,,
afi #13,1,1,1,,,
afi #14,1,1,1,,,
afi #15,1,1,1,,,
afi #16,1,1,1,,,
afi #18,1,1,1,,,
afi #19,1,1,1,,,
afi #20,1,1,1,,,
afi #21,1,1,1,,,
afi #22,1,1,1,,,
afi #23,1,1,1,,,
afi #24,1,1,1,,,
afi #25,1,1,1,,,
afi #26,1,1,1,,,
afi #27,1,1,1,,,
afi #3,1,1,1,,,
afi #30,1,1,1,,,
afi #31,1,1,1,,,
afi #32,1,1,1,,,
afi #33,1,1,1,,,
afi #34,1,1,1,,,
afi #35,1,1,1,,,
afi #36,1,1,1,,,
afi #37,1,1,1,,,
afi #38,1,1,1,,,
afi #39,1,1,1,,,
afi #4,1,1,1,,,
afi #42,1,1,1,,,
afi #43,1,1,1,,,
afi #44,1,1,1,,,
afi #45,1,1,1,,,
afi #46,1,1,1,,,
afi #47,1,1,1,,,
afi #48,1,1,1,,,
afi #49,1,1,1,,,
afi #5,1,1,1,,,
afi #50,1,1,1,,,
afi #51,1,1,1,,,
afi #53,1,1,1,,,
afi #55,1,1,1,,,
afi #56,1,1,1,,,
afi #57,1,1,1,,,
afi #58,1,1,1,,,
afi #59,1,1,1,,,
afi #6,1,1,1,,,
afi #60,1,1,1,,,
afi #61,1,1,1,,,
afi #62,1,1,1,,,
afi #63,1,1,1,,,
afi #64,1,1,1,,,
afi #65,1,1,1,,,
afi #66,1,1,1,,,
afi #67,1,1,1,,,
afi #68,1,1,1,,,
afi #69,1,1,1,,,
afi #7,1,1,1,,,
afi #70,1,1,1,,,
afi #71,1,1,1,,,
afi #72,1,1,1,,,
afi #73,1,1,1,,,
afi #74,1,1,1,,,
afi #76,1,1,1,,,
afi #77,1,1,1,,,
afi #78,1,1,1,,,
afi #79,1,1,1,,,
afi #8,1,1,1,,,
afi #80,1,1,1,,,
afi #81,1,1,1,,,
afi #82,1,1,1,,,
afi #83,1,1,1,,,
afi #84,1,1,1,,,
afi #85,1,1,1,,,
afi #87,1,1,1,,,
afi #88,1,1,1,,,
afi #89,1,1,1,,,
afi #9,1,1,1,,,
afi #96,1,1,1,,,
afi movie of the year,1,1,1,,,
afi top 100 (#97),1,1,1,,,
afi top 100 laughs (#14),1,1,1,,,
afi top 100 passions (#51),1,1,1,,,
afonso poyart,1,1,1,,,
african american film critics association award for best supporting actress,1,1,1,,,
african safari,1,1,1,,,
african-american family,1,1,1,,,
afrika korps,1,1,1,,,
after credits ending,1,1,1,,,
afternoon you won't forget!,1,1,1,,,
agata kulesza,1,1,1,,,
agata trzebuchowska,1,1,1,,,
age,1,1,1,,,
aged woman,1,1,1,,,
agenda,1,1,1,,,
agent maria hill,1,1,1,,,
agent smith,1,1,1,,,
agent yellow,1,1,1,,,
aggression,1,1,1,,,
agincourt,1,1,1,,,
agnes jaoui,1,1,1,,,
agnes kittelsen,1,1,1,,,
agnã¨s jaoui,1,1,1,,,
ahem...,1,1,1,,,
ahmed ahmed,1,1,1,,,
ahmed el maanouni,1,1,1,,,
ahmed imamovic,1,1,1,,,
ahney her,1,1,1,,,
ahnuld,1,1,1,,,
ai weiwei,1,1,1,,,
aidan turner,1,1,1,,,
aiden gillen,1,1,1,,,
aikido,1,1,1,,,
aileen quinn,1,1,1,,,
aimee mann,1,1,1,,,
aimless scene changing,1,1,1,,,
aimlessness,1,1,1,,,
air cargo,1,1,1,,,
air pirates,1,1,1,,,
air race,1,1,1,,,
airbase,1,1,1,,,
airconditioner falls,1,1,1,,,
airline company,1,1,1,,,
airplan explosion,1,1,1,,,
airplane accident,1,1,1,,,
airplanes,1,1,1,,,
aisling walsh,1,1,1,,,
aiyana elliott,1,1,1,,,
aj langer,1,1,1,,,
aj schnack,1,1,1,,,
ajay naidu,1,1,1,,,
aki kaurismã?â¤ki,1,1,1,,,
akihiko shiota,1,1,1,,,
akihiro kitamura,1,1,1,,,
akira inoue,1,1,1,,,
akira kurosawa!!!!,1,1,1,,,
aksel hennie,1,1,1,,,
aku louhimies,1,1,1,,,
al and robert,1,1,1,,,
al franken,1,1,1,,,
alain berliner,1,1,1,,,
alain sachs,1,1,1,,,
alain tanner,1,1,1,,,
alameda,1,1,1,,,
alan berliner,1,1,1,,,
alan cohn,1,1,1,,,
alan crosland,1,1,1,,,
alan deutsch,1,1,1,,,
alan ford,1,1,1,,,
alan g. parker,1,1,1,,,
alan hale jr.,1,1,1,,,
alan j.w. bell,1,1,1,,,
alan johnson,1,1,1,,,
alan ladd,1,1,1,,,
alan mehrez,1,1,1,,,
alan menken,1,1,1,,,
alan mowbray,1,1,1,,,
alan myerson,1,1,1,,,
alan shapiro,1,1,1,,,
alan silvestri,1,1,1,,,
alan smithee film,1,1,1,,,
alan zaslove,1,1,1,,,
alanis morisette as god,1,1,1,,,
alanis morissette,1,1,1,,,
alarm,1,1,1,,,
alastair fothergill,1,1,1,,,
alaxander payne,1,1,1,,,
albania,1,1,1,,,
alber camus,1,1,1,,,
albert bassermann,1,1,1,,,
albert camus,1,1,1,,,
albert decker,1,1,1,,,
albert grimaldi,1,1,1,,,
albert hughes,1,1,1,,,
albert leong,1,1,1,,,
albert magnoli,1,1,1,,,
albert parker,1,1,1,,,
albert pereira-lazaro,1,1,1,,,
alberta watson,1,1,1,,,
alberto ammann,1,1,1,,,
alberto fuguet,1,1,1,,,
alberto rodríguez,1,1,1,,,
alcholics,1,1,1,,,
alcholism,1,1,1,,,
alcohol dependence,1,1,1,,,
alcoholic hero,1,1,1,,,
aldous huxley,1,1,1,,,
alec guinnes,1,1,1,,,
alejandro amenãƒâ¡bar,1,1,1,,,
alejandro gomez monteverde,1,1,1,,,
alejandro rey,1,1,1,,,
alek keshishian,1,1,1,,,
aleksandar popovski,1,1,1,,,
aleksandr baluev,1,1,1,,,
aleksandr baluyev,1,1,1,,,
aleksandr mitta,1,1,1,,,
aleksandr rou,1,1,1,,,
aleksandr seryj,1,1,1,,,
aleksey fedorchenko,1,1,1,,,
aleksi mäkelä,1,1,1,,,
alens,1,1,1,,,
alessandra negrini,1,1,1,,,
alessandro gassman,1,1,1,,,
alex craig mann,1,1,1,,,
alex de rakoff,1,1,1,,,
alex descas,1,1,1,,,
alex holdridge,1,1,1,,,
alex holmes,1,1,1,,,
alex kurtzman,1,1,1,,,
alex lutz,1,1,1,,,
alex shafferå¾,1,1,1,,,
alex sichel,1,1,1,,,
alex stapleton,1,1,1,,,
alex van warmerdam,1,1,1,,,
alex wiesendanger,1,1,1,,,
alexa vega,1,1,1,,,
alexander hammid,1,1,1,,,
alexander kluge,1,1,1,,,
alexander ludwig,1,1,1,,,
alexander mcqueen,1,1,1,,,
alexander polinsky,1,1,1,,,
alexander veledinsky,1,1,1,,,
alexander witt,1,1,1,,,
alexandra daddario,1,1,1,,,
alexandra eisenstein,1,1,1,,,
alexandre arcady,1,1,1,,,
alexandre de la patellière,1,1,1,,,
alexandre espigares,1,1,1,,,
alexandre moors,1,1,1,,,
alexandre rockwell,1,1,1,,,
alexandria,1,1,1,,,
alexandros avranas,1,1,1,,,
alexandru maftei,1,1,1,,,
alexi murdoch,1,1,1,,,
alexi wasser,1,1,1,,,
alexie gilmore,1,1,1,,,
alexis dziena,1,1,1,,,
alexis kanner,1,1,1,,,
alfie allen,1,1,1,,,
alfonso gomez-rejon,1,1,1,,,
alfre woodard,1,1,1,,,
alfred j. goulding,1,1,1,,,
algerian community,1,1,1,,,
algiers,1,1,1,,,
ali della libertã,1,1,1,,,
ali samadi ahadi,1,1,1,,,
ali selim,1,1,1,,,
alia shawkat,1,1,1,,,
alice brady,1,1,1,,,
alice carter,1,1,1,,,
alice greczyn,1,1,1,,,
alice krige,1,1,1,,,
alice wu,1,1,1,,,
alicia vikander,1,1,1,,,
alicja bachleda,1,1,1,,,
alien artifacts,1,1,1,,,
alien assassin,1,1,1,,,
alien queen,1,1,1,,,
alien technology,1,1,1,,,
aliens always land in the usa only,1,1,1,,,
aliki vougiouklaki,1,1,1,,,
alina levshin,1,1,1,,,
alins,1,1,1,,,
alison brie,1,1,1,,,
alison doody,1,1,1,,,
alison ellwood,1,1,1,,,
alison klayman,1,1,1,,,
alison krauss,1,1,1,,,
alison maclean,1,1,1,,,
alison pill,1,1,1,,,
alive and kicking,1,1,1,,,
alizã©e,1,1,1,,,
alki david,1,1,1,,,
all around,1,1,1,,,
all copies should be found and destroyed,1,1,1,,,
all females are support characters,1,1,1,,,
all handcam,1,1,1,,,
all i remember about this movie is that jamie was a seal. and something about the mother being a unicorn... unless i have my irish movies messed up.,1,1,1,,,
all men are idiots,1,1,1,,,
all of a sudden he's batman,1,1,1,,,
all of a sudden you feel guilty about bangin' yer own daughter why stop now?,1,1,1,,,
all spelled out,1,1,1,,,
all time favorite,1,1,1,,,
all your vagine are belong to us!,1,1,1,,,
allan edwall,1,1,1,,,
allen baron,1,1,1,,,
allen coulter,1,1,1,,,
allen greenspan,1,1,1,,,
allen hughes,1,1,1,,,
alligators,1,1,1,,,
allison berg,1,1,1,,,
allison hannigan,1,1,1,,,
alliteration,1,1,1,,,
allmost perfect,1,1,1,,,
allowance,1,1,1,,,
allusive,1,1,1,,,
allyssa pollack,1,1,1,,,
almerã­a,1,1,1,,,
almería,1,1,1,,,
almodã³var,1,1,1,,,
almodã³var!!!!,1,1,1,,,
almodãƒâ³var,1,1,1,,,
almost favourite,1,1,1,,,
almost made me prefer being blown away to having a fingernail pulled.,1,1,1,,,
almost never seeing each other,1,1,1,,,
almost scary,1,1,1,,,
alot of bad ones,1,1,1,,,
alsace,1,1,1,,,
also humours.,1,1,1,,,
"also known as title ""sabotage agent""",1,1,1,,,
alt det den forsøger at sige om egoet her jeg ikke teoretisk indsigt til at vurdere,1,1,1,,,
altering history,1,1,1,,,
alternate,1,1,1,,,
alternate dimension,1,1,1,,,
alternative,1,1,1,,,
alternative reality,1,1,1,,,
alvin rakoff,1,1,1,,,
alware hã¶fels,1,1,1,,,
always applicable to present,1,1,1,,,
always better than i remember,1,1,1,,,
alzheimer,1,1,1,,,
amaguana,1,1,1,,,
amanda root is fabulous in this,1,1,1,,,
amat escalante,1,1,1,,,
amateur actors,1,1,1,,,
amateurish action sequences,1,1,1,,,
amazing actors and good story line,1,1,1,,,
amazing adaptation of an american classic,1,1,1,,,
amazing c,1,1,1,,,
amazing comedy,1,1,1,,,
amazing death,1,1,1,,,
amazing execution,1,1,1,,,
amazing fx,1,1,1,,,
amazing fx for the time,1,1,1,,,
amazing martial arts scenes,1,1,1,,,
amazing plot,1,1,1,,,
amazing sequel,1,1,1,,,
amazing story,1,1,1,,,
amazing western,1,1,1,,,
amazingly bad,1,1,1,,,
amazingly racist,1,1,1,,,
amazons,1,1,1,,,
amber valletta,1,1,1,,,
ambient,1,1,1,,,
ambitioned,1,1,1,,,
ambivalence,1,1,1,,,
amc,1,1,1,,,
amei wallach,1,1,1,,,
amelie-esque,1,1,1,,,
ameliorist,1,1,1,,,
amenã¡bar,1,1,1,,,
america (the band),1,1,1,,,
american abroad,1,1,1,,,
american accents,1,1,1,,,
american bad ass cool cat man in black,1,1,1,,,
american ending,1,1,1,,,
american exceptionalism,1,1,1,,,
american girl,1,1,1,,,
american idolatry,1,1,1,,,
american indian,1,1,1,,,
american indians,1,1,1,,,
american legal system,1,1,1,,,
american movie,1,1,1,,,
american patriotism/prejudice,1,1,1,,,
american south,1,1,1,,,
american spirit,1,1,1,,,
american spy,1,1,1,,,
americanised,1,1,1,,,
americans lack common sense,1,1,1,,,
americans...,1,1,1,,,
amiable,1,1,1,,,
amimals,1,1,1,,,
amin matalqa,1,1,1,,,
"amman, jordan",1,1,1,,,
amnesiac,1,1,1,,,
amphibians,1,1,1,,,
amphibious vehicle,1,1,1,,,
amputation,1,1,1,,,
amy bruckner,1,1,1,,,
amy locane,1,1,1,,,
amy schatz,1,1,1,,,
amy sedaris - nuff said!,1,1,1,,,
amy seimetz,1,1,1,,,
amy steel,1,1,1,,,
amy yasbeck,1,1,1,,,
amy ziering,1,1,1,,,
an average movie,1,1,1,,,
an experience,1,1,1,,,
an important lesson about how hard it is to keep up the act of being funny.,1,1,1,,,
an old rehased story line,1,1,1,,,
an orifice & a gentle hand refried for '06,1,1,1,,,
ana torrent,1,1,1,,,
anachronistic dialogue,1,1,1,,,
anaglyphic 3-d,1,1,1,,,
anal butter,1,1,1,,,
anal hemorrhage,1,1,1,,,
analog,1,1,1,,,
analogue,1,1,1,,,
analytics,1,1,1,,,
anamnesis,1,1,1,,,
anarchist,1,1,1,,,
anarchist revolutionary,1,1,1,,,
anastasia pappas,1,1,1,,,
anaã¯s reboux,1,1,1,,,
ancestors,1,1,1,,,
ancient naval battles,1,1,1,,,
ancient religion,1,1,1,,,
ancients,1,1,1,,,
and characters,1,1,1,,,
and i was surprised that i enjoyed this movie as much as i did; i gave it 4.0 stars out of a possible 5.0 stars,1,1,1,,,
and is my all time western.,1,1,1,,,
and sad,1,1,1,,,
and some good philosphy on life,1,1,1,,,
and subtely touching film with a bittersweet ending,1,1,1,,,
and this isn't at all how i pictured most of the characters,1,1,1,,,
and unwatchable,1,1,1,,,
and whatever other horribly overrated movies i've grouped this with.,1,1,1,,,
and why few people seemed concerned,1,1,1,,,
anders,1,1,1,,,
anders nilsson,1,1,1,,,
andes mountains,1,1,1,,,
andr? t?chin?,1,1,1,,,
andre dussolier,1,1,1,,,
andre singer,1,1,1,,,
andre stojka,1,1,1,,,
andrea tonacci,1,1,1,,,
andreas johnsen,1,1,1,,,
andreas werckmeister,1,1,1,,,
andreas öhman,1,1,1,,,
andree maranda,1,1,1,,,
andrei kravchuk,1,1,1,,,
andrew bowler,1,1,1,,,
andrew dosunmu,1,1,1,,,
andrew haigh,1,1,1,,,
andrew horn,1,1,1,,,
andrew jimenez,1,1,1,,,
andrew kasch,1,1,1,,,
andrew marton,1,1,1,,,
andrew mogel,1,1,1,,,
andrew monument,1,1,1,,,
andrew neel,1,1,1,,,
andrew prine,1,1,1,,,
andrew putschoegl,1,1,1,,,
andrew rossi,1,1,1,,,
andrew ruhemann,1,1,1,,,
andrew scheinman,1,1,1,,,
andrew shea,1,1,1,,,
andrew shue,1,1,1,,,
andrew solt,1,1,1,,,
andrew thompson,1,1,1,,,
andrew wagner,1,1,1,,,
andrew wilson,1,1,1,,,
andrey malyukov,1,1,1,,,
andrey smirnov,1,1,1,,,
androcentrism,1,1,1,,,
androgyne,1,1,1,,,
andrucha waddington,1,1,1,,,
andrzej bartowiak,1,1,1,,,
andrzej chyra,1,1,1,,,
andrzej jakimowski,1,1,1,,,
andrzej sekula,1,1,1,,,
andrã© dussollier,1,1,1,,,
andré cayatte,1,1,1,,,
andré heller,1,1,1,,,
andré hunebelle,1,1,1,,,
andré mélançon,1,1,1,,,
andré øvredal,1,1,1,,,
andrés baiz,1,1,1,,,
andrés muschietti,1,1,1,,,
andy baybutt,1,1,1,,,
andy bichlbaum,1,1,1,,,
andy de emmony,1,1,1,,,
andy devine,1,1,1,,,
andy jones,1,1,1,,,
andy robin,1,1,1,,,
angad bhalla,1,1,1,,,
angel dust,1,1,1,,,
angela,1,1,1,,,
angela lansbury when she was hot,1,1,1,,,
angela pope,1,1,1,,,
angela robinson,1,1,1,,,
angelababy,1,1,1,,,
angeles,1,1,1,,,
angelic intervention?,1,1,1,,,
angelo badalamenti,1,1,1,,,
angie harmon,1,1,1,,,
angles and deadlines,1,1,1,,,
anglo-zulu war,1,1,1,,,
angry mob,1,1,1,,,
angus scrimm,1,1,1,,,
anika noni rose,1,1,1,,,
anil kapoor,1,1,1,,,
animal crackers,1,1,1,,,
animal protection,1,1,1,,,
animal sidekick,1,1,1,,,
animal superiority,1,1,1,,,
animal testing,1,1,1,,,
animal:ants;giant (scene),1,1,1,,,
animal:bear,1,1,1,,,
animal:chipmunk,1,1,1,,,
animal:donkey,1,1,1,,,
animal:gopher,1,1,1,,,
animal:great ape,1,1,1,,,
animal:leopard,1,1,1,,,
animal:lion,1,1,1,,,
animal:monkey (scene),1,1,1,,,
animal:mouse,1,1,1,,,
animal:orangutang?,1,1,1,,,
animal:panda bear,1,1,1,,,
animal:parrot,1,1,1,,,
animal:penguins,1,1,1,,,
animal:porpoise,1,1,1,,,
animal:racoon,1,1,1,,,
animal:rat (scene),1,1,1,,,
animal:raven,1,1,1,,,
animal:seal,1,1,1,,,
animal:snake (scene),1,1,1,,,
animal:various,1,1,1,,,
animal:water buffallo,1,1,1,,,
animated hair,1,1,1,,,
animated sequence,1,1,1,,,
animated short,1,1,1,,,
animated subtitles,1,1,1,,,
animation & live action interact?,1,1,1,,,
animation disney,1,1,1,,,
animation looks dated,1,1,1,,,
animation scenes,1,1,1,,,
anime based,1,1,1,,,
anime parody,1,1,1,,,
anime violence,1,1,1,,,
anime-style,1,1,1,,,
aningen corny. star wars wannabe. men bra.,1,1,1,,,
anita eckberg,1,1,1,,,
anklet,1,1,1,,,
ann dvorak,1,1,1,,,
ann hui,1,1,1,,,
ann reinking,1,1,1,,,
ann rutherford,1,1,1,,,
ann sheridan,1,1,1,,,
anna,1,1,1,,,
anna chancellor,1,1,1,,,
anna maria tatò,1,1,1,,,
anna may wong,1,1,1,,,
anna melikyan,1,1,1,,,
anna odell,1,1,1,,,
anna rodzinski,1,1,1,,,
anna siskova,1,1,1,,,
anna-katharina schwabroh,1,1,1,,,
annabel jankel,1,1,1,,,
annabella piugattuk,1,1,1,,,
annabeth gish,1,1,1,,,
anne archer,1,1,1,,,
anne fontaine,1,1,1,,,
anne hathaw,1,1,1,,,
anne judson-yager,1,1,1,,,
anne parillaud,1,1,1,,,
anne revere,1,1,1,,,
anne vernon,1,1,1,,,
anne wheeler,1,1,1,,,
anne-marie miéville,1,1,1,,,
annette badland,1,1,1,,,
annie clark,1,1,1,,,
annie m.g. schmidt,1,1,1,,,
annika hallin,1,1,1,,,
annoying editing,1,1,1,,,
annoying kids,1,1,1,,,
annoying main character,1,1,1,,,
anny duperey,1,1,1,,,
anonymity,1,1,1,,,
another adaptation of _iam legend_,1,1,1,,,
another big favourite,1,1,1,,,
another gospel,1,1,1,,,
another saving private ryan,1,1,1,,,
another spike and denzel gem,1,1,1,,,
another zombie movie,1,1,1,,,
anou,1,1,1,,,
anoying neighbours,1,1,1,,,
anoyng kids,1,1,1,,,
ansel elgort,1,1,1,,,
anson mount,1,1,1,,,
anstrengend,1,1,1,,,
answering machine,1,1,1,,,
antartica,1,1,1,,,
anterograde amnesia,1,1,1,,,
antes_de_capitanamericai,1,1,1,,,
antes_de_vengadores,1,1,1,,,
anthony chen,1,1,1,,,
anthony edwards,1,1,1,,,
anthony fabian,1,1,1,,,
anthony howarth,1,1,1,,,
anthony kimmins,1,1,1,,,
anthony lucas,1,1,1,,,
anthony newley,1,1,1,,,
anthony simcoe,1,1,1,,,
anthony wong,1,1,1,,,
anthony wonke,1,1,1,,,
anthropomorphism,1,1,1,,,
anti c.s. lewis,1,1,1,,,
anti conformity - be who you want to be,1,1,1,,,
anti feminist,1,1,1,,,
anti hero protagonist,1,1,1,,,
anti-atheist,1,1,1,,,
anti-capitalism,1,1,1,,,
anti-capitalist,1,1,1,,,
anti-catholic,1,1,1,,,
anti-climactic ending,1,1,1,,,
anti-climatic ending,1,1,1,,,
anti-crusades,1,1,1,,,
anti-discrimination,1,1,1,,,
anti-drugs,1,1,1,,,
anti-drugs lesson,1,1,1,,,
anti-film,1,1,1,,,
anti-gravity,1,1,1,,,
anti-gun,1,1,1,,,
anti-hollywood,1,1,1,,,
anti-homophobia,1,1,1,,,
anti-japanese,1,1,1,,,
anti-peace,1,1,1,,,
anti-reigion,1,1,1,,,
anti-religious,1,1,1,,,
anti-smoking,1,1,1,,,
anti-soviet propoganda,1,1,1,,,
anti-subterranea,1,1,1,,,
anti-superhero,1,1,1,,,
anti-utilitarian,1,1,1,,,
anti-vigilante,1,1,1,,,
anti-western,1,1,1,,,
anticolonial,1,1,1,,,
anticommunists,1,1,1,,,
anticorporate,1,1,1,,,
antidepressants,1,1,1,,,
antidote,1,1,1,,,
antiquated thinking,1,1,1,,,
antique dealer,1,1,1,,,
antiques,1,1,1,,,
antiquity,1,1,1,,,
antireligious,1,1,1,,,
antisocial,1,1,1,,,
antoine delesvaux,1,1,1,,,
antonio banderas!,1,1,1,,,
antony hoffman,1,1,1,,,
antony thomas,1,1,1,,,
antropomorphic animals,1,1,1,,,
antti heikki pesonen,1,1,1,,,
antti jokinen,1,1,1,,,
anubis,1,1,1,,,
anupam kher,1,1,1,,,
anurag basu,1,1,1,,,
anus,1,1,1,,,
anxiety disorder,1,1,1,,,
anxiety inducing,1,1,1,,,
anxiety provoking!,1,1,1,,,
anzac,1,1,1,,,
aol,1,1,1,,,
apaches,1,1,1,,,
apathetic,1,1,1,,,
apathy,1,1,1,,,
apes portrayed as human-precursers,1,1,1,,,
appalachian,1,1,1,,,
appaling,1,1,1,,,
appalling,1,1,1,,,
appallingly bad,1,1,1,,,
appallingly dull,1,1,1,,,
appealed mpaa rating,1,1,1,,,
appealing,1,1,1,,,
appeals to all audiences,1,1,1,,,
appocalypse,1,1,1,,,
apprentice,1,1,1,,,
april bowlby,1,1,1,,,
april pearson,1,1,1,,,
aquaphobia,1,1,1,,,
aquarium,1,1,1,,,
aquarius,1,1,1,,,
arab family,1,1,1,,,
arabic music,1,1,1,,,
arabs who are caucasian,1,1,1,,,
arbitrary,1,1,1,,,
arch,1,1,1,,,
archaeologist,1,1,1,,,
archaic language,1,1,1,,,
archetypes,1,1,1,,,
archival footage,1,1,1,,,
archives,1,1,1,,,
archvampire,1,1,1,,,
arctic monkeys,1,1,1,,,
argos films,1,1,1,,,
ari gaynor,1,1,1,,,
ariadna gil,1,1,1,,,
ariane labed,1,1,1,,,
aricebo,1,1,1,,,
ariel gade,1,1,1,,,
arija bareikis,1,1,1,,,
aristocratic,1,1,1,,,
aristocratic france,1,1,1,,,
aristrocacy,1,1,1,,,
ark,1,1,1,,,
arkadiusz jakubik,1,1,1,,,
arlen tarlofsky,1,1,1,,,
arlene sanford,1,1,1,,,
arliss howard,1,1,1,,,
arlo guthrie,1,1,1,,,
arm wrestling,1,1,1,,,
arma nua,1,1,1,,,
armand assante,1,1,1,,,
armando bo,1,1,1,,,
armin shimerman,1,1,1,,,
armored bus,1,1,1,,,
armors,1,1,1,,,
arms trade,1,1,1,,,
army dental corps,1,1,1,,,
army experiment,1,1,1,,,
arna selznick,1,1,1,,,
arne feldhusen,1,1,1,,,
arne skouen,1,1,1,,,
arnie!,1,1,1,,,
arnie's best movie ever!,1,1,1,,,
arnold glassman,1,1,1,,,
arnold swartzenegger,1,1,1,,,
arnon goldfinger,1,1,1,,,
aro,1,1,1,,,
around a holiday can't quite remember for some reason,1,1,1,,,
arranged romance,1,1,1,,,
arresting concept & setting;their attraction/confusion/angst is understated but affecting,1,1,1,,,
arrogance,1,1,1,,,
arsenic poisoning,1,1,1,,,
arsenio 'sonny' trinidad,1,1,1,,,
arsenio hall,1,1,1,,,
art gallery,1,1,1,,,
art garfunkel,1,1,1,,,
art metrano,1,1,1,,,
art movie,1,1,1,,,
art nouveau,1,1,1,,,
art students,1,1,1,,,
art world,1,1,1,,,
art-design,1,1,1,,,
artavazd peleshian,1,1,1,,,
arthouse,1,1,1,,,
arthur barron,1,1,1,,,
arthur dreifuss,1,1,1,,,
arthur lipsett,1,1,1,,,
arthur malet,1,1,1,,,
arthur o'connell,1,1,1,,,
article,1,1,1,,,
artie lang,1,1,1,,,
artifical intelligence,1,1,1,,,
artificial,1,1,1,,,
artificial insemination,1,1,1,,,
artistry,1,1,1,,,
arto halonen,1,1,1,,,
arto koskinen,1,1,1,,,
artour aristakisian,1,1,1,,,
arts+crafts,1,1,1,,,
arturo ripstein,1,1,1,,,
arty,1,1,1,,,
arty ending,1,1,1,,,
aru cu,1,1,1,,,
arunas matelis,1,1,1,,,
arvid uibel,1,1,1,,,
as byatt,1,1,1,,,
as funny as humanly possible,1,1,1,,,
as funny as sad gets,1,1,1,,,
as good as batman begins,1,1,1,,,
as good as the old,1,1,1,,,
as historicaly correct as germany winning ww2,1,1,1,,,
as if fox did not have real people and cnn did,1,1,1,,,
as time goes by,1,1,1,,,
as-seen-on-tv,1,1,1,,,
asdasd,1,1,1,,,
asesinato,1,1,1,,,
asexuality,1,1,1,,,
ash brannon,1,1,1,,,
ashambles,1,1,1,,,
ashamed of source material,1,1,1,,,
ashley bank,1,1,1,,,
ashley c. williams,1,1,1,,,
ashley judd nude,1,1,1,,,
ashley laurence,1,1,1,,,
ashley macisaac,1,1,1,,,
ashley olsen,1,1,1,,,
ashlynn yennie,1,1,1,,,
ashutosh gowariker,1,1,1,,,
ashutosh lobo gajiwala,1,1,1,,,
asian chick suicide,1,1,1,,,
asian dude dying,1,1,1,,,
asiã¡tico,1,1,1,,,
aspect ratio,1,1,1,,,
aspirations,1,1,1,,,
ass,1,1,1,,,
ass to ass,1,1,1,,,
assassination attempt,1,1,1,,,
assassinos por natureza,1,1,1,,,
assembly line film,1,1,1,,,
asshole characters,1,1,1,,,
associations,1,1,1,,,
astonishing,1,1,1,,,
astounding,1,1,1,,,
astrid bergès-frisbey,1,1,1,,,
astrodome,1,1,1,,,
astrology,1,1,1,,,
astronaut,1,1,1,,,
asuka kurosawa,1,1,1,,,
aswan,1,1,1,,,
"at least some of it is ""proven"" with common sense",1,1,1,,,
at least these movies are consistent albeit awful,1,1,1,,,
atatatatatatatata,1,1,1,,,
atatã¼rk,1,1,1,,,
ate de jong,1,1,1,,,
atheist,1,1,1,,,
athens,1,1,1,,,
athlete,1,1,1,,,
athletes,1,1,1,,,
athletes in a romance,1,1,1,,,
athletic apex?,1,1,1,,,
athlets,1,1,1,,,
atiq rahimi,1,1,1,,,
atmospheirc,1,1,1,,,
atmospheric scenes,1,1,1,,,
atom bomb,1,1,1,,,
atrocious editing,1,1,1,,,
atrocious plot,1,1,1,,,
atrocious writing,1,1,1,,,
atrocities,1,1,1,,,
atrocius direction,1,1,1,,,
atsuya uki,1,1,1,,,
attack,1,1,1,,,
attica!,1,1,1,,,
attila dargay,1,1,1,,,
attila the hun,1,1,1,,,
atwood ending,1,1,1,,,
atypical,1,1,1,,,
atypical dialog,1,1,1,,,
au revoir shoshana!,1,1,1,,,
auction,1,1,1,,,
audacious action,1,1,1,,,
audie murphy,1,1,1,,,
audience participation?,1,1,1,,,
audience reaction,1,1,1,,,
audiovisual orgasm,1,1,1,,,
auf der jagd nach dem riesenkaninchen,1,1,1,,,
augmented reality,1,1,1,,,
august schellenberg,1,1,1,,,
augusto genina,1,1,1,,,
augusto pinochet,1,1,1,,,
aunt,1,1,1,,,
aural horror,1,1,1,,,
austin o'brien,1,1,1,,,
austin too hip,1,1,1,,,
australian movie,1,1,1,,,
austrian,1,1,1,,,
auteuil,1,1,1,,,
auteur,1,1,1,,,
authentic movement,1,1,1,,,
author hates adaptation,1,1,1,,,
author:  john katzenbach,1,1,1,,,
author: edgar rice burroughs,1,1,1,,,
author: hanif kureishi,1,1,1,,,
author: kirsty gunn,1,1,1,,,
author: rick riordan,1,1,1,,,
author: vijayadan detha,1,1,1,,,
author: yann martel,1,1,1,,,
author:a. s. byatt,1,1,1,,,
author:a. s. byatt?,1,1,1,,,
author:a.b. 'banjo' paterson,1,1,1,,,
author:aesop,1,1,1,,,
author:alain boublil,1,1,1,,,
author:albert camus,1,1,1,,,
author:albert uderzo,1,1,1,,,
author:aldous huxley,1,1,1,,,
author:alexander mccall smith,1,1,1,,,
author:alexandre dumas,1,1,1,,,
author:alice munro,1,1,1,,,
author:andre dubus iii,1,1,1,,,
author:anne tyler,1,1,1,,,
author:anonymous,1,1,1,,,
author:armistead maupin,1,1,1,,,
author:arthur golden,1,1,1,,,
author:arthur miller,1,1,1,,,
author:arthur schnitzler,1,1,1,,,
author:augusten burroughs,1,1,1,,,
author:barry reed,1,1,1,,,
author:ben mezrich,1,1,1,,,
author:bernard malamud,1,1,1,,,
author:bibhutibhushan bandyopadhyay,1,1,1,,,
author:bob woodward,1,1,1,,,
author:booth tarkington,1,1,1,,,
author:boris pasternak,1,1,1,,,
author:boris strugatsky,1,1,1,,,
author:bram stoker,1,1,1,,,
author:bret easton ellis,1,1,1,,,
author:brian aldiss,1,1,1,,,
author:brian garfield,1,1,1,,,
author:brian moore,1,1,1,,,
author:c. d. payne,1,1,1,,,
author:carl bernstein,1,1,1,,,
author:carl hiaasen,1,1,1,,,
author:carolyn s. briggs,1,1,1,,,
author:chaim potok,1,1,1,,,
author:charles bukowski,1,1,1,,,
author:charles w. bailey ii,1,1,1,,,
author:charlotte brã¶nte,1,1,1,,,
author:charlotte brãƒâ¶nte,1,1,1,,,
author:choderlos de laclos,1,1,1,,,
author:christianna brand,1,1,1,,,
author:christopher buckley,1,1,1,,,
author:claire tomalin,1,1,1,,,
author:clarence aaron robbins,1,1,1,,,
author:claude-michel schönberg,1,1,1,,,
author:cormac mccarthy,1,1,1,,,
author:cornelia funke,1,1,1,,,
author:daniel clowes,1,1,1,,,
author:daniel defoe,1,1,1,,,
author:daniel wallace,1,1,1,,,
author:daniel woodrell,1,1,1,,,
author:daphne du maurier,1,1,1,,,
author:david foenkinos,1,1,1,,,
author:david mitchell,1,1,1,,,
author:dee brown,1,1,1,,,
author:dennis cooper,1,1,1,,,
author:dick king-smith,1,1,1,,,
author:donald hamilton,1,1,1,,,
author:dumas,1,1,1,,,
author:e. m. forster?,1,1,1,,,
author:e. zola,1,1,1,,,
author:e.w. hornung,1,1,1,,,
author:ed mcbain,1,1,1,,,
author:elizabeth gaskell,1,1,1,,,
author:emmanuelle argan,1,1,1,,,
author:erich kã¤stner,1,1,1,,,
author:eugene burdick,1,1,1,,,
author:evan s. connell,1,1,1,,,
author:fannie hurst,1,1,1,,,
author:felix salten,1,1,1,,,
author:fennimore cooper,1,1,1,,,
author:fletcher knebel,1,1,1,,,
author:frank baum,1,1,1,,,
author:frank mccourt,1,1,1,,,
author:frederick forsyth,1,1,1,,,
author:fyodor dostoyevsky,1,1,1,,,
author:gabriel garcã­a mã¡rquez,1,1,1,,,
author:gaston leroux,1,1,1,,,
author:geoffrey douglas,1,1,1,,,
author:george bataille,1,1,1,,,
author:george bernard shaw,1,1,1,,,
author:george crile,1,1,1,,,
author:george l. du maurier,1,1,1,,,
author:gillian slovo,1,1,1,,,
author:graham greene,1,1,1,,,
author:gustave flaubert,1,1,1,,,
author:hanif kureishi,1,1,1,,,
author:harvey wheeler,1,1,1,,,
author:helen fielding,1,1,1,,,
author:helen keller,1,1,1,,,
author:hemingway,1,1,1,,,
author:hervã© bazin,1,1,1,,,
author:homer,1,1,1,,,
author:hubert selby jr.,1,1,1,,,
author:hunter s. thompson,1,1,1,,,
author:irvine walsh,1,1,1,,,
author:irvine welsh,1,1,1,,,
author:isaac asimov,1,1,1,,,
author:j. j. connolly,1,1,1,,,
author:j. swift,1,1,1,,,
author:j.g. ballard,1,1,1,,,
author:james fenton,1,1,1,,,
author:james m. cain,1,1,1,,,
author:jay parini,1,1,1,,,
author:jean shephard,1,1,1,,,
author:jean-marc natel,1,1,1,,,
author:jennifer weiner,1,1,1,,,
author:jo nesbã¸,1,1,1,,,
author:joe klein,1,1,1,,,
author:john bingham,1,1,1,,,
author:john carlin,1,1,1,,,
author:john ford,1,1,1,,,
author:john galsworthy,1,1,1,,,
author:john heilemann,1,1,1,,,
author:john le carrã©,1,1,1,,,
author:john le carrã© (david john moore cornwell),1,1,1,,,
author:john norman,1,1,1,,,
author:john o'brien,1,1,1,,,
author:john updike,1,1,1,,,
author:jon ronson,1,1,1,,,
author:jonathan swift,1,1,1,,,
author:joseph heller,1,1,1,,,
author:joseph kosinski,1,1,1,,,
author:josephine hart,1,1,1,,,
author:joshuah bearman,1,1,1,,,
author:kami garcia,1,1,1,,,
author:karen joy fowler,1,1,1,,,
author:katharine brush,1,1,1,,,
author:kathryn stockett,1,1,1,,,
author:kaui hart hemmings,1,1,1,,,
author:khaled hosseini,1,1,1,,,
author:kurt eichenwald,1,1,1,,,
author:kurt vonnegut,1,1,1,,,
author:kurt vonnegut jr.,1,1,1,,,
author:larry doyle,1,1,1,,,
author:larry mcmurtry,1,1,1,,,
author:laurence stern,1,1,1,,,
author:leslie charteris,1,1,1,,,
author:lewis caroll (charles lutwidge dodgson),1,1,1,,,
author:lillian lee,1,1,1,,,
author:louis sachar,1,1,1,,,
author:lynn barber,1,1,1,,,
author:margaret laurence,1,1,1,,,
author:margaret stohl,1,1,1,,,
author:mario giordano,1,1,1,,,
author:mario puzo,1,1,1,,,
author:marion zimmer bradley,1,1,1,,,
author:mark halperin,1,1,1,,,
author:mark harris,1,1,1,,,
author:mark helprin,1,1,1,,,
author:martin booth,1,1,1,,,
author:martin cruz smith,1,1,1,,,
author:mary shelley,1,1,1,,,
author:maurice sendak,1,1,1,,,
author:michael chabon,1,1,1,,,
author:michael chricton?,1,1,1,,,
author:michael lewis,1,1,1,,,
author:miss w. somerset maugham,1,1,1,,,
author:nabokov,1,1,1,,,
author:nathaniel hawthorne,1,1,1,,,
author:nicholas meyer,1,1,1,,,
author:nicholas pileggi,1,1,1,,,
author:nick hornby,1,1,1,,,
author:olive higgins prouty,1,1,1,,,
author:p. f. kluge,1,1,1,,,
author:p.l. travers,1,1,1,,,
author:patricia highsmith,1,1,1,,,
author:patrick o'brian,1,1,1,,,
author:paul auster,1,1,1,,,
author:paulo lins,1,1,1,,,
author:peter george,1,1,1,,,
author:peter hedges,1,1,1,,,
author:renã© goscinny,1,1,1,,,
author:rex pickett,1,1,1,,,
author:richard condon,1,1,1,,,
author:richard dooling,1,1,1,,,
author:richard neely,1,1,1,,,
author:rick riordan,1,1,1,,,
author:roderick thorp,1,1,1,,,
author:seth grahame-smith,1,1,1,,,
author:shakespeare,1,1,1,,,
author:shirley jackson,1,1,1,,,
author:sholom aleichem,1,1,1,,,
author:somerset maugham,1,1,1,,,
author:stella gibbons,1,1,1,,,
author:stephanie meyer,1,1,1,,,
author:stephen crane,1,1,1,,,
author:stieg  larsson,1,1,1,,,
author:susan minot,1,1,1,,,
author:thackeray,1,1,1,,,
author:thomas j. harris,1,1,1,,,
author:thomas malory,1,1,1,,,
author:thomas mann,1,1,1,,,
author:tom clancy?,1,1,1,,,
author:tom wolfe,1,1,1,,,
author:tracy chevalier,1,1,1,,,
author:upton sinclair,1,1,1,,,
author:vera caspary,1,1,1,,,
author:vikas swarup,1,1,1,,,
author:vladimir nabokov,1,1,1,,,
author:walter kirn,1,1,1,,,
author:walter scott,1,1,1,,,
author:watty piper,1,1,1,,,
author:william goldman,1,1,1,,,
author:william h. armstrong,1,1,1,,,
author:winston groom,1,1,1,,,
author:yasmina khadra,1,1,1,,,
author:yasutaka tsutsui,1,1,1,,,
author:yuan bin chen,1,1,1,,,
authoritarianism,1,1,1,,,
auto industry layoffs,1,1,1,,,
autocracy,1,1,1,,,
autodidact,1,1,1,,,
automatic,1,1,1,,,
automavision,1,1,1,,,
autosuggestion,1,1,1,,,
autowash,1,1,1,,,
avant-gard,1,1,1,,,
avarice,1,1,1,,,
aventura,1,1,1,,,
average dialogue,1,1,1,,,
average hero,1,1,1,,,
average story,1,1,1,,,
avila,1,1,1,,,
avoids cliches,1,1,1,,,
avoids tropes,1,1,1,,,
avril angers,1,1,1,,,
awakening sexuality & romance,1,1,1,,,
award:berlin international film festival 2014,1,1,1,,,
award:oscar:screenplay,1,1,1,,,
awesome bond flick; much better than dr. no,1,1,1,,,
awesome classic,1,1,1,,,
awesome fight choreography,1,1,1,,,
awesomeness,1,1,1,,,
awful and anoying singing,1,1,1,,,
awful death,1,1,1,,,
awful end,1,1,1,,,
awful hair/outfits,1,1,1,,,
awful remake,1,1,1,,,
awful reviews...........cannot figure out why. outstanding.,1,1,1,,,
awful screenplay,1,1,1,,,
awful singing,1,1,1,,,
awful thriller,1,1,1,,,
awfull parody,1,1,1,,,
awfull russian language,1,1,1,,,
awkward angles,1,1,1,,,
awkward guy,1,1,1,,,
awkward moments,1,1,1,,,
awkward pace,1,1,1,,,
awkward sex scene,1,1,1,,,
awww,1,1,1,,,
axe murderer,1,1,1,,,
axes,1,1,1,,,
ayako yoshida,1,1,1,,,
ayu kitaura,1,1,1,,,
ayumi ito,1,1,1,,,
ayush mahesh khedekar,1,1,1,,,
azazel jacobs,1,1,1,,,
azharuddin mohammed ismail,1,1,1,,,
azita rayeji,1,1,1,,,
aziz ansari,1,1,1,,,
aztec,1,1,1,,,
aã§ã£o,1,1,1,,,
b,1,1,1,,,
b rated sex movie,1,1,1,,,
b-list celebrity cameos,1,1,1,,,
b-rated,1,1,1,,,
b.d. wong,1,1,1,,,
b.i.d.d.,1,1,1,,,
b.z. goldberg,1,1,1,,,
b5,1,1,1,,,
baba yaga,1,1,1,,,
babak payami,1,1,1,,,
babe,1,1,1,,,
babe ruth,1,1,1,,,
babies in peril,1,1,1,,,
baby boom,1,1,1,,,
baby carriage odown the steps,1,1,1,,,
baby in peril,1,1,1,,,
baby killing,1,1,1,,,
babyish ending,1,1,1,,,
babylon,1,1,1,,,
babylon 5,1,1,1,,,
bachelor,1,1,1,,,
back story,1,1,1,,,
back to the home,1,1,1,,,
backdoor,1,1,1,,,
background tv show,1,1,1,,,
bacon,1,1,1,,,
bad 3d,1,1,1,,,
bad acting by kids,1,1,1,,,
bad action,1,1,1,,,
bad adaption of the book,1,1,1,,,
bad afrikaans accent,1,1,1,,,
bad animation,1,1,1,,,
bad argument,1,1,1,,,
bad ass women,1,1,1,,,
bad bad,1,1,1,,,
bad beginning,1,1,1,,,
bad but enjoyable,1,1,1,,,
bad cameo,1,1,1,,,
bad camerawork,1,1,1,,,
bad celebrity acting,1,1,1,,,
bad cg,1,1,1,,,
bad child actors,1,1,1,,,
bad conveyance,1,1,1,,,
bad father,1,1,1,,,
bad final act,1,1,1,,,
bad follow-through,1,1,1,,,
bad go moves,1,1,1,,,
bad guy motive,1,1,1,,,
bad guy turns good,1,1,1,,,
bad guys can't aim,1,1,1,,,
bad guyuy,1,1,1,,,
bad idea,1,1,1,,,
bad irish accents,1,1,1,,,
bad it understanding,1,1,1,,,
bad jim carrey film,1,1,1,,,
bad kids,1,1,1,,,
bad kung fu,1,1,1,,,
bad makeup,1,1,1,,,
bad memories,1,1,1,,,
bad movie but great soundtrack!,1,1,1,,,
bad movies,1,1,1,,,
bad movies are their own spoof,1,1,1,,,
bad noir,1,1,1,,,
bad on purpose,1,1,1,,,
bad one,1,1,1,,,
bad parody,1,1,1,,,
bad performance,1,1,1,,,
bad performances,1,1,1,,,
bad person,1,1,1,,,
bad philoshphy,1,1,1,,,
bad plot twists,1,1,1,,,
bad ploy,1,1,1,,,
bad portraying,1,1,1,,,
bad pronunciation of pekkala is definitely funny,1,1,1,,,
bad quality,1,1,1,,,
bad reality,1,1,1,,,
bad realization,1,1,1,,,
bad school,1,1,1,,,
"bad science for physisist, well",1,1,1,,,
bad scifi,1,1,1,,,
bad spanish,1,1,1,,,
bad stunts,1,1,1,,,
bad swordplay,1,1,1,,,
bad to the extreme,1,1,1,,,
bad video quality,1,1,1,,,
bad voice acting for the book,1,1,1,,,
bad whit stillman,1,1,1,,,
bad!,1,1,1,,,
bad-mouthing protagonist,1,1,1,,,
badass blind man,1,1,1,,,
badasses everywhere,1,1,1,,,
badlands,1,1,1,,,
badly executed,1,1,1,,,
bafta award winner,1,1,1,,,
bafta nominated,1,1,1,,,
bafta winner 1974,1,1,1,,,
bag of sand,1,1,1,,,
baghdad,1,1,1,,,
baginski,1,1,1,,,
bah,1,1,1,,,
bahman farmanara,1,1,1,,,
bahram beizai,1,1,1,,,
bailee madison,1,1,1,,,
bailiff,1,1,1,,,
baillie walsh,1,1,1,,,
bait-and-switch,1,1,1,,,
baja,1,1,1,,,
bakhtiari,1,1,1,,,
bakhtyar khudojnazarov,1,1,1,,,
balanced portrayal,1,1,1,,,
balboa,1,1,1,,,
bald,1,1,1,,,
bali,1,1,1,,,
ballarat,1,1,1,,,
ballistics,1,1,1,,,
baltasar kormákur,1,1,1,,,
bambi,1,1,1,,,
banal plot,1,1,1,,,
bandaged face,1,1,1,,,
bandit,1,1,1,,,
bandits,1,1,1,,,
bank manager,1,1,1,,,
bank that lets you escape police,1,1,1,,,
banned,1,1,1,,,
banquet,1,1,1,,,
bar fight,1,1,1,,,
barbara bach,1,1,1,,,
barbara carrera,1,1,1,,,
barbara eden,1,1,1,,,
barbara luddy,1,1,1,,,
barbara rush,1,1,1,,,
barbara sonneborn,1,1,1,,,
barbara stanywick,1,1,1,,,
barbara-anne steegmuller,1,1,1,,,
barbecue,1,1,1,,,
barbed wire,1,1,1,,,
bard pitt,1,1,1,,,
barely pg-13,1,1,1,,,
barf,1,1,1,,,
barkhad abdi,1,1,1,,,
barnaby metschurat,1,1,1,,,
barney clark,1,1,1,,,
baroness,1,1,1,,,
barrel throwing,1,1,1,,,
barrie ingham,1,1,1,,,
barry alexander brown,1,1,1,,,
barry bostwick,1,1,1,,,
barry corbin,1,1,1,,,
barry levinsoon,1,1,1,,,
barry poltermann,1,1,1,,,
barry skolnick,1,1,1,,,
barrytown,1,1,1,,,
barsoom,1,1,1,,,
bart freundlich,1,1,1,,,
bart layton,1,1,1,,,
bartlomiej topa,1,1,1,,,
barton maclane,1,1,1,,,
barton mclane,1,1,1,,,
base jumping,1,1,1,,,
baseball bat,1,1,1,,,
baseball player,1,1,1,,,
based,1,1,1,,,
based and a book,1,1,1,,,
based around one theme,1,1,1,,,
based around one thing,1,1,1,,,
based in real facts,1,1,1,,,
based off book,1,1,1,,,
"based on ""push"" by sapphire",1,1,1,,,
based on 1000 true stories,1,1,1,,,
based on a best seller,1,1,1,,,
based on a documented event,1,1,1,,,
based on a graphic novel,1,1,1,,,
based on a manga,1,1,1,,,
based on a marvel comic book,1,1,1,,,
based on a nicholas sparks novel,1,1,1,,,
based on a true story?,1,1,1,,,
based on actual events,1,1,1,,,
based on anime,1,1,1,,,
based on autobiography,1,1,1,,,
based on biblical story,1,1,1,,,
based on book written by a retard,1,1,1,,,
based on clive barker's novel cabal,1,1,1,,,
based on history,1,1,1,,,
based on park ride,1,1,1,,,
based on short film,1,1,1,,,
based on short films rare exports inc. and rare exports: the official safety instructions,1,1,1,,,
based on tag,1,1,1,,,
based on the book,1,1,1,,,
based on the book by s.e. hinton,1,1,1,,,
based on the life of buford pusser,1,1,1,,,
based on tom clancy book,1,1,1,,,
based on truth,1,1,1,,,
based on:radio programme,1,1,1,,,
basic plot,1,1,1,,,
basically saw in a car,1,1,1,,,
basicly a kids movie,1,1,1,,,
basij militia,1,1,1,,,
basketball in african villiage,1,1,1,,,
bass wolf,1,1,1,,,
bataan death march,1,1,1,,,
batgirl,1,1,1,,,
bath,1,1,1,,,
bathos,1,1,1,,,
bathroom humor,1,1,1,,,
batman clues,1,1,1,,,
battle between man and nature,1,1,1,,,
battle between vampires and lycans,1,1,1,,,
battle in the mind,1,1,1,,,
battle royale ripoff,1,1,1,,,
battleship,1,1,1,,,
bazaar marketplace arabic beautiful music,1,1,1,,,
bazooka,1,1,1,,,
bdsm gear,1,1,1,,,
bear necessities,1,1,1,,,
bear punch,1,1,1,,,
beard,1,1,1,,,
beast of gévaudan,1,1,1,,,
beastie boys,1,1,1,,,
beat poetry,1,1,1,,,
beat takeshi,1,1,1,,,
beat the system,1,1,1,,,
beaten,1,1,1,,,
beating up america,1,1,1,,,
beatnick culture,1,1,1,,,
beatnik,1,1,1,,,
beaty contests,1,1,1,,,
beau garrett,1,1,1,,,
beaurocracy,1,1,1,,,
beautifual,1,1,1,,,
beautiful acting,1,1,1,,,
beautiful actresses,1,1,1,,,
beautiful artwork,1,1,1,,,
beautiful colors,1,1,1,,,
beautiful family,1,1,1,,,
beautiful film,1,1,1,,,
beautiful japanese girl,1,1,1,,,
beautiful little details,1,1,1,,,
beautiful location,1,1,1,,,
beautiful older lady,1,1,1,,,
beautiful performances,1,1,1,,,
beautiful pictures,1,1,1,,,
beautiful screenplay,1,1,1,,,
beautiful thing,1,1,1,,,
beautiful use of color,1,1,1,,,
beautiful visuals,1,1,1,,,
beautifull,1,1,1,,,
beautifull places. wonderfull story,1,1,1,,,
beautifully acted,1,1,1,,,
beautifully adapted,1,1,1,,,
beautifully enigmatic,1,1,1,,,
beautifully filmed - a pleasure to watch - the friend i was with said it was even better than the book,1,1,1,,,
beautifully photographed,1,1,1,,,
beautifully tragic,1,1,1,,,
beauty contest,1,1,1,,,
beauty killed the beast,1,1,1,,,
beauty-school dropout,1,1,1,,,
beaver,1,1,1,,,
bebop,1,1,1,,,
bechdel test - pass,1,1,1,,,
bechdel test: fail,1,1,1,,,
bechdel test:pass (technically),1,1,1,,,
beckinsale,1,1,1,,,
bed,1,1,1,,,
bed and breakfast,1,1,1,,,
bedford falls production company,1,1,1,,,
bedroom farce,1,1,1,,,
bee,1,1,1,,,
bee gees,1,1,1,,,
bee vang,1,1,1,,,
beef,1,1,1,,,
beetlejuice beetlejuice beetlejuice,1,1,1,,,
beggars,1,1,1,,,
beginning of relationship,1,1,1,,,
beginning sequence,1,1,1,,,
beginning sucked,1,1,1,,,
beh,1,1,1,,,
beh...,1,1,1,,,
beh...long tedious,1,1,1,,,
behrouz vossoughi,1,1,1,,,
being gifted,1,1,1,,,
being prostituted by your husband is never romantic!,1,1,1,,,
beirut,1,1,1,,,
bela b,1,1,1,,,
bela lugosi wannabe,1,1,1,,,
belabored,1,1,1,,,
belen rueda,1,1,1,,,
belfast,1,1,1,,,
belief,1,1,1,,,
believability,1,1,1,,,
believable world,1,1,1,,,
believe in yourself,1,1,1,,,
believe in yourself cliche,1,1,1,,,
belinda bauer,1,1,1,,,
bella lugosi,1,1,1,,,
bellicose,1,1,1,,,
belly dancing,1,1,1,,,
belorus,1,1,1,,,
below expectations,1,1,1,,,
ben affleck = horrible movie,1,1,1,,,
ben affleck(written by),1,1,1,,,
ben burtt,1,1,1,,,
ben chaplin,1,1,1,,,
ben drew,1,1,1,,,
ben hollingsworth,1,1,1,,,
ben howling,1,1,1,,,
ben johnson,1,1,1,,,
ben kingsly,1,1,1,,,
ben lewin,1,1,1,,,
ben lyon,1,1,1,,,
ben mendelsohn,1,1,1,,,
ben miller,1,1,1,,,
ben palmer,1,1,1,,,
ben ramsey,1,1,1,,,
ben shapiro,1,1,1,,,
ben steinbauer,1,1,1,,,
ben tibber,1,1,1,,,
ben timlett,1,1,1,,,
ben younger,1,1,1,,,
bench,1,1,1,,,
bending bullets,1,1,1,,,
benecio del toro,1,1,1,,,
benefit concert,1,1,1,,,
benito zambrano,1,1,1,,,
benjamin cantu,1,1,1,,,
benjamin fingerhut,1,1,1,,,
benjamin heisenberg,1,1,1,,,
benjamin ross,1,1,1,,,
benjamin turner,1,1,1,,,
benjamin walker,1,1,1,,,
benjamín ávila,1,1,1,,,
benny zenga,1,1,1,,,
benoît jacquot,1,1,1,,,
benson lee,1,1,1,,,
bent-jorgen perlmutt,1,1,1,,,
berenice marlohe,1,1,1,,,
beret,1,1,1,,,
bergman,1,1,1,,,
bergman/rossellini,1,1,1,,,
berlinale 2002,1,1,1,,,
berlinale 2003,1,1,1,,,
berlinale 2004,1,1,1,,,
berline,1,1,1,,,
berlusconi,1,1,1,,,
bermuda triangle,1,1,1,,,
bernard blier,1,1,1,,,
bernard campan,1,1,1,,,
bernard farcy,1,1,1,,,
bernard mceveety,1,1,1,,,
bernard miles,1,1,1,,,
bernard queysanne,1,1,1,,,
berne,1,1,1,,,
bernhard goetzke,1,1,1,,,
bernie casey,1,1,1,,,
bernie l recommends,1,1,1,,,
bernt amadeus capra,1,1,1,,,
bertolucci,1,1,1,,,
bertrand russell,1,1,1,,,
bespin,1,1,1,,,
bess kargman,1,1,1,,,
best actress,1,1,1,,,
best animated movie in years,1,1,1,,,
best aviation sequences,1,1,1,,,
best book in series,1,1,1,,,
best comedy of '90,1,1,1,,,
best devil ever,1,1,1,,,
best disney movie,1,1,1,,,
best ending ever,1,1,1,,,
best ending to a trilogy,1,1,1,,,
best epithets ever,1,1,1,,,
best film 1986 hong kong film awards,1,1,1,,,
best holocaust movie ever,1,1,1,,,
best horror ever seen,1,1,1,,,
best in franchise,1,1,1,,,
best intelligent comedy ever,1,1,1,,,
best looking war film i have ever seen,1,1,1,,,
best low budget ever made,1,1,1,,,
best male performance ever,1,1,1,,,
best movie,1,1,1,,,
best movie of the decade,1,1,1,,,
best movie of the year.,1,1,1,,,
best movie of year!,1,1,1,,,
best movie villain,1,1,1,,,
best movies of all times,1,1,1,,,
best muppet sequel,1,1,1,,,
best music ever,1,1,1,,,
best of 2011,1,1,1,,,
best of both worlds,1,1,1,,,
best of de palma,1,1,1,,,
best of mcu,1,1,1,,,
best of star wars,1,1,1,,,
best of the 90's,1,1,1,,,
best of the brosnon bonds,1,1,1,,,
best of the franchise,1,1,1,,,
best of the genre,1,1,1,,,
best of the trilogy,1,1,1,,,
best one,1,1,1,,,
best one yet,1,1,1,,,
best performance malcolm mcdowell as alex delarge,1,1,1,,,
best performance:  al pacino as michael corleone,1,1,1,,,
best performance:  al pacino as sonny wortzik,1,1,1,,,
best performance:  angela bassett as tina turner,1,1,1,,,
best performance:  angelica huston as lilly dillon,1,1,1,,,
best performance:  audrey hepburn as holly golightly,1,1,1,,,
best performance:  barbara stanwyck as phyllis dietrichson,1,1,1,,,
best performance:  bette davis as margo channing,1,1,1,,,
best performance:  bill murray as phil connors,1,1,1,,,
best performance:  burt lancaster as j.j. hunsecker,1,1,1,,,
best performance:  carole lombard as maria tura,1,1,1,,,
best performance:  cary grant as dr. david huxley,1,1,1,,,
best performance:  catherine deneuve as severine serizy,1,1,1,,,
best performance:  chirstopher walken as nick chevotarevich,1,1,1,,,
"best performance:  daniel day-lewis as bill ""the butcher"" cutting",1,1,1,,,
best performance:  daniel day-lewis as christy brown,1,1,1,,,
best performance:  denzel washington as malcolm x,1,1,1,,,
best performance:  diane keaton as annie hall,1,1,1,,,
"best performance:  dustin hoffman as ""ratso"" rizzo",1,1,1,,,
best performance:  dustin hoffman as michael dorsey,1,1,1,,,
best performance:  emily watson as bess mcneill,1,1,1,,,
best performance:  emma thompson as miss kenton,1,1,1,,,
best performance:  faye dunaway as evelyn cross mulwray,1,1,1,,,
best performance:  gary oldman as sid vicious,1,1,1,,,
best performance:  gena rowlands as mabel longhetti,1,1,1,,,
best performance:  gene hackman as harry caul,1,1,1,,,
best performance:  george c. scott as general george s. patton jr.,1,1,1,,,
best performance:  gloria swanson as norma desmond,1,1,1,,,
best performance:  gong li as juxian,1,1,1,,,
best performance:  greta garbo as ninotchka,1,1,1,,,
best performance:  henry fonda as tom joad,1,1,1,,,
best performance:  hilary swank as boys don't cry,1,1,1,,,
best performance:  holly hunter as jane craig,1,1,1,,,
best performance:  humphrey bogart as fred c. dobbs,1,1,1,,,
best performance:  humphrey bogart as sam spade,1,1,1,,,
best performance:  jack nicholson as randle patrick mcmurphy,1,1,1,,,
best performance:  james cagney as george m. cohan,1,1,1,,,
best performance:  james dean as jim stark,1,1,1,,,
"best performance:  james stewart as john ""scottie"" ferguson",1,1,1,,,
best performance:  jamie foxx as ray charles,1,1,1,,,
best performance:  jane fonda as bree daniels,1,1,1,,,
best performance:  jeanne moreau as catherine,1,1,1,,,
"best performance:  jeff bridges as jeffrey ""the dude"" lebowski",1,1,1,,,
best performance:  jessica lange as frances farmer,1,1,1,,,
best performance:  joan crawford as mildred pierce,1,1,1,,,
best performance:  jodie foster as sarah tobias,1,1,1,,,
best performance:  john travolta as tony manero,1,1,1,,,
best performance:  johnny depp as captain jack sparrow,1,1,1,,,
best performance:  johnny depp as edward scissorhands,1,1,1,,,
best performance:  judy holliday as billie dawn,1,1,1,,,
best performance:  julie christie as diana scott,1,1,1,,,
best performance:  kate winslet as celmentine druczynski,1,1,1,,,
best performance:  katharine hepburn as tracy lord,1,1,1,,,
best performance:  katherine hepburn as eleanor of aquitaine,1,1,1,,,
best performance:  laurence olivier as richard iii,1,1,1,,,
best performance:  liv ullmann as elisabet vogler,1,1,1,,,
best performance:  madeline kahn as lili von shtupp,1,1,1,,,
best performance:  marlon brando as paul,1,1,1,,,
best performance:  marlon brandon as terry malloy,1,1,1,,,
best performance:  max von sydow as lasse karlsson,1,1,1,,,
best performance:  meryl streep as karen silkwood,1,1,1,,,
best performance:  meryl streep as sophie zawistowska,1,1,1,,,
best performance:  nicole kidman as suzanne stone maretto,1,1,1,,,
best performance:  paul newman as fast eddie felson,1,1,1,,,
best performance:  paul newman as frank galvin,1,1,1,,,
best performance:  peter lorre as hans beckert,1,1,1,,,
best performance:  peter o'toole as t.e. lawrence,1,1,1,,,
best performance:  philip seymour hoffman as truman capote,1,1,1,,,
best performance:  ralph fiennes as amon goeth,1,1,1,,,
best performance:  reese witherspoon as tracy flick,1,1,1,,,
best performance:  robart walker as bruno anthony,1,1,1,,,
best performance:  robert de niro as travis bickle,1,1,1,,,
best performance:  robert duvall as mac sledge,1,1,1,,,
best performance:  rosalind russell as hildy johnson,1,1,1,,,
best performance:  sidney poitier as virgil tibbs,1,1,1,,,
best performance:  sigourney weaver as ellen ripley,1,1,1,,,
best performance:  spencer tracy as henry drummond,1,1,1,,,
best performance:  tom hanks as josh baskin,1,1,1,,,
best performance: charlie chaplin as a tramp,1,1,1,,,
best performance: steve martin as navin johnson,1,1,1,,,
best performance: tom hanks as chuck noland,1,1,1,,,
best rambo,1,1,1,,,
best space horror,1,1,1,,,
best supporting actress nomination,1,1,1,,,
best war film,1,1,1,,,
best writing,1,1,1,,,
best zombie movie to date,1,1,1,,,
besutiful cinemotography,1,1,1,,,
beta,1,1,1,,,
beth behrs,1,1,1,,,
beth mccarthy-miller,1,1,1,,,
betrayl,1,1,1,,,
bets,1,1,1,,,
betsy chasse,1,1,1,,,
bette davis eyes,1,1,1,,,
better,1,1,1,,,
better book,1,1,1,,,
better in original language,1,1,1,,,
better method ai,1,1,1,,,
better not see but not so bad after all,1,1,1,,,
"better than ""lost in translation""",1,1,1,,,
better than any american silent,1,1,1,,,
better than book,1,1,1,,,
better than expected  from trailer,1,1,1,,,
better than expected but still overrated,1,1,1,,,
better than i remembered,1,1,1,,,
better than it sounds from the title,1,1,1,,,
better than jobs,1,1,1,,,
better than remake,1,1,1,,,
better than second,1,1,1,,,
better than the anime,1,1,1,,,
better than the cartoon,1,1,1,,,
better than the show,1,1,1,,,
better than:the cat returns,1,1,1,,,
better then original,1,1,1,,,
bettie davis rules,1,1,1,,,
betty field,1,1,1,,,
betty lou gerson,1,1,1,,,
betty white-tastic!  ...but the rest is formula...,1,1,1,,,
between two pillows,1,1,1,,,
beverly hills,1,1,1,,,
beverly washburn,1,1,1,,,
beware of the bull,1,1,1,,,
beware what you wish for,1,1,1,,,
bewitched,1,1,1,,,
beyonce cameo,1,1,1,,,
beyond,1,1,1,,,
beyond stupid,1,1,1,,,
beyond the iron curtain,1,1,1,,,
bflf,1,1,1,,,
bgab,1,1,1,,,
bhangra,1,1,1,,,
bi-polar personality,1,1,1,,,
biased documentary,1,1,1,,,
bible story,1,1,1,,,
bicycles,1,1,1,,,
big,1,1,1,,,
big acting,1,1,1,,,
big black tits,1,1,1,,,
big brothers,1,1,1,,,
big city,1,1,1,,,
big explosions,1,1,1,,,
big man,1,1,1,,,
big monster,1,1,1,,,
big suits,1,1,1,,,
big top,1,1,1,,,
biggoted,1,1,1,,,
bigotism,1,1,1,,,
bigotry,1,1,1,,,
bigtalk,1,1,1,,,
bigtourism,1,1,1,,,
biker,1,1,1,,,
biker dyke,1,1,1,,,
biker gang,1,1,1,,,
bikini,1,1,1,,,
bikini kill,1,1,1,,,
bill,1,1,1,,,
bill bennett,1,1,1,,,
bill bixby,1,1,1,,,
bill clinton,1,1,1,,,
bill couturié,1,1,1,,,
bill dickey,1,1,1,,,
bill engvall,1,1,1,,,
bill hootkins,1,1,1,,,
bill hunter,1,1,1,,,
bill jones,1,1,1,,,
bill krohn,1,1,1,,,
bill kroyer,1,1,1,,,
bill mahel,1,1,1,,,
bill moseley,1,1,1,,,
bill murray is the comedy king in this great movie,1,1,1,,,
bill murrey is awsome. this movie is b.e.a.utiful,1,1,1,,,
bill thompson,1,1,1,,,
bill weber,1,1,1,,,
billiard,1,1,1,,,
billy bo thornton,1,1,1,,,
billy burke,1,1,1,,,
billy gardell,1,1,1,,,
billy idol,1,1,1,,,
billy mauch,1,1,1,,,
billy murray,1,1,1,,,
billy weber,1,1,1,,,
bin won,1,1,1,,,
bing wang,1,1,1,,,
bingbing fan,1,1,1,,,
binoche,1,1,1,,,
binoculars,1,1,1,,,
biochemical weapons,1,1,1,,,
biographer,1,1,1,,,
biographic,1,1,1,,,
biographical(?),1,1,1,,,
biomorph,1,1,1,,,
biotech,1,1,1,,,
bioterrorism,1,1,1,,,
biplanes,1,1,1,,,
biracial character,1,1,1,,,
bird sounds,1,1,1,,,
birgit minichmayr,1,1,1,,,
birth,1,1,1,,,
birth control,1,1,1,,,
birth mark,1,1,1,,,
birth parent,1,1,1,,,
bishop allen,1,1,1,,,
bit corny,1,1,1,,,
bit too long,1,1,1,,,
bitch,1,1,1,,,
bitches be crazy,1,1,1,,,
bitchy,1,1,1,,,
bitt,1,1,1,,,
bitterswee,1,1,1,,,
bittersweet ending,1,1,1,,,
bittesweet,1,1,1,,,
bittunes,1,1,1,,,
bjj,1,1,1,,,
bjãƒâ¶rk,1,1,1,,,
björn stein,1,1,1,,,
black cat,1,1,1,,,
black civil rights,1,1,1,,,
black comedy; amnesia;,1,1,1,,,
black comedy; home improvement; dumb; children's,1,1,1,,,
black comeedy,1,1,1,,,
black familly,1,1,1,,,
black film,1,1,1,,,
black guy dies,1,1,1,,,
black hero,1,1,1,,,
black holes don't work like that,1,1,1,,,
black humor at its best,1,1,1,,,
black jack,1,1,1,,,
black music culture snl 80's,1,1,1,,,
black nationalist,1,1,1,,,
black people,1,1,1,,,
black power,1,1,1,,,
black reel awards for best supporting actress in a motion picture,1,1,1,,,
black servant,1,1,1,,,
black swan,1,1,1,,,
black vs. white,1,1,1,,,
blackandwhite,1,1,1,,,
blackberry,1,1,1,,,
blackface,1,1,1,,,
blacklist,1,1,1,,,
blades,1,1,1,,,
blag,1,1,1,,,
blah ending,1,1,1,,,
blair godzilla project,1,1,1,,,
blair gojira project,1,1,1,,,
blake clark,1,1,1,,,
blame,1,1,1,,,
blame canada,1,1,1,,,
blanca lewin,1,1,1,,,
blanchett,1,1,1,,,
bland bio of clifford irving,1,1,1,,,
bland lead actor,1,1,1,,,
blankness of life,1,1,1,,,
blasphemic,1,1,1,,,
bleeding heart liberalism,1,1,1,,,
blind guy,1,1,1,,,
blitz spirit,1,1,1,,,
block,1,1,1,,,
blockade,1,1,1,,,
blofeld,1,1,1,,,
bloke in distress,1,1,1,,,
blonde as beautiful,1,1,1,,,
blood spatter,1,1,1,,,
blood sport,1,1,1,,,
blood transfusion,1,1,1,,,
blood vomit,1,1,1,,,
bloodiest movie ever,1,1,1,,,
bloodlust,1,1,1,,,
bloods,1,1,1,,,
bloodshed,1,1,1,,,
bloody scenes,1,1,1,,,
bloomsbury group,1,1,1,,,
bloopers,1,1,1,,,
blowjob,1,1,1,,,
blue blood,1,1,1,,,
blue hadaegh,1,1,1,,,
blue mountains,1,1,1,,,
blue snow,1,1,1,,,
blues music,1,1,1,,,
blunderbuss,1,1,1,,,
blur,1,1,1,,,
blurry,1,1,1,,,
bmovie,1,1,1,,,
bo welch,1,1,1,,,
bo widerberg,1,1,1,,,
boarding school life,1,1,1,,,
boardroom jungle,1,1,1,,,
bob fisher,1,1,1,,,
bob geldof,1,1,1,,,
bob giraldi,1,1,1,,,
bob gunton,1,1,1,,,
bob hercules,1,1,1,,,
bob logan,1,1,1,,,
bob peterson,1,1,1,,,
bob saget,1,1,1,,,
bob smeaton,1,1,1,,,
bob-ombs,1,1,1,,,
bobbi sue luther,1,1,1,,,
bobby cannavale's character,1,1,1,,,
bobby farrelly,1,1,1,,,
bobby fischer,1,1,1,,,
bobby mauch,1,1,1,,,
bobby sands,1,1,1,,,
bobo,1,1,1,,,
boca grande florida,1,1,1,,,
bod mod,1,1,1,,,
bodrio,1,1,1,,,
body,1,1,1,,,
body art,1,1,1,,,
body dysphoria,1,1,1,,,
body hair,1,1,1,,,
body integrity identity disorder,1,1,1,,,
body language,1,1,1,,,
body torn apart,1,1,1,,,
bodysnatcher,1,1,1,,,
boers,1,1,1,,,
bogart & hepburn,1,1,1,,,
bogart and bacall,1,1,1,,,
bogie and bacall,1,1,1,,,
bogota,1,1,1,,,
bogus science,1,1,1,,,
boing & dumb & silly and much more crap,1,1,1,,,
bokeh,1,1,1,,,
boksdrama,1,1,1,,,
boldo,1,1,1,,,
bolek polivka,1,1,1,,,
bollox,1,1,1,,,
boman irani,1,1,1,,,
bomb attack,1,1,1,,,
bomb defusal,1,1,1,,,
bomb disarming suspense,1,1,1,,,
bomb expert,1,1,1,,,
bomb squad,1,1,1,,,
bomb vest,1,1,1,,,
bombast,1,1,1,,,
bomber,1,1,1,,,
bombing,1,1,1,,,
bombing of hiroshima,1,1,1,,,
bond girls,1,1,1,,,
bond would never ever be caught driving a frikkin ford,1,1,1,,,
bondage scene,1,1,1,,,
bong joon-ho,1,1,1,,,
bonni cohen,1,1,1,,,
bonnie bedelia,1,1,1,,,
bonsai,1,1,1,,,
booby trap,1,1,1,,,
booby traps,1,1,1,,,
book better than movie,1,1,1,,,
book club,1,1,1,,,
book editor,1,1,1,,,
book to movie,1,1,1,,,
book to movie adaptation,1,1,1,,,
book-justice,1,1,1,,,
book:in cold blood,1,1,1,,,
bookie,1,1,1,,,
bookstores' laws,1,1,1,,,
boom mike visible,1,1,1,,,
boomerang,1,1,1,,,
boooooooooooring,1,1,1,,,
bora bora,1,1,1,,,
bora dagtekin,1,1,1,,,
bordeaux,1,1,1,,,
borderline cringe moments,1,1,1,,,
bored game (amirite?),1,1,1,,,
boring 80's movie,1,1,1,,,
boring action,1,1,1,,,
boring and dragged out,1,1,1,,,
boring and historically inaccurate,1,1,1,,,
boring are the bori,1,1,1,,,
boring characters,1,1,1,,,
boring lead,1,1,1,,,
boring life,1,1,1,,,
boring people doing boring things for two and a half hours,1,1,1,,,
boring?,1,1,1,,,
boris zubov,1,1,1,,,
born-again,1,1,1,,,
borneo,1,1,1,,,
borring?,1,1,1,,,
borscht belt - jews buy now!,1,1,1,,,
borstal,1,1,1,,,
bosse lindquist,1,1,1,,,
both in spanish and english,1,1,1,,,
both in the same prison she is the only woman,1,1,1,,,
botox,1,1,1,,,
botswana,1,1,1,,,
boudewijn koole,1,1,1,,,
bought the dvd.,1,1,1,,,
boulder colorado,1,1,1,,,
bouncer,1,1,1,,,
bourgeois,1,1,1,,,
bouvier family,1,1,1,,,
bow and arrows,1,1,1,,,
bowdlerized,1,1,1,,,
bowler hat,1,1,1,,,
box of chocolate,1,1,1,,,
boxer rebellion,1,1,1,,,
boxing women tenacity,1,1,1,,,
boy,1,1,1,,,
boy band,1,1,1,,,
boy becomes a man,1,1,1,,,
boy genius,1,1,1,,,
boy meets girl,1,1,1,,,
boy nudity,1,1,1,,,
boy savior,1,1,1,,,
boy-girl,1,1,1,,,
boycotting school,1,1,1,,,
boyd kirkland,1,1,1,,,
boyfriend boyfriend relationship,1,1,1,,,
boys behaving badly,1,1,1,,,
boys glorifying the anti-hero,1,1,1,,,
boys own story,1,1,1,,,
boys with toys,1,1,1,,,
boys; priest; orphans; omaha; nebraska,1,1,1,,,
bracha van doesburgh,1,1,1,,,
brad bernstein,1,1,1,,,
brad besser,1,1,1,,,
brad copeland,1,1,1,,,
brad johnson,1,1,1,,,
brad lewis,1,1,1,,,
brad pitt and tom cruise,1,1,1,,,
brad pitt's texas accent was just ridiculous,1,1,1,,,
brad turner,1,1,1,,,
bradford dillman,1,1,1,,,
bradford may,1,1,1,,,
bradley coryell,1,1,1,,,
bradley king,1,1,1,,,
bradpitt,1,1,1,,,
brady corbet,1,1,1,,,
brain bang,1,1,1,,,
brain candy,1,1,1,,,
brain injury,1,1,1,,,
brainiac,1,1,1,,,
braininavat,1,1,1,,,
brainless fun,1,1,1,,,
brainless splatter,1,1,1,,,
brainstem stroke,1,1,1,,,
bram stoker,1,1,1,,,
branagh,1,1,1,,,
brandon hardesty,1,1,1,,,
brandon t. jackson,1,1,1,,,
bravado,1,1,1,,,
brave boy,1,1,1,,,
brave white hero with cowardly black sidekick,1,1,1,,,
brawl,1,1,1,,,
brawley nolte,1,1,1,,,
break human spirit,1,1,1,,,
break into lab,1,1,1,,,
breaking 4th wall,1,1,1,,,
breaking cycles,1,1,1,,,
breaking social boundaries,1,1,1,,,
breaking telephone,1,1,1,,,
breakneck pace,1,1,1,,,
breaks the rules of time travel,1,1,1,,,
breakthrough,1,1,1,,,
breathing,1,1,1,,,
breathtaking choreography,1,1,1,,,
breck eisner,1,1,1,,,
bree turner,1,1,1,,,
breezy,1,1,1,,,
brenda chapman,1,1,1,,,
brenda de banzie,1,1,1,,,
brenda vaccaro,1,1,1,,,
brendan fa,1,1,1,,,
brendan fletcher,1,1,1,,,
brendan king,1,1,1,,,
brendon fraser,1,1,1,,,
brenna sanchez,1,1,1,,,
brent hodge,1,1,1,,,
brent pierson,1,1,1,,,
brent sexton,1,1,1,,,
brent shields,1,1,1,,,
bret mckenzie,1,1,1,,,
bretaigne windust,1,1,1,,,
brett gaylor,1,1,1,,,
brett haley,1,1,1,,,
brett leonard,1,1,1,,,
brett thompson,1,1,1,,,
brewery,1,1,1,,,
brian austin green,1,1,1,,,
brian dannelly,1,1,1,,,
brian doyle murray,1,1,1,,,
brian f. o'byrne,1,1,1,,,
brian flemming,1,1,1,,,
brian froud,1,1,1,,,
brian goodman,1,1,1,,,
brian haley,1,1,1,,,
brian hecker,1,1,1,,,
brian howe,1,1,1,,,
brian knappenberger,1,1,1,,,
brian koppelman,1,1,1,,,
brian mills,1,1,1,,,
brian rhodes,1,1,1,,,
brian sloan,1,1,1,,,
brian spitz,1,1,1,,,
brian trenchard-smith,1,1,1,,,
brian tyler,1,1,1,,,
brian welsh,1,1,1,,,
briana evigan,1,1,1,,,
bribery,1,1,1,,,
bridegroom,1,1,1,,,
bridge of sighs,1,1,1,,,
bridget terry,1,1,1,,,
brief graphic violence,1,1,1,,,
brighton beach memoirs & juliana moore,1,1,1,,,
brigitte helm,1,1,1,,,
briliant,1,1,1,,,
brillant artists,1,1,1,,,
brillant film,1,1,1,,,
brilliant - best movie,1,1,1,,,
brilliant acting by all!  sean bean was amazing even though he hardly spoke.,1,1,1,,,
brilliant children,1,1,1,,,
brilliant heists...a funny,1,1,1,,,
brilliant humor,1,1,1,,,
brilliant photography,1,1,1,,,
brilliant plot and characters,1,1,1,,,
brilliant satire,1,1,1,,,
brilliant suspense,1,1,1,,,
brin hill,1,1,1,,,
bring the pain,1,1,1,,,
british academy of film and television arts award winner,1,1,1,,,
british actor,1,1,1,,,
british government,1,1,1,,,
british horror,1,1,1,,,
british music,1,1,1,,,
british politics,1,1,1,,,
british scene,1,1,1,,,
british sketch comedy,1,1,1,,,
british slap stick,1,1,1,,,
british tv,1,1,1,,,
brittany spears,1,1,1,,,
brittish,1,1,1,,,
brock peters,1,1,1,,,
brody's nose in the kiss more dangerous than the beast!,1,1,1,,,
broing plot,1,1,1,,,
broken beautiful girl,1,1,1,,,
broken family,1,1,1,,,
broken man,1,1,1,,,
broken rhythm,1,1,1,,,
brolove,1,1,1,,,
bronislaw pawlik,1,1,1,,,
bronwen hughes,1,1,1,,,
bronze punk,1,1,1,,,
brooch,1,1,1,,,
brooke shields,1,1,1,,,
brookenthal,1,1,1,,,
brooklyn bridge,1,1,1,,,
brooklyn decker,1,1,1,,,
brosnan,1,1,1,,,
brother sun sister moon in space,1,1,1,,,
brothers grimm,1,1,1,,,
brought me almost too and painfully involved with the story,1,1,1,,,
brownface,1,1,1,,,
bruce a. evans,1,1,1,,,
bruce altman,1,1,1,,,
bruce cabot,1,1,1,,,
bruce edward hall,1,1,1,,,
bruce gowers,1,1,1,,,
bruce hunt. cole hauser,1,1,1,,,
bruce joel rubin,1,1,1,,,
bruce leddy,1,1,1,,,
bruce mcgill,1,1,1,,,
bruce payne,1,1,1,,,
bruce timm,1,1,1,,,
bruce willis is dead,1,1,1,,,
bruce willlis,1,1,1,,,
brucesploitation,1,1,1,,,
brugge,1,1,1,,,
brunette as evil,1,1,1,,,
bruno bozzetto,1,1,1,,,
bruno campos,1,1,1,,,
bruno coulais,1,1,1,,,
bruno delbonnel,1,1,1,,,
bruno irizarry,1,1,1,,,
bruno nuytten,1,1,1,,,
bruno romy,1,1,1,,,
brutal women,1,1,1,,,
brutus,1,1,1,,,
bryan fogel,1,1,1,,,
bryan poyser,1,1,1,,,
bsar2,1,1,1,,,
bsas,1,1,1,,,
bsdm,1,1,1,,,
bubba gump,1,1,1,,,
bubba gump shrimp,1,1,1,,,
bubbles,1,1,1,,,
bud friedgen,1,1,1,,,
bud greenspan,1,1,1,,,
buddha,1,1,1,,,
buddie movie,1,1,1,,,
buddy giovinazzo,1,1,1,,,
budget,1,1,1,,,
bugsy siegal,1,1,1,,,
buichi saito,1,1,1,,,
building self-esteem,1,1,1,,,
bukkake scene,1,1,1,,,
bukom,1,1,1,,,
bukowsky,1,1,1,,,
bulgaria,1,1,1,,,
bulimia,1,1,1,,,
bull dyke,1,1,1,,,
bulldog,1,1,1,,,
bulldog drummond,1,1,1,,,
bulldyke,1,1,1,,,
bullet time,1,1,1,,,
bullettime,1,1,1,,,
bullies,1,1,1,,,
bullplop,1,1,1,,,
bullshit science,1,1,1,,,
bumer,1,1,1,,,
bummer,1,1,1,,,
bunker,1,1,1,,,
burb,1,1,1,,,
burbank ca,1,1,1,,,
burghart klauã?ner,1,1,1,,,
burhan qurbani,1,1,1,,,
burlesque (scene),1,1,1,,,
burn gorman,1,1,1,,,
burn notice,1,1,1,,,
burny mattinson,1,1,1,,,
burton's worst movie,1,1,1,,,
burtonesk,1,1,1,,,
bush,1,1,1,,,
bushido code of honor,1,1,1,,,
business partner,1,1,1,,,
business tycoon,1,1,1,,,
busking,1,1,1,,,
busniess,1,1,1,,,
busta rhymes,1,1,1,,,
buster crabbe,1,1,1,,,
but a bit passe now.,1,1,1,,,
but a classic,1,1,1,,,
but a fun comedy.,1,1,1,,,
but a little slow,1,1,1,,,
but also a very,1,1,1,,,
but bad,1,1,1,,,
but better!,1,1,1,,,
but boring,1,1,1,,,
but emmy rossum is terrific,1,1,1,,,
but good,1,1,1,,,
but his supporting cast was made too quirky in this movie (gun crazy rosewood really took away from the wit of the movie).,1,1,1,,,
but i would love to take a road trip down to the school to see the memorial.,1,1,1,,,
but in evil liquid metal robot form,1,1,1,,,
but it's fun.,1,1,1,,,
but kind of stressful to watch.,1,1,1,,,
but long,1,1,1,,,
but mostly for kids,1,1,1,,,
but no way as good as the other two,1,1,1,,,
but not nearly as good,1,1,1,,,
but not seen,1,1,1,,,
but reeeeeeaaaally boring movie.,1,1,1,,,
but still a fun movie.,1,1,1,,,
but still excellent,1,1,1,,,
but still worth watching,1,1,1,,,
but the court scene leaves much to be desired.,1,1,1,,,
but the whole addiction thing gets boring.,1,1,1,,,
but they're not very clever,1,1,1,,,
but too slow,1,1,1,,,
butch,1,1,1,,,
butcher,1,1,1,,,
butcher knife,1,1,1,,,
butchery,1,1,1,,,
buto,1,1,1,,,
butte montana,1,1,1,,,
butterfly,1,1,1,,,
butterfly twinkle powder,1,1,1,,,
buttons,1,1,1,,,
buzz kilman,1,1,1,,,
buzz lightyear,1,1,1,,,
buã±el is a master,1,1,1,,,
bwahaha love it,1,1,1,,,
byambasuren davaa,1,1,1,,,
byelorussia,1,1,1,,,
byron mann,1,1,1,,,
bã©la tarr,1,1,1,,,
bã¶se jungs,1,1,1,,,
bård breien,1,1,1,,,
béla balázs,1,1,1,,,
c,1,1,1,,,
c s lewis,1,1,1,,,
c. jay cox,1,1,1,,,
c. thomas howell,1,1,1,,,
c. waltz,1,1,1,,,
cab calloway,1,1,1,,,
cab driver,1,1,1,,,
cady huffman,1,1,1,,,
caine,1,1,1,,,
caitlin clarke,1,1,1,,,
caitlin stasey,1,1,1,,,
calculable movie,1,1,1,,,
calculating,1,1,1,,,
calcutta,1,1,1,,,
caleb foss,1,1,1,,,
caleidoscopial,1,1,1,,,
calgary,1,1,1,,,
calin peter netzer,1,1,1,,,
call someone dammit,1,1,1,,,
callan mcauliffe,1,1,1,,,
callcenter,1,1,1,,,
calling for attention,1,1,1,,,
calvin dean,1,1,1,,,
cam gigandet,1,1,1,,,
cameo: hugh jackman,1,1,1,,,
cameo: john waters,1,1,1,,,
cameo:burt bacharach,1,1,1,,,
cameo:elvis costello,1,1,1,,,
cameo:george foreman,1,1,1,,,
cameo:green day,1,1,1,,,
cameo:iggy pop,1,1,1,,,
cameo:jackie chan,1,1,1,,,
cameo:jerry springer,1,1,1,,,
cameo:jim henson,1,1,1,,,
cameo:john landis,1,1,1,,,
cameo:john watters,1,1,1,,,
cameo:jonathan lynn,1,1,1,,,
cameo:leonard nimoy,1,1,1,,,
cameo:marvin hamlisch,1,1,1,,,
cameo:roman polanski,1,1,1,,,
cameo:susie bright,1,1,1,,,
cameo:warner wolf,1,1,1,,,
camera as portal,1,1,1,,,
cameron bright,1,1,1,,,
cameron casey,1,1,1,,,
cameron diaz running,1,1,1,,,
cameron mitchell,1,1,1,,,
cameroon,1,1,1,,,
camille stopps,1,1,1,,,
camorra,1,1,1,,,
camp classic,1,1,1,,,
camp sci fi,1,1,1,,,
camp was shut down,1,1,1,,,
camp x-ray,1,1,1,,,
campania,1,1,1,,,
can you change the past?,1,1,1,,,
can't be arsed to watch more than once cos i know it'll still be confusing,1,1,1,,,
can't decide whether it's action or comedy,1,1,1,,,
can't define genre,1,1,1,,,
can't find on dvd,1,1,1,,,
can't get past the first 20 min,1,1,1,,,
can't see shit,1,1,1,,,
can't stand rogue!,1,1,1,,,
can't understand a word of it,1,1,1,,,
canadian haha,1,1,1,,,
canadian movie,1,1,1,,,
canadian wilderness,1,1,1,,,
canadiana,1,1,1,,,
canary islands,1,1,1,,,
candid,1,1,1,,,
candid sex,1,1,1,,,
candle,1,1,1,,,
candy hog,1,1,1,,,
cannes film festival,1,1,1,,,
cannes: un certain regard,1,1,1,,,
cannes:special jury prize,1,1,1,,,
cannibal,1,1,1,,,
cannibalism?,1,1,1,,,
cannot wait!,1,1,1,,,
canoga park,1,1,1,,,
cant forget its george clooney,1,1,1,,,
canuxploitation,1,1,1,,,
capacity to love,1,1,1,,,
cape fear,1,1,1,,,
caperucita roja,1,1,1,,,
capital sin,1,1,1,,,
capone,1,1,1,,,
capri,1,1,1,,,
captain marvel,1,1,1,,,
car destruction,1,1,1,,,
car jump,1,1,1,,,
car race,1,1,1,,,
car theft,1,1,1,,,
car trouble,1,1,1,,,
car: austin-healey 3000,1,1,1,,,
cara mia,1,1,1,,,
cara seymour,1,1,1,,,
caravan,1,1,1,,,
carbon footprint,1,1,1,,,
carbonite,1,1,1,,,
cardiac surgery,1,1,1,,,
carey elwes,1,1,1,,,
carey grant,1,1,1,,,
carey loftin,1,1,1,,,
carey lowell,1,1,1,,,
cargo ship,1,1,1,,,
caricacatures,1,1,1,,,
carl anderson,1,1,1,,,
carl deal,1,1,1,,,
carl gottlieb,1,1,1,,,
carles bosch,1,1,1,,,
carlos alazraqui,1,1,1,,,
carlos bolado,1,1,1,,,
carlos césar arbeláez,1,1,1,,,
carlos marques-marcet,1,1,1,,,
carlos saldanha (co-director),1,1,1,,,
carlye rubin,1,1,1,,,
carmen maura,1,1,1,,,
carnivalesque,1,1,1,,,
carol,1,1,1,,,
carol burnett,1,1,1,,,
carole bouquet,1,1,1,,,
carole landis,1,1,1,,,
carpet,1,1,1,,,
carpetbaggers - white man oppressed!!!,1,1,1,,,
carre otis,1,1,1,,,
carrey,1,1,1,,,
carrie-anne moss - the only good matrix,1,1,1,,,
carrier pidgeons,1,1,1,,,
carrier pigeon,1,1,1,,,
carroll lewis,1,1,1,,,
carrots,1,1,1,,,
carson kressley,1,1,1,,,
carsten norgaard,1,1,1,,,
carter smith,1,1,1,,,
cartman,1,1,1,,,
cartoon for grown-ups,1,1,1,,,
cartoon fx,1,1,1,,,
cartoon to big screen,1,1,1,,,
cary bell,1,1,1,,,
cary-hiroyuki tagawa,1,1,1,,,
casablanca,1,1,1,,,
casablanca remake,1,1,1,,,
casal,1,1,1,,,
casamento,1,1,1,,,
cash-in,1,1,1,,,
casper kelly,1,1,1,,,
casper van dien,1,1,1,,,
cassandra complex,1,1,1,,,
cast is an all-star cast,1,1,1,,,
caste system,1,1,1,,,
casting change,1,1,1,,,
castle rock,1,1,1,,,
casual racism,1,1,1,,,
cat  and mouse game,1,1,1,,,
cat like behavior,1,1,1,,,
cat women,1,1,1,,,
catacombs,1,1,1,,,
catapult,1,1,1,,,
catastrophy,1,1,1,,,
catch,1,1,1,,,
catchy lines,1,1,1,,,
cate bauer,1,1,1,,,
cate blanc,1,1,1,,,
cate blanchett !!!!,1,1,1,,,
cate blanchett dancing,1,1,1,,,
catharsis through anamnesis,1,1,1,,,
catherine frot,1,1,1,,,
catherine hepburrn,1,1,1,,,
catherine hicks,1,1,1,,,
catherine spaak,1,1,1,,,
catherine tate,1,1,1,,,
catherine tatge,1,1,1,,,
catholicvatican,1,1,1,,,
catinca untaru,1,1,1,,,
catnip,1,1,1,,,
cattle drive,1,1,1,,,
cattle punk,1,1,1,,,
cautionary fable,1,1,1,,,
cave men,1,1,1,,,
caveh zahedi,1,1,1,,,
cavendish hotel,1,1,1,,,
caves,1,1,1,,,
cb,1,1,1,,,
cb radio,1,1,1,,,
cbs,1,1,1,,,
cecilia cheung,1,1,1,,,
cecilia peck,1,1,1,,,
cecilia roth,1,1,1,,,
cedric gibbons,1,1,1,,,
celebrity fetishism,1,1,1,,,
celebs,1,1,1,,,
celestial seasonings,1,1,1,,,
celia imrie,1,1,1,,,
celia johnson,1,1,1,,,
celine danhier,1,1,1,,,
cellar,1,1,1,,,
cemetary funeral,1,1,1,,,
centaurs,1,1,1,,,
central asia,1,1,1,,,
central event:wedding preparation?,1,1,1,,,
centre for cultural activities,1,1,1,,,
centuries,1,1,1,,,
cerina vincent,1,1,1,,,
cervantes,1,1,1,,,
cesar romero,1,1,1,,,
cg used effectively,1,1,1,,,
cgi animal,1,1,1,,,
cgi b/w,1,1,1,,,
cgi heavy,1,1,1,,,
chace crawford,1,1,1,,,
chace scene,1,1,1,,,
chad cohen,1,1,1,,,
chad hartigan,1,1,1,,,
chad stahelski,1,1,1,,,
chad villella,1,1,1,,,
chainsaws,1,1,1,,,
chakri toleti,1,1,1,,,
chalet,1,1,1,,,
challenges aid,1,1,1,,,
challenges gender roles,1,1,1,,,
challenges prejudices,1,1,1,,,
chameleon,1,1,1,,,
chamonix,1,1,1,,,
champagne,1,1,1,,,
chandler,1,1,1,,,
chandler tuttle,1,1,1,,,
chandra barot,1,1,1,,,
chang cheh,1,1,1,,,
chang-min choo,1,1,1,,,
change in storylines,1,1,1,,,
change the future,1,1,1,,,
changed ending,1,1,1,,,
changed identity,1,1,1,,,
chanoch zeevi,1,1,1,,,
chanson,1,1,1,,,
chao-bin su,1,1,1,,,
chaotic neutral character,1,1,1,,,
chaotic start,1,1,1,,,
chapel,1,1,1,,,
chapman way,1,1,1,,,
character actor,1,1,1,,,
character archetypes,1,1,1,,,
character based on a real person:disraeli,1,1,1,,,
character based on real person: diane arbus,1,1,1,,,
character based on real person:al capone,1,1,1,,,
character based on real person:albert einstein,1,1,1,,,
character based on real person:anne frank,1,1,1,,,
character based on real person:annie oakley,1,1,1,,,
character based on real person:beethoven,1,1,1,,,
character based on real person:buffalo bill,1,1,1,,,
character based on real person:charles dickens,1,1,1,,,
character based on real person:charlie chaplin,1,1,1,,,
character based on real person:daniel pearl,1,1,1,,,
character based on real person:helen keller,1,1,1,,,
character based on real person:howard hughes,1,1,1,,,
character based on real person:hunter s. thompson,1,1,1,,,
character based on real person:idi amin,1,1,1,,,
character based on real person:johnny cash,1,1,1,,,
character based on real person:muhammad ali,1,1,1,,,
character based on real person:ray charles,1,1,1,,,
character based on real person:richard nixon,1,1,1,,,
character based on real person:saddam hussein,1,1,1,,,
character based on real person:the king,1,1,1,,,
character based on real person:vivian leigh,1,1,1,,,
character contrast,1,1,1,,,
character death,1,1,1,,,
character growth,1,1,1,,,
character in wheelchair,1,1,1,,,
character motivations,1,1,1,,,
character styles,1,1,1,,,
character suffering depression,1,1,1,,,
character-driven,1,1,1,,,
character:bob and doug mackenzie,1,1,1,,,
character:bulldog drummond,1,1,1,,,
character:carol marcus,1,1,1,,,
character:dirty harry?,1,1,1,,,
character:doctor who,1,1,1,,,
character:hawkeye,1,1,1,,,
character:infanata,1,1,1,,,
character:inspector morse,1,1,1,,,
character:mike hammer,1,1,1,,,
character:snake plissken,1,1,1,,,
character:spiderman,1,1,1,,,
character:the doctor,1,1,1,,,
characters are morons,1,1,1,,,
characters boring,1,1,1,,,
characters overreacting,1,1,1,,,
characters talk like they are on btvs,1,1,1,,,
characters were beautiful. themes of responsibility to others and nature,1,1,1,,,
characters],1,1,1,,,
charaters,1,1,1,,,
charismatic leader,1,1,1,,,
charismatic male character,1,1,1,,,
charles a. nichols,1,1,1,,,
charles bartlett ii,1,1,1,,,
charles bennett,1,1,1,,,
charles berling,1,1,1,,,
charles bickford,1,1,1,,,
charles burnett,1,1,1,,,
charles coburn,1,1,1,,,
charles cyphers,1,1,1,,,
charles gray,1,1,1,,,
charles guard,1,1,1,,,
charles haid,1,1,1,,,
charles herman-wurmfeld,1,1,1,,,
charles jarrott,1,1,1,,,
charles judels,1,1,1,,,
charles matthau,1,1,1,,,
charles portis,1,1,1,,,
charles ruggles,1,1,1,,,
charles s. dutton,1,1,1,,,
charles shyer,1,1,1,,,
charles stone iii,1,1,1,,,
charles sturridge,1,1,1,,,
charles swenson,1,1,1,,,
charlestown,1,1,1,,,
charley rogers,1,1,1,,,
charlie brooker,1,1,1,,,
charlie kaufmann,1,1,1,,,
charlie mcdowell,1,1,1,,,
charlie sheenâ¨,1,1,1,,,
charlie siskel,1,1,1,,,
charlotte coleman,1,1,1,,,
charlotte lewis,1,1,1,,,
charming characters,1,1,1,,,
charming dialogues,1,1,1,,,
charming film,1,1,1,,,
charming protagonist,1,1,1,,,
charmingly amateurish,1,1,1,,,
charmingly outdated cgi,1,1,1,,,
charmingly stupid,1,1,1,,,
chase sequences,1,1,1,,,
chase. woman in distress,1,1,1,,,
chaucer,1,1,1,,,
chavez,1,1,1,,,
cheadle appearance,1,1,1,,,
cheap sexual tension,1,1,1,,,
cheap twists,1,1,1,,,
cheaply made,1,1,1,,,
cheats,1,1,1,,,
check out extended version,1,1,1,,,
cheerful,1,1,1,,,
cheesburger,1,1,1,,,
cheesey,1,1,1,,,
cheesy (bad),1,1,1,,,
cheesy acting,1,1,1,,,
cheesy ending scene,1,1,1,,,
cheesy fun,1,1,1,,,
cheesy yet fun,1,1,1,,,
cheetah chase scene,1,1,1,,,
cheezy to the max!,1,1,1,,,
chelsea martin,1,1,1,,,
chelsea pier,1,1,1,,,
chemical,1,1,1,,,
chemistry - not the scientific kind,1,1,1,,,
cher's good!,1,1,1,,,
cherel ito,1,1,1,,,
cheri pugh,1,1,1,,,
cherien dabis,1,1,1,,,
cherished artifact,1,1,1,,,
cherlize theron,1,1,1,,,
chernobyl,1,1,1,,,
cherry darling,1,1,1,,,
cheryl dunn,1,1,1,,,
cheryl hines,1,1,1,,,
cheryl tiegs,1,1,1,,,
chess label,1,1,1,,,
chest,1,1,1,,,
chestburster,1,1,1,,,
chester cat,1,1,1,,,
chester morris,1,1,1,,,
chetnik,1,1,1,,,
chia yung liu,1,1,1,,,
chia-hui liu,1,1,1,,,
chianti,1,1,1,,,
chicago boys,1,1,1,,,
chicago il,1,1,1,,,
chich flick,1,1,1,,,
chick flic,1,1,1,,,
chick flick 212,1,1,1,,,
chico colvard,1,1,1,,,
chico marx,1,1,1,,,
chieko matsubara,1,1,1,,,
chiemi karasawa,1,1,1,,,
chih-hung kuei,1,1,1,,,
child alone after parents died,1,1,1,,,
child catcher is freaky,1,1,1,,,
child hero,1,1,1,,,
child molester,1,1,1,,,
child protagonist,1,1,1,,,
child protection,1,1,1,,,
child sacrifice,1,1,1,,,
child star,1,1,1,,,
child thief,1,1,1,,,
child trafficking,1,1,1,,,
child victims,1,1,1,,,
child with liquor,1,1,1,,,
child's play,1,1,1,,,
child's point of view,1,1,1,,,
child's wisdom,1,1,1,,,
child-like protagonist,1,1,1,,,
childern,1,1,1,,,
childhood dreams,1,1,1,,,
childhood favorite,1,1,1,,,
childhood ignorance,1,1,1,,,
childhood innocence,1,1,1,,,
childhood recaptured(?),1,1,1,,,
childish british shit,1,1,1,,,
childish humor,1,1,1,,,
childishness,1,1,1,,,
childre,1,1,1,,,
children comedy,1,1,1,,,
children killing adult,1,1,1,,,
children oriented,1,1,1,,,
children vs. parents,1,1,1,,,
children wit,1,1,1,,,
children's drama,1,1,1,,,
children.,1,1,1,,,
china beijing lawsuit grudge,1,1,1,,,
china mysticism,1,1,1,,,
china reality,1,1,1,,,
chinatown,1,1,1,,,
chinese cliche,1,1,1,,,
chinese diaspora,1,1,1,,,
chinese downhill!!!,1,1,1,,,
chinese jingoism,1,1,1,,,
chinese mafia,1,1,1,,,
chinese manufacturing,1,1,1,,,
ching-po wong,1,1,1,,,
chiptunes,1,1,1,,,
chishu ryu,1,1,1,,,
chivalry,1,1,1,,,
chloris leachman is hilarious.,1,1,1,,,
chloã?ãâ« grace moretz,1,1,1,,,
chloãƒâƒã‚â« grace moretz,1,1,1,,,
chloé zhao,1,1,1,,,
chloë sevigny,1,1,1,,,
chocolat,1,1,1,,,
chocolate milk,1,1,1,,,
chocolate waterfall,1,1,1,,,
chocolates,1,1,1,,,
choderlos de laclos,1,1,1,,,
chop-chop,1,1,1,,,
chopra,1,1,1,,,
choreographed shootouts,1,1,1,,,
chorus,1,1,1,,,
chosen one,1,1,1,,,
chris berkeley,1,1,1,,,
chris bowman,1,1,1,,,
chris butler,1,1,1,,,
chris colfer,1,1,1,,,
chris conrad,1,1,1,,,
chris cunningham,1,1,1,,,
chris eigeman,1,1,1,,,
chris eska,1,1,1,,,
chris evan's butt,1,1,1,,,
chris frahme,1,1,1,,,
chris gerolmo,1,1,1,,,
chris hunt,1,1,1,,,
chris isaak,1,1,1,,,
chris j. ford,1,1,1,,,
chris james thompson,1,1,1,,,
chris koch,1,1,1,,,
chris kraus,1,1,1,,,
chris lamartina,1,1,1,,,
chris landreth,1,1,1,,,
chris lavis,1,1,1,,,
chris malloy,1,1,1,,,
chris metzler,1,1,1,,,
chris nahon,1,1,1,,,
chris stenner,1,1,1,,,
chris sullivan,1,1,1,,,
chris t,1,1,1,,,
chris tasara,1,1,1,,,
chris terrio,1,1,1,,,
chris walas,1,1,1,,,
christ,1,1,1,,,
christ imagery,1,1,1,,,
christ.,1,1,1,,,
christams,1,1,1,,,
christening,1,1,1,,,
christian alvart,1,1,1,,,
christian bale is hot,1,1,1,,,
christian cooke,1,1,1,,,
christian ditter,1,1,1,,,
christian freak,1,1,1,,,
christian frei,1,1,1,,,
christian larson,1,1,1,,,
christian metaphors,1,1,1,,,
christian nyby,1,1,1,,,
christian pabulum,1,1,1,,,
christian petzold,1,1,1,,,
christian pitre,1,1,1,,,
christian rub,1,1,1,,,
christian vincent,1,1,1,,,
christian wishful thinking,1,1,1,,,
christian zubert,1,1,1,,,
christian zübert,1,1,1,,,
christian-jaque,1,1,1,,,
christians are morons,1,1,1,,,
"christina aguilera performs ""reflection""",1,1,1,,,
christina andreef,1,1,1,,,
christina clausen,1,1,1,,,
christina milian,1,1,1,,,
christine,1,1,1,,,
christine choy,1,1,1,,,
christine cynn,1,1,1,,,
christine ebersole,1,1,1,,,
christine edzard,1,1,1,,,
christine taylor,1,1,1,,,
christmas england history,1,1,1,,,
christmas special,1,1,1,,,
christmas tree,1,1,1,,,
christof wackernagel,1,1,1,,,
christoffer boe,1,1,1,,,
christoforos papakaliatis,1,1,1,,,
christoper guest,1,1,1,,,
christoph lauenstein,1,1,1,,,
christophe barratier,1,1,1,,,
christophe gans,1,1,1,,,
christopher ashley,1,1,1,,,
christopher bird,1,1,1,,,
christopher bond,1,1,1,,,
christopher brown,1,1,1,,,
christopher dillon quinn,1,1,1,,,
christopher doyle,1,1,1,,,
christopher gorham,1,1,1,,,
christopher hated it,1,1,1,,,
christopher hitchens,1,1,1,,,
christopher kenneally,1,1,1,,,
christopher knights,1,1,1,,,
christopher leitch,1,1,1,,,
christopher martin,1,1,1,,,
christopher mcquarrie,1,1,1,,,
christopher mintz plasse,1,1,1,,,
christopher morris,1,1,1,,,
christopher nolanï¼œbatman,1,1,1,,,
christopher noth,1,1,1,,,
christopher reeves,1,1,1,,,
christopher storer,1,1,1,,,
christopher thompson,1,1,1,,,
christopher walken and dennis hopper scene,1,1,1,,,
christy cabanne,1,1,1,,,
christy chung,1,1,1,,,
chromosome,1,1,1,,,
chronic shyness,1,1,1,,,
chronology,1,1,1,,,
chuan lu,1,1,1,,,
chuck & buck...,1,1,1,,,
chuck berry,1,1,1,,,
chuck connors,1,1,1,,,
chuck o'neil,1,1,1,,,
chuckie's mom,1,1,1,,,
chucky,1,1,1,,,
chungking mansions,1,1,1,,,
churchill,1,1,1,,,
cia funded,1,1,1,,,
ciarán hinds,1,1,1,,,
cicada,1,1,1,,,
cicely tyson,1,1,1,,,
cigarette smoking,1,1,1,,,
cinderella moment,1,1,1,,,
cinderella story gone wrong,1,1,1,,,
cindy lou who,1,1,1,,,
cindy meehl,1,1,1,,,
cinema history,1,1,1,,,
cinema terrorism,1,1,1,,,
cinema veritãƒâ©,1,1,1,,,
cinema verité,1,1,1,,,
cinemaquorum,1,1,1,,,
cinematic,1,1,1,,,
cinematic character continuity,1,1,1,,,
cinematic tribute,1,1,1,,,
cinematic watershed,1,1,1,,,
cinematogr,1,1,1,,,
cinematograp,1,1,1,,,
cinematographer:nick doob,1,1,1,,,
cinematographer:phil parmet,1,1,1,,,
cinematographically examines issues in contemporary cultre,1,1,1,,,
cinematography beautiful,1,1,1,,,
cinematography: conrad hall,1,1,1,,,
cinematrophy,1,1,1,,,
cinemotography,1,1,1,,,
cinemtography,1,1,1,,,
cinã©ma vã©ritã©,1,1,1,,,
circle k,1,1,1,,,
circo,1,1,1,,,
circus sideshow,1,1,1,,,
ciro guerra,1,1,1,,,
cisco,1,1,1,,,
cisco henson,1,1,1,,,
cisnormative,1,1,1,,,
citizen justice,1,1,1,,,
citizen kane,1,1,1,,,
city,1,1,1,,,
city hall,1,1,1,,,
city politics,1,1,1,,,
civil car,1,1,1,,,
civil disobedience,1,1,1,,,
civil war women,1,1,1,,,
civilisation,1,1,1,,,
civilized animals,1,1,1,,,
claire geare,1,1,1,,,
clamdigger bar,1,1,1,,,
clandestine,1,1,1,,,
clara law,1,1,1,,,
clare beavan,1,1,1,,,
clarence g. badger,1,1,1,,,
clark gregg,1,1,1,,,
clash of cultures?,1,1,1,,,
class commentary,1,1,1,,,
class conscious,1,1,1,,,
class struggle,1,1,1,,,
class trilogy,1,1,1,,,
classic 80s cliches,1,1,1,,,
classic and atmospheric,1,1,1,,,
classic animated feature film,1,1,1,,,
classic beauty,1,1,1,,,
classic bette davis,1,1,1,,,
classic bond,1,1,1,,,
classic bugs bunny animations,1,1,1,,,
classic cheerful short,1,1,1,,,
classic children's adventure,1,1,1,,,
classic disney movie,1,1,1,,,
classic feel,1,1,1,,,
classic film,1,1,1,,,
classic holiday movie,1,1,1,,,
classic hollywood bullshit about bad guy talks too much when his about to shoot someone instead of just shoot him.,1,1,1,,,
classic jack,1,1,1,,,
classic lumet,1,1,1,,,
classic manga,1,1,1,,,
classic martial arts,1,1,1,,,
classic remake,1,1,1,,,
classic rock,1,1,1,,,
classic sci fi,1,1,1,,,
classic soundtrack,1,1,1,,,
classic tale,1,1,1,,,
classic villain,1,1,1,,,
classic war movie,1,1,1,,,
classic western,1,1,1,,,
classic!,1,1,1,,,
classic!!!,1,1,1,,,
classic. enduring. ever fresh.,1,1,1,,,
classical symmetry,1,1,1,,,
classicism,1,1,1,,,
classics,1,1,1,,,
classmate,1,1,1,,,
classmates,1,1,1,,,
classroom scene,1,1,1,,,
claude nuridsany,1,1,1,,,
claude zidi,1,1,1,,,
claudia fontan,1,1,1,,,
claudia fontã¡n,1,1,1,,,
claudia gerini,1,1,1,,,
claudia sainte-luce,1,1,1,,,
claudia vega,1,1,1,,,
claudio fragasso,1,1,1,,,
claustrophic,1,1,1,,,
clayton jacobson,1,1,1,,,
cle shaheed sloan,1,1,1,,,
clean cinematography,1,1,1,,,
clean ending,1,1,1,,,
clear salvation message,1,1,1,,,
clear-vision,1,1,1,,,
cleavent derricks,1,1,1,,,
cleavon little,1,1,1,,,
clemence,1,1,1,,,
cleopatra,1,1,1,,,
clergy,1,1,1,,,
clermont-ferrand,1,1,1,,,
clever characters,1,1,1,,,
clever concept,1,1,1,,,
clever dialog,1,1,1,,,
clever editing,1,1,1,,,
clever moments,1,1,1,,,
cliche action scenes,1,1,1,,,
cliche after cliche,1,1,1,,,
cliche depiction of writers and artists,1,1,1,,,
cliche villains,1,1,1,,,
clichã?â©d plot,1,1,1,,,
clichã© horror ending,1,1,1,,,
clichã©d aesthetics,1,1,1,,,
clichã©d future,1,1,1,,,
clichã©d in places,1,1,1,,,
clichã©d plot,1,1,1,,,
cliché finale,1,1,1,,,
clichéd,1,1,1,,,
click,1,1,1,,,
cliff edwards,1,1,1,,,
cliff hanger,1,1,1,,,
cliffhanger ending,1,1,1,,,
clifton collins jr.,1,1,1,,,
clifton webb,1,1,1,,,
climate,1,1,1,,,
climatic,1,1,1,,,
clinical,1,1,1,,,
clint,1,1,1,,,
clint eastward,1,1,1,,,
clint howard,1,1,1,,,
clio barnard,1,1,1,,,
clive brook,1,1,1,,,
clive saunders,1,1,1,,,
clockwork orange cinematography,1,1,1,,,
clockwork story,1,1,1,,,
clooney dies,1,1,1,,,
close to perfect,1,1,1,,,
closed community,1,1,1,,,
closed space,1,1,1,,,
closed-minded hero,1,1,1,,,
closets,1,1,1,,,
closing sequence,1,1,1,,,
clouseau,1,1,1,,,
cloverfield without the melodrama,1,1,1,,,
clovis cornillac,1,1,1,,,
clown that turns out to be genious,1,1,1,,,
clownish cary grant,1,1,1,,,
club kids,1,1,1,,,
clueless trucker,1,1,1,,,
clumsy plot development,1,1,1,,,
clutches,1,1,1,,,
cláudio torres,1,1,1,,,
clémence poésy,1,1,1,,,
clément oubrerie,1,1,1,,,
co-producer: tim burton,1,1,1,,,
co-writer:michael crichton,1,1,1,,,
coach carter meets longest yard,1,1,1,,,
coathanger standoff,1,1,1,,,
coca-cola,1,1,1,,,
cocaina,1,1,1,,,
coccaine,1,1,1,,,
code monkey,1,1,1,,,
codependence,1,1,1,,,
cody cameron,1,1,1,,,
cody linley,1,1,1,,,
coen bro,1,1,1,,,
coen bros.,1,1,1,,,
coercion,1,1,1,,,
coffee,1,1,1,,,
coffee cake,1,1,1,,,
cognitive dissonance,1,1,1,,,
cohabitation,1,1,1,,,
cohen brothers,1,1,1,,,
coky giedroyc,1,1,1,,,
cold case investigation,1,1,1,,,
cold hearted,1,1,1,,,
cold screenplay,1,1,1,,,
cold war allegory,1,1,1,,,
coleen gray,1,1,1,,,
colin higgins,1,1,1,,,
colin moy,1,1,1,,,
colin o'donoghue,1,1,1,,,
colin quinn,1,1,1,,,
colin strause,1,1,1,,,
colin trevorrow,1,1,1,,,
collateral damage,1,1,1,,,
collector,1,1,1,,,
college boys,1,1,1,,,
college people are dumb,1,1,1,,,
college student conversation,1,1,1,,,
collegeparty,1,1,1,,,
collin farrel,1,1,1,,,
colm mccarthy,1,1,1,,,
colm meany,1,1,1,,,
colombia reality,1,1,1,,,
colonial marines,1,1,1,,,
colonial view,1,1,1,,,
color sequence,1,1,1,,,
color symbolism,1,1,1,,,
color use,1,1,1,,,
colored by traumatic childhood,1,1,1,,,
colt,1,1,1,,,
columbia university,1,1,1,,,
"columbian ""mule"" story",1,1,1,,,
columbine high school,1,1,1,,,
columbus,1,1,1,,,
com truise,1,1,1,,,
combot,1,1,1,,,
comdey english,1,1,1,,,
comed,1,1,1,,,
comedian,1,1,1,,,
comedic bullies,1,1,1,,,
comedienne,1,1,1,,,
comedinha de velhinhos engraã§ada,1,1,1,,,
comedinha de velhinhos engraãƒâ§ada,1,1,1,,,
comedy and adventure,1,1,1,,,
comedy bits,1,1,1,,,
comedy central,1,1,1,,,
comedy drama adventure,1,1,1,,,
comedy duo,1,1,1,,,
comedy in the style of harry worth,1,1,1,,,
comedy plot classic,1,1,1,,,
comedy thriller,1,1,1,,,
comedy-horror,1,1,1,,,
comes apart in last third,1,1,1,,,
comes up short i guess,1,1,1,,,
comic book heroes,1,1,1,,,
comic book style,1,1,1,,,
comic relief,1,1,1,,,
comic timing,1,1,1,,,
comic violence,1,1,1,,,
comical,1,1,1,,,
comiclike,1,1,1,,,
comicotragedy,1,1,1,,,
comics inspired,1,1,1,,,
coming out of the closet,1,1,1,,,
comiskey park,1,1,1,,,
comitment,1,1,1,,,
command line interface,1,1,1,,,
commedia all'italiana,1,1,1,,,
commedy,1,1,1,,,
commerce,1,1,1,,,
committees,1,1,1,,,
communication problems,1,1,1,,,
communist romania,1,1,1,,,
compact,1,1,1,,,
compadres,1,1,1,,,
compare:mommy dearest,1,1,1,,,
compare:silas marner (book),1,1,1,,,
compassion-stirring,1,1,1,,,
compelling acting,1,1,1,,,
compelling argument,1,1,1,,,
compelling beginning,1,1,1,,,
compelling mystery,1,1,1,,,
competition with self,1,1,1,,,
competition:`beauty pageant',1,1,1,,,
competition:air guitar,1,1,1,,,
competition:biking,1,1,1,,,
competition:cheerleading,1,1,1,,,
competition:dance,1,1,1,,,
competition:dance marathon,1,1,1,,,
competition:paraolympics,1,1,1,,,
compex relationships,1,1,1,,,
compilation,1,1,1,,,
complaints,1,1,1,,,
complete,1,1,1,,,
complete garbage,1,1,1,,,
complete with metaphors that can be perceived as untrue!,1,1,1,,,
completely boring!,1,1,1,,,
completely well-done,1,1,1,,,
complex relationship,1,1,1,,,
complicated fight scene,1,1,1,,,
complicatet,1,1,1,,,
compromise,1,1,1,,,
compulsory adoption,1,1,1,,,
computer ace,1,1,1,,,
computer bacgrounds,1,1,1,,,
computer effects,1,1,1,,,
computer generated,1,1,1,,,
computer music,1,1,1,,,
computer science's future,1,1,1,,,
computers science,1,1,1,,,
con man,1,1,1,,,
conan,1,1,1,,,
conan rip-off,1,1,1,,,
conceited art critics,1,1,1,,,
conception,1,1,1,,,
concerning,1,1,1,,,
concert footage,1,1,1,,,
conchata ferrell,1,1,1,,,
conclusion of trilogy,1,1,1,,,
condoms,1,1,1,,,
condones police violence,1,1,1,,,
confederate soldier,1,1,1,,,
confession,1,1,1,,,
confessional,1,1,1,,,
confident man,1,1,1,,,
conflicted,1,1,1,,,
confounding,1,1,1,,,
confronting xenophobia,1,1,1,,,
confucian,1,1,1,,,
confused pacing,1,1,1,,,
confused plot,1,1,1,,,
confused reality,1,1,1,,,
confusing title,1,1,1,,,
confusingly adapted screenplay,1,1,1,,,
conglomerate,1,1,1,,,
conlang,1,1,1,,,
conor horgan,1,1,1,,,
conrad nagel,1,1,1,,,
consensual rape joke in a kids film,1,1,1,,,
consensual sex,1,1,1,,,
conservative,1,1,1,,,
conservative party,1,1,1,,,
consipracy,1,1,1,,,
conspiracy theorists,1,1,1,,,
conspriacy,1,1,1,,,
constance marks,1,1,1,,,
constance towers,1,1,1,,,
constantino romero,1,1,1,,,
constrained,1,1,1,,,
construction,1,1,1,,,
construction of ubahn,1,1,1,,,
constructivism,1,1,1,,,
consultants,1,1,1,,,
consumption,1,1,1,,,
conte,1,1,1,,,
contemporary issues,1,1,1,,,
contemporary language,1,1,1,,,
contemptful,1,1,1,,,
contentment,1,1,1,,,
continuation war,1,1,1,,,
continuity,1,1,1,,,
contortionists,1,1,1,,,
contraception,1,1,1,,,
contraction in title,1,1,1,,,
contradictory,1,1,1,,,
contrast,1,1,1,,,
contrasting lifestyles,1,1,1,,,
controlling,1,1,1,,,
convenient coincidences,1,1,1,,,
conventionalities,1,1,1,,,
conversations,1,1,1,,,
conversations between vincent and jules,1,1,1,,,
conversative,1,1,1,,,
convince her not too,1,1,1,,,
convincing,1,1,1,,,
convoluted issues,1,1,1,,,
cook,1,1,1,,,
cookie-cutter rom-com,1,1,1,,,
cookies,1,1,1,,,
cool and great music,1,1,1,,,
cool and thoughtful mood but still should read book,1,1,1,,,
cool antihero,1,1,1,,,
cool as shit,1,1,1,,,
cool cars,1,1,1,,,
cool coincidences,1,1,1,,,
cool costume,1,1,1,,,
cool end,1,1,1,,,
cool idea,1,1,1,,,
cool movie,1,1,1,,,
cool people like this movie,1,1,1,,,
cool plot,1,1,1,,,
cool sewer chase scene,1,1,1,,,
cool shit,1,1,1,,,
cool style,1,1,1,,,
cool transitions,1,1,1,,,
cool videogame (scene),1,1,1,,,
cool'n'funny,1,1,1,,,
cool-ish,1,1,1,,,
cool. but is a drama,1,1,1,,,
coolness,1,1,1,,,
coool,1,1,1,,,
coordinated action sequences,1,1,1,,,
cop vs robber + jodie foster,1,1,1,,,
cop's mam,1,1,1,,,
copenhagen,1,1,1,,,
coprophagia,1,1,1,,,
cops = corrupt,1,1,1,,,
copy of original,1,1,1,,,
copywriting,1,1,1,,,
corbin allred,1,1,1,,,
cordel,1,1,1,,,
cordell barker,1,1,1,,,
cornel wilde,1,1,1,,,
cornetto triolgy,1,1,1,,,
corny family fun,1,1,1,,,
corpal,1,1,1,,,
corporate abuse,1,1,1,,,
corporate control,1,1,1,,,
corporate cover-up,1,1,1,,,
corporation,1,1,1,,,
corrupt,1,1,1,,,
corruption in the bloodstream,1,1,1,,,
corruption of youth,1,1,1,,,
corvette,1,1,1,,,
cory krueckeberg,1,1,1,,,
cosima dannoritzer,1,1,1,,,
cosmic,1,1,1,,,
cosmina stratan,1,1,1,,,
cosmogony,1,1,1,,,
cosmonauts,1,1,1,,,
cosmos,1,1,1,,,
costa botes,1,1,1,,,
costa brava,1,1,1,,,
costco,1,1,1,,,
costner,1,1,1,,,
costner sucks,1,1,1,,,
costumes are impecable,1,1,1,,,
cottage,1,1,1,,,
cougars,1,1,1,,,
coughing blood,1,1,1,,,
coul've been deeper,1,1,1,,,
could be shorter,1,1,1,,,
could've been great but too long,1,1,1,,,
could've been worse,1,1,1,,,
coulda been a contender,1,1,1,,,
couldn't sleep after watching,1,1,1,,,
couldn't watch twice though,1,1,1,,,
count,1,1,1,,,
counter-revolutionary,1,1,1,,,
countercultural,1,1,1,,,
counting cards,1,1,1,,,
country boy,1,1,1,,,
couple,1,1,1,,,
courageous,1,1,1,,,
courier,1,1,1,,,
course,1,1,1,,,
court 13,1,1,1,,,
court room,1,1,1,,,
courtesans,1,1,1,,,
courtney hunt,1,1,1,,,
courtoom,1,1,1,,,
courtroom (scene),1,1,1,,,
courtroom comedy,1,1,1,,,
cover,1,1,1,,,
covered in blood,1,1,1,,,
coverging lives,1,1,1,,,
cow,1,1,1,,,
cow pokin' in them thar hills,1,1,1,,,
coward,1,1,1,,,
cowardly main characters,1,1,1,,,
cozy,1,1,1,,,
crackhead,1,1,1,,,
crafted,1,1,1,,,
craftyness,1,1,1,,,
craig baldwin,1,1,1,,,
craig bolotin,1,1,1,,,
craig collington bator,1,1,1,,,
craig gellis,1,1,1,,,
craig mazin,1,1,1,,,
craig t.nelson,1,1,1,,,
crank,1,1,1,,,
crap!,1,1,1,,,
crappy american cars,1,1,1,,,
crappy movie,1,1,1,,,
crappy story,1,1,1,,,
crappy yet better than previous two,1,1,1,,,
craps,1,1,1,,,
crash re-hashed,1,1,1,,,
crash scene,1,1,1,,,
crass dialogue,1,1,1,,,
crayton robey,1,1,1,,,
craziness/shock,1,1,1,,,
crazy ass movie,1,1,1,,,
crazy comedy,1,1,1,,,
crazy gangster,1,1,1,,,
crazy guy becomes care free,1,1,1,,,
crazy japanese goth,1,1,1,,,
crazy mother,1,1,1,,,
crazy music,1,1,1,,,
crazy nicolas cage,1,1,1,,,
crazy scary,1,1,1,,,
crazy war,1,1,1,,,
crazy wife,1,1,1,,,
crazy woman,1,1,1,,,
creates a new world,1,1,1,,,
creative kills,1,1,1,,,
creative monsters,1,1,1,,,
creative nonfiction,1,1,1,,,
creeping unease,1,1,1,,,
creepy acting,1,1,1,,,
creepy book,1,1,1,,,
creepy clowns,1,1,1,,,
creepy doll,1,1,1,,,
creepy dude,1,1,1,,,
creepy for some children,1,1,1,,,
creepy kiss,1,1,1,,,
creepy monkeys,1,1,1,,,
creepy talking animals,1,1,1,,,
creepy william fichtner,1,1,1,,,
creepy witch,1,1,1,,,
crenshaw,1,1,1,,,
cried their way to the bank,1,1,1,,,
crikey is that a penis?,1,1,1,,,
crime caper,1,1,1,,,
crime fantasy,1,1,1,,,
crime investigation,1,1,1,,,
crime syndicate,1,1,1,,,
crime wave,1,1,1,,,
crimes of passion,1,1,1,,,
criminal investigator,1,1,1,,,
criminal mind,1,1,1,,,
criminal reform,1,1,1,,,
crimson tide (song),1,1,1,,,
cripple,1,1,1,,,
crisis of faith,1,1,1,,,
crissy rock,1,1,1,,,
cristián jiménez,1,1,1,,,
criswell,1,1,1,,,
critic,1,1,1,,,
critic's choice awards - best actress,1,1,1,,,
critical analysis,1,1,1,,,
critically acclaimed,1,1,1,,,
criticker pick,1,1,1,,,
critique of capitalism,1,1,1,,,
critters-like aliens,1,1,1,,,
croatian,1,1,1,,,
cronenber debut,1,1,1,,,
crony capitalism,1,1,1,,,
crooked cop,1,1,1,,,
cross country skiing,1,1,1,,,
cross cultural,1,1,1,,,
cross dresser,1,1,1,,,
cross-illusion,1,1,1,,,
crossed lifes,1,1,1,,,
crossover,1,1,1,,,
crotch ripped off,1,1,1,,,
croupier,1,1,1,,,
crowd movie,1,1,1,,,
crowdfunded,1,1,1,,,
crowe did it again,1,1,1,,,
crowned heads,1,1,1,,,
crucifixion,1,1,1,,,
cruella de vil,1,1,1,,,
cruelty of strangers,1,1,1,,,
cryonics is not time travel,1,1,1,,,
crystal,1,1,1,,,
crystal skull,1,1,1,,,
cuba libre,1,1,1,,,
cuban revolution,1,1,1,,,
cuban whore,1,1,1,,,
cubiness of the space station,1,1,1,,,
cuckold,1,1,1,,,
cuddle,1,1,1,,,
cue,1,1,1,,,
cuentos,1,1,1,,,
cujo,1,1,1,,,
cult clasic,1,1,1,,,
cult films,1,1,1,,,
cult of masulinity,1,1,1,,,
cult scene,1,1,1,,,
cultural,1,1,1,,,
cultural blender,1,1,1,,,
cultural exchange,1,1,1,,,
cultural history,1,1,1,,,
cultural revolution,1,1,1,,,
culture revolution,1,1,1,,,
cultures,1,1,1,,,
culver city,1,1,1,,,
curd jurgens,1,1,1,,,
cures,1,1,1,,,
curgir,1,1,1,,,
curling,1,1,1,,,
currency conversion,1,1,1,,,
current matter,1,1,1,,,
curt geda,1,1,1,,,
curt siodmak,1,1,1,,,
curtis bernhardt,1,1,1,,,
curtis bowers,1,1,1,,,
custody,1,1,1,,,
custody battle,1,1,1,,,
customized car,1,1,1,,,
customs,1,1,1,,,
cut the chit chat a-hole,1,1,1,,,
cut-backs,1,1,1,,,
cute afterlife makes dying almost desirable,1,1,1,,,
cute aliens,1,1,1,,,
cute animation,1,1,1,,,
cute baby,1,1,1,,,
cute couples,1,1,1,,,
cute robot,1,1,1,,,
cute. cartoon,1,1,1,,,
cutesy,1,1,1,,,
cutesy pet,1,1,1,,,
cuts,1,1,1,,,
cutting,1,1,1,,,
cuã©ntame,1,1,1,,,
cy howard,1,1,1,,,
cyber penis,1,1,1,,,
cyber punk,1,1,1,,,
cyberattack,1,1,1,,,
cyberspace,1,1,1,,,
cycle of life,1,1,1,,,
cynical money grab,1,1,1,,,
cynical protagonist,1,1,1,,,
cynism,1,1,1,,,
cynthia rhodes,1,1,1,,,
cynthia scott,1,1,1,,,
cynthia stevenson,1,1,1,,,
cynthia wade,1,1,1,,,
cynthia(deborah rennard) was the only performer to watch in this drek! more like l i o n a s s!,1,1,1,,,
cyril coke,1,1,1,,,
cyril frankel,1,1,1,,,
cyrus nowrasteh,1,1,1,,,
czeslaw mozil,1,1,1,,,
cã©dric klapisch,1,1,1,,,
cãƒâ©cile de france,1,1,1,,,
d,1,1,1,,,
d'artagnan is a little tit,1,1,1,,,
d. b. sweeney,1,1,1,,,
d. channsin berry,1,1,1,,,
d.b. sweeney,1,1,1,,,
daaamn,1,1,1,,,
dacia,1,1,1,,,
dad's in the courtroom,1,1,1,,,
dadt,1,1,1,,,
daek,1,1,1,,,
daf,1,1,1,,,
dagger,1,1,1,,,
dagmar lassander,1,1,1,,,
dagur kári,1,1,1,,,
daiki tomiyasu,1,1,1,,,
daisuke ryu,1,1,1,,,
daisy von scherler mayer,1,1,1,,,
daivd the douchebag ducovnie,1,1,1,,,
dakar,1,1,1,,,
dakota blue richards,1,1,1,,,
dalia hernã¡ndez,1,1,1,,,
dalmatian plantation,1,1,1,,,
dalmatians,1,1,1,,,
dalton trumbo,1,1,1,,,
damian alcazar,1,1,1,,,
damian lewis,1,1,1,,,
damian nenow,1,1,1,,,
damian nieman,1,1,1,,,
damian szifron,1,1,1,,,
damiano damiani,1,1,1,,,
damien wayans,1,1,1,,,
damn incredible,1,1,1,,,
damn you all to hell,1,1,1,,,
damon beesley,1,1,1,,,
damon dash,1,1,1,,,
damon santostefano,1,1,1,,,
dan bradley,1,1,1,,,
dan byrd,1,1,1,,,
dan castelanetta,1,1,1,,,
dan chaykin,1,1,1,,,
dan cohen,1,1,1,,,
dan fogler,1,1,1,,,
dan gilroy,1,1,1,,,
dan harris,1,1,1,,,
dan hedaya,1,1,1,,,
dan lauria,1,1,1,,,
dan m. kinem,1,1,1,,,
dan ollman,1,1,1,,,
dan rosen,1,1,1,,,
dan rush,1,1,1,,,
dan sallitt,1,1,1,,,
dan zeff,1,1,1,,,
dana davis,1,1,1,,,
dana goodman,1,1,1,,,
dana wynter,1,1,1,,,
dance along,1,1,1,,,
dance and romance,1,1,1,,,
dance club,1,1,1,,,
dance comedy,1,1,1,,,
dance number,1,1,1,,,
dance scene,1,1,1,,,
dancehall,1,1,1,,,
dancers,1,1,1,,,
dancing girls,1,1,1,,,
dancing lessons,1,1,1,,,
dancing on temple of love,1,1,1,,,
danfung dennis,1,1,1,,,
dangerous minds,1,1,1,,,
dangling plotlines,1,1,1,,,
dani2005,1,1,1,,,
dani2008,1,1,1,,,
dani_2008,1,1,1,,,
daniel anker,1,1,1,,,
daniel b. gold,1,1,1,,,
daniel barber,1,1,1,,,
daniel barnz,1,1,1,,,
daniel brãƒâ¼hl,1,1,1,,,
daniel burman,1,1,1,,,
daniel espinosa,1,1,1,,,
daniel fathers,1,1,1,,,
daniel g. karslake,1,1,1,,,
daniel graig,1,1,1,,,
daniel gã©lin,1,1,1,,,
daniel haller,1,1,1,,,
daniel hendler,1,1,1,,,
daniel j. sullivan,1,1,1,,,
daniel junge,1,1,1,,,
daniel krige,1,1,1,,,
daniel lapaine,1,1,1,,,
daniel lee,1,1,1,,,
daniel lindsay,1,1,1,,,
daniel london,1,1,1,,,
daniel mays,1,1,1,,,
daniel minahan,1,1,1,,,
daniel myrick,1,1,1,,,
daniel nettheim,1,1,1,,,
daniel patrick carbone,1,1,1,,,
daniel pearl,1,1,1,,,
daniel roby,1,1,1,,,
daniel sackheim,1,1,1,,,
daniel sánchez arévalo,1,1,1,,,
daniel taplitz,1,1,1,,,
daniel vigne,1,1,1,,,
daniel waters,1,1,1,,,
daniel wu,1,1,1,,,
daniela thomas,1,1,1,,,
daniele anastasion,1,1,1,,,
daniella denby-ashe,1,1,1,,,
danielle darrieux,1,1,1,,,
danielle gardner,1,1,1,,,
danielle panabaker,1,1,1,,,
daniil khrabrovitsky,1,1,1,,,
daniã¨le thompson,1,1,1,,,
danièle huillet,1,1,1,,,
dankan,1,1,1,,,
danny boyle movie,1,1,1,,,
danny huston,1,1,1,,,
danny lee,1,1,1,,,
danny pang,1,1,1,,,
dante,1,1,1,,,
dante lam,1,1,1,,,
dardenne,1,1,1,,,
darin,1,1,1,,,
darin scott,1,1,1,,,
dark and mean,1,1,1,,,
dark comedy (sortof),1,1,1,,,
dark comedy bits,1,1,1,,,
dark dramedy,1,1,1,,,
dark ending,1,1,1,,,
dark future,1,1,1,,,
dark humo,1,1,1,,,
dark humour (not a comedy),1,1,1,,,
dark satire,1,1,1,,,
darkly funny,1,1,1,,,
darrell rooney,1,1,1,,,
darren criss,1,1,1,,,
darren ewing,1,1,1,,,
darren mcgavin,1,1,1,,,
darren paul fisher,1,1,1,,,
darren stein,1,1,1,,,
darwin,1,1,1,,,
darwin award winner,1,1,1,,,
darã­o grandinetti,1,1,1,,,
data,1,1,1,,,
dated cgi,1,1,1,,,
dated graphics,1,1,1,,,
dated music,1,1,1,,,
dated music but fun,1,1,1,,,
dating advice,1,1,1,,,
daughter,1,1,1,,,
dave bullock,1,1,1,,,
dave goelz,1,1,1,,,
dave lovering,1,1,1,,,
dave mossop,1,1,1,,,
dave murray,1,1,1,,,
dave payne,1,1,1,,,
davey jones,1,1,1,,,
david alan grier,1,1,1,,,
david alexanian,1,1,1,,,
david allen grier,1,1,1,,,
david atkins,1,1,1,,,
david attwood,1,1,1,,,
david bamber,1,1,1,,,
david barrass,1,1,1,,,
david beckham,1,1,1,,,
david blair,1,1,1,,,
david bond,1,1,1,,,
david boreanaz,1,1,1,,,
david bower,1,1,1,,,
david bowers,1,1,1,,,
david breashears,1,1,1,,,
david bruckner,1,1,1,,,
david caesar,1,1,1,,,
david chase,1,1,1,,,
david chiang,1,1,1,,,
david cronnenberg,1,1,1,,,
david dayan fisher,1,1,1,,,
david drury,1,1,1,,,
david dworsky,1,1,1,,,
david e. durston,1,1,1,,,
david e. talbert,1,1,1,,,
david f. oyster,1,1,1,,,
david france,1,1,1,,,
david gallagher,1,1,1,,,
david gebroe,1,1,1,,,
david gelb,1,1,1,,,
david gulpilil,1,1,1,,,
david guy levy,1,1,1,,,
david hackle,1,1,1,,,
david haig,1,1,1,,,
david hare,1,1,1,,,
david hatton,1,1,1,,,
david heeley,1,1,1,,,
david higby,1,1,1,,,
david hoffman,1,1,1,,,
david hogan,1,1,1,,,
david jacobson,1,1,1,,,
david jason,1,1,1,,,
david julyan,1,1,1,,,
david kean,1,1,1,,,
david kendall,1,1,1,,,
david l. cunningham,1,1,1,,,
david lachapelle,1,1,1,,,
david leaf,1,1,1,,,
david leitch,1,1,1,,,
david levien,1,1,1,,,
david lowery,1,1,1,,,
david mallet,1,1,1,,,
david mamet. jack lemmon,1,1,1,,,
david manners,1,1,1,,,
david mcmahon,1,1,1,,,
david mcnally,1,1,1,,,
david michener,1,1,1,,,
david mirkin,1,1,1,,,
david moreton,1,1,1,,,
david morris,1,1,1,,,
david moscow,1,1,1,,,
david naughton,1,1,1,,,
david price,1,1,1,,,
david r. ellis,1,1,1,,,
david rudman,1,1,1,,,
david selby,1,1,1,,,
david steinberg,1,1,1,,,
david storey,1,1,1,,,
david thacker,1,1,1,,,
david vs goliath,1,1,1,,,
david wachs,1,1,1,,,
david weissman,1,1,1,,,
david wickes,1,1,1,,,
david wnendt,1,1,1,,,
david worth,1,1,1,,,
david zellner,1,1,1,,,
david-vs-goliath,1,1,1,,,
dawn french,1,1,1,,,
dawn of man,1,1,1,,,
dawn porter,1,1,1,,,
dax sheppard,1,1,1,,,
day care center,1,1,1,,,
daycare,1,1,1,,,
daylan honeycutt,1,1,1,,,
dd,1,1,1,,,
ddark comedy,1,1,1,,,
ddd,1,1,1,,,
ddr,1,1,1,,,
de fã¸rste 10 minutter er helt fantastiske,1,1,1,,,
de niro delivers,1,1,1,,,
de niro in pink,1,1,1,,,
de niro's downfall,1,1,1,,,
dead body,1,1,1,,,
dead bunnies,1,1,1,,,
dead can dance,1,1,1,,,
dead dog,1,1,1,,,
dead dogs,1,1,1,,,
dead grandfather,1,1,1,,,
dead lover,1,1,1,,,
dead n****r storage,1,1,1,,,
dead pan,1,1,1,,,
dead pan humour,1,1,1,,,
dead parent,1,1,1,,,
deadites,1,1,1,,,
deadly dull with the frame partly responsible,1,1,1,,,
deaf and blind relationship,1,1,1,,,
dealing with loss,1,1,1,,,
dean cain,1,1,1,,,
dean cundey,1,1,1,,,
dean lent,1,1,1,,,
dean reed,1,1,1,,,
death by dildo,1,1,1,,,
death by stoning,1,1,1,,,
death of a president,1,1,1,,,
death of darth vader,1,1,1,,,
death on screen,1,1,1,,,
death proof,1,1,1,,,
death scene,1,1,1,,,
death sentence,1,1,1,,,
death star,1,1,1,,,
death valley,1,1,1,,,
deathbed,1,1,1,,,
deathbed wish,1,1,1,,,
deathray,1,1,1,,,
debbie gates,1,1,1,,,
deborah francois,1,1,1,,,
deborah gibson,1,1,1,,,
deborah harry,1,1,1,,,
deborah kaplan,1,1,1,,,
deborah mailman,1,1,1,,,
deborah perkin,1,1,1,,,
deborah reed,1,1,1,,,
deborah stratman,1,1,1,,,
debã¼t,1,1,1,,,
debãƒâ¼t,1,1,1,,,
debüt,1,1,1,,,
deceipt,1,1,1,,,
decent but forgettable,1,1,1,,,
decent cgi,1,1,1,,,
decent characterization,1,1,1,,,
decent flick,1,1,1,,,
decent fun starts slow,1,1,1,,,
decent screenplay,1,1,1,,,
decent to see once,1,1,1,,,
deckare,1,1,1,,,
declan lowney,1,1,1,,,
decline,1,1,1,,,
decline of a nation,1,1,1,,,
decovny,1,1,1,,,
dedicated teacher,1,1,1,,,
deduction,1,1,1,,,
dee rees,1,1,1,,,
dee wallace-stone,1,1,1,,,
deeply disturbing,1,1,1,,,
deeply sarcastic,1,1,1,,,
deer shit,1,1,1,,,
defeat,1,1,1,,,
defecating into hand,1,1,1,,,
definitely for girls,1,1,1,,,
definitive,1,1,1,,,
deforrestation,1,1,1,,,
degenerate art,1,1,1,,,
degented original,1,1,1,,,
degrading,1,1,1,,,
degrading redux,1,1,1,,,
degrading to women,1,1,1,,,
deities,1,1,1,,,
deixar_passar_un_temps,1,1,1,,,
deixare sa saga pq no continua,1,1,1,,,
del synnott,1,1,1,,,
delerium tremens,1,1,1,,,
delft,1,1,1,,,
deliberate misdirection,1,1,1,,,
deliberate pace,1,1,1,,,
delinquent,1,1,1,,,
delivery,1,1,1,,,
delphine lehericey,1,1,1,,,
delroy lindo,1,1,1,,,
demagogue,1,1,1,,,
demian fenton,1,1,1,,,
demian lichtenstein,1,1,1,,,
demise,1,1,1,,,
democratic fantasy,1,1,1,,,
democratic republic of the congo,1,1,1,,,
demolition derby,1,1,1,,,
demonic penises,1,1,1,,,
demonstration,1,1,1,,,
"den bliver lidt fantastisk til sidst, når hun faktisk endelig møder sin long lost love på en bus. men som helhed er filmen lidt for langsommelig og flad i det synes jeg. hovedpersonen brænder igennem og er meget smuk",1,1,1,,,
"den bruger ret mange forskellige filmiske knep løbende, som er ret interessante. så har den også den der superstylistiske ting kørende som på en måde minder lidt om refens film",1,1,1,,,
den del af filmen hvor han bare går rundt og er fattig og stort set laver ingenting går godt nok utrolig meget i tomgang og bliver meget kedelig. hvis man skal opleve hans kedsomhed og stilleståenhed så er missionen mere end vellykket,1,1,1,,,
den er bare opbygget og fortalt virkelig tight og spændende,1,1,1,,,
"den er meget framentarisk, viser scener på en måde som nok hænger sammen i en historie, men alligevel er meget singulære. det minder mig lidt om godard",1,1,1,,,
den er virkelig smuk,1,1,1,,,
den er virkelig vildt konstrueret.,1,1,1,,,
den fungerer lidt som en kolage som deles ind a tekststykker mellem scenerne - selvom der er et samlende narrativ gennem alle scenerne. den har virkelig mange fine passager. den var tangerende firre en halve på visse tidspunkter,1,1,1,,,
"den fungerer meget som en samling af gode scener i sig selv, frem for ét sammensat narrativ",1,1,1,,,
"den har et lidt sjovt sammenfald mellem på en måde at være den store fortælling om kærligheden og på en anden måde at være tilfærdigt, tumlende hen ad vejen-historie, hvor de ikke engang ender op sammen i slutnignen",1,1,1,,,
den har virkelig mange sjove ting kã¸rende for sig. vã¦sentlig stã¦rkere end den fã¸rste. synes den lã¥ner nogle ting fra moderne sitcom og er i almindelighed meget moderne i sit indhold sã¥som netdating. at wifi gã¥r i stykker mm,1,1,1,,,
den havde nogle rigtig flotte skud,1,1,1,,,
den havde nogle virkelig gode sceancer kã¸rende for sig,1,1,1,,,
den skulle have været mindst 20 min kortere. alle 20 skåret fra fattigdomssekvensen hvor han bare går rundt.,1,1,1,,,
den spiller ikke efter de faste strukturer hvilket ellers kunne vã¦re forventet. den puller heller ikke nogen lame tricks til alt for billige grin. er positivt overrasket over segels pen,1,1,1,,,
den startede virkelig godt. han er genial med hans magtundergravende tørre humor. men da historien begyndte at fylde for meget i anden halvdel af filmen gik det sjove desværre ud af filmen,1,1,1,,,
den starter isã¦r godt ud,1,1,1,,,
"den stiller spørgsmålet hvorvidt der er noget dybere spirituelt gemt i øjnene end den blotte materie og 'data', men den tør ikke helt svare på spørgsmålet, hvorfor den ender på en meget åben og uopklaret måde.",1,1,1,,,
"den svinger lidt mellem super gode scener og mindre interessante passager, jf. vurdering",1,1,1,,,
den var meget langsom. men den havde nogle gode momenter og elementer i sig,1,1,1,,,
den var sgu ret fin. den er sã¥dan lidt fragmentarisk i det. en masse scener.,1,1,1,,,
den var slet ikke sã¥ flot som hans forrige film. dramaet var ikke helt oppe at ringe men jeg mã¥ indrã¸mme de var lidt fangende,1,1,1,,,
"den var virkelig solid. den havde en eller anden fin rytme ved sig, en ro, som bare kørte derudaf i fantastisk balance. karaktererne og miljøet var fantastisk",1,1,1,,,
den vipper ml fille og fille-enhalv. jeg satte den et trin op efter den blev lidt i hovedet,1,1,1,,,
deniro is outstanding,1,1,1,,,
denis dercourt,1,1,1,,,
denis lawson,1,1,1,,,
denis podalydã?â¨s,1,1,1,,,
denis podalydã¨s,1,1,1,,,
dennie gordon,1,1,1,,,
dennis christopher,1,1,1,,,
dennis lee,1,1,1,,,
dennis miller,1,1,1,,,
dennis morgan,1,1,1,,,
dennis rodman,1,1,1,,,
dense,1,1,1,,,
denys de la patellière,1,1,1,,,
denzel,1,1,1,,,
denzel's fine behind,1,1,1,,,
depended on the comedian--jason alexander was especially good.,1,1,1,,,
depiction of america,1,1,1,,,
depiction of village life,1,1,1,,,
depression era,1,1,1,,,
depth of character,1,1,1,,,
dequenne,1,1,1,,,
"der er sågar en 'nu skal jeg fortælle hvad jeg egentlig gjorde sekvens, hvor plottwistet forklares",1,1,1,,,
der var nogle ting der sejlede lidt for den eller som ikke var helt sã¥ stramme som man kunne have ã¸nsket - ting der mã¥ske ikke blev fuldt op pã¥. men alt i alt var den sgu spã¦ndende et spã¦ndende indblik,1,1,1,,,
deran sarafian,1,1,1,,,
derby county,1,1,1,,,
derek kok,1,1,1,,,
derek luke,1,1,1,,,
derek yee tung-sing,1,1,1,,,
derelict,1,1,1,,,
derick martini,1,1,1,,,
dervative,1,1,1,,,
dervish,1,1,1,,,
des mcanuff,1,1,1,,,
descends into surreal nonsense,1,1,1,,,
descent into hell,1,1,1,,,
descent into madness,1,1,1,,,
description is totally inaccurate,1,1,1,,,
desejos proibidos,1,1,1,,,
desert eagle .50,1,1,1,,,
desert left-wing,1,1,1,,,
desert rock,1,1,1,,,
desghidorah,1,1,1,,,
desi lydic,1,1,1,,,
designer clothes,1,1,1,,,
desmond askew,1,1,1,,,
desmond davis,1,1,1,,,
desperately sad,1,1,1,,,
despotic,1,1,1,,,
despues_de_guardianesgalaxia,1,1,1,,,
despues_de_increiblehulk,1,1,1,,,
despues_de_ironmanii,1,1,1,,,
despues_de_thorii,1,1,1,,,
despues_de_wintersoldier,1,1,1,,,
destin cretton,1,1,1,,,
destroza_la_saga,1,1,1,,,
destructive relationship,1,1,1,,,
desvã¦rre synes jeg forholdet ml de to er kedsommeligt - det der udgã¸r substansen i filmen - fordi de kun taler om logistikken bag deres mã¸der og om hvorvidt de kan tillade sig og mã¸des osv.,1,1,1,,,
"det bedste ved filmen er ikke de små film han laver, men samspillet mellem ham og von trier. han skal udfordre leth og man ved aldrig helt hvornår irritationen er reel over benspændende. det er et sjovt samspil",1,1,1,,,
det er en lidt atypisk rohmer isã¦r den mã¥de den starter pã¥ i et allerede etableret og ulykkeligt parforhold. forholdene plejer oftere at etablere sig gennem filmen,1,1,1,,,
det er en meget gavmild 4'er,1,1,1,,,
det er en sjov detalje at deres lille kriminelle kollektiv er relativ tollerant overfor handsome bobs homoseksualitet. det er hele karakterer selvom mange ting er skarpt optrukne,1,1,1,,,
"det er i øvrigt en sjov detalje, at de ene samleje der er i filmen bliver lavet som sådan en hurtigklippet passage, som fremstiller forløb trivielle og komiske. det er meget sjovt",1,1,1,,,
"det er sgu meget interessant, at det handler om en desperat økonomisk nød i den gamle forstand. han tæller bogstaveligt talt mønterne i sin lomme.",1,1,1,,,
"det er sjovt, jeg sad og ventede på at objektet ville returne the gaze, hvilket skete til sidst da morderen opdager han bliver beskuet.",1,1,1,,,
det er virkelig en god paris-film ogsã¥,1,1,1,,,
"det var sgu en meget fin lille film, et fint lille set up",1,1,1,,,
determined hero,1,1,1,,,
detox,1,1,1,,,
detroit mi,1,1,1,,,
deus ex machina ending,1,1,1,,,
devastating closing shot,1,1,1,,,
development through dialogue,1,1,1,,,
devid striesow,1,1,1,,,
devin brochu,1,1,1,,,
devin sawa,1,1,1,,,
devito,1,1,1,,,
devon alan,1,1,1,,,
dewi humphreys,1,1,1,,,
dexter fletcher,1,1,1,,,
dheeraj akolkar,1,1,1,,,
di caprio,1,1,1,,,
di caprio and damon at their finest. a must watch film!!!!,1,1,1,,,
diablo,1,1,1,,,
diabolizing,1,1,1,,,
dialect,1,1,1,,,
dialogue heavy,1,1,1,,,
dialogue<3,1,1,1,,,
dialouge,1,1,1,,,
diamantes de sangre,1,1,1,,,
diamond dallas page,1,1,1,,,
diamonds are a girl's best friend,1,1,1,,,
dian bachar,1,1,1,,,
diana rigg,1,1,1,,,
diana scarwid,1,1,1,,,
diana wynne jones,1,1,1,,,
diane  arbus,1,1,1,,,
diane crespo,1,1,1,,,
diane franklin,1,1,1,,,
diane keaton. maureen stapleton,1,1,1,,,
diane kurys,1,1,1,,,
dianne jackson,1,1,1,,,
dianne keaton,1,1,1,,,
dianne reaves,1,1,1,,,
diarmuid lawrence,1,1,1,,,
dibakar banerjee,1,1,1,,,
dick jokes,1,1,1,,,
dick jones,1,1,1,,,
dick lowry,1,1,1,,,
dick richards,1,1,1,,,
dick rude,1,1,1,,,
dictadura,1,1,1,,,
did get lost somewhere,1,1,1,,,
did i miss something?,1,1,1,,,
did i see it?,1,1,1,,,
did not develop,1,1,1,,,
did not finish,1,1,1,,,
did someone cast a spell to make everyone hate this ok flick?,1,1,1,,,
didier bourdon,1,1,1,,,
didn't cycle mockery,1,1,1,,,
didn't deserve oscar,1,1,1,,,
didn't finish.,1,1,1,,,
didn't get it,1,1,1,,,
didn't get the girl,1,1,1,,,
didn't have asian chicks,1,1,1,,,
didn't like in 3-d,1,1,1,,,
didn't make sense at all,1,1,1,,,
didn't need to be based on a book,1,1,1,,,
didn't want to kill myself,1,1,1,,,
didn't watch more than a minute,1,1,1,,,
didnt finish,1,1,1,,,
die brendan frasier,1,1,1,,,
die hard 4.0,1,1,1,,,
die hard in space,1,1,1,,,
die hard wannabe,1,1,1,,,
die like the rest,1,1,1,,,
died for seven minutes,1,1,1,,,
diederik van rooijen,1,1,1,,,
diego peretti,1,1,1,,,
diet,1,1,1,,,
different cast,1,1,1,,,
different point of view,1,1,1,,,
different writer,1,1,1,,,
difficult love,1,1,1,,,
difficult subject matter,1,1,1,,,
diffidence,1,1,1,,,
digimons,1,1,1,,,
digital actor,1,1,1,,,
digital video,1,1,1,,,
digusting,1,1,1,,,
dilaogue,1,1,1,,,
dilemma,1,1,1,,,
dillon freasier,1,1,1,,,
diluted by its sequels,1,1,1,,,
diluted version of comic,1,1,1,,,
dimensionalized 2-d to 3-d for reissue in 2011,1,1,1,,,
dimentia,1,1,1,,,
dimitar mitovski,1,1,1,,,
dimitri leonidas,1,1,1,,,
dimitris papamichael,1,1,1,,,
dina merrill,1,1,1,,,
dinero,1,1,1,,,
dingy,1,1,1,,,
dining club,1,1,1,,,
dinner party,1,1,1,,,
dino delaurentis,1,1,1,,,
dio,1,1,1,,,
directed by ralph bakshi,1,1,1,,,
directed by the author,1,1,1,,,
directing is bad,1,1,1,,,
direction of plot not clear,1,1,1,,,
director as poseur,1,1,1,,,
director cameo,1,1,1,,,
"director of ""8 mile""",1,1,1,,,
director overseeing in sky and moon,1,1,1,,,
director's career,1,1,1,,,
director-starred,1,1,1,,,
directors,1,1,1,,,
direã§ã£o impecã¡vel,1,1,1,,,
dirt farmer,1,1,1,,,
dirty camera lenses,1,1,1,,,
dirty cop,1,1,1,,,
dirty dancing,1,1,1,,,
dirty tricks,1,1,1,,,
disambiguation:leon/the professional (1994) & the professional (1981),1,1,1,,,
disambiguation:repo man/repo men,1,1,1,,,
disapointing ending,1,1,1,,,
disappointing child acting,1,1,1,,,
disaster movie,1,1,1,,,
disaster scenes,1,1,1,,,
disco scene,1,1,1,,,
discomfiting,1,1,1,,,
discomforting,1,1,1,,,
disconnected,1,1,1,,,
disengaged,1,1,1,,,
disfigured,1,1,1,,,
disfigured criminals,1,1,1,,,
disgrace,1,1,1,,,
disguises,1,1,1,,,
disgust,1,1,1,,,
disgusting--not scary,1,1,1,,,
dishonest,1,1,1,,,
dishonesty,1,1,1,,,
dishonor,1,1,1,,,
disinfo,1,1,1,,,
disjointed plot,1,1,1,,,
disko ja tuumasõda,1,1,1,,,
dislike tom hanks,1,1,1,,,
dismissed by all. ingenious.,1,1,1,,,
dismissive of character,1,1,1,,,
dismissive of the foreign culture,1,1,1,,,
disney (touchstone),1,1,1,,,
disney channel,1,1,1,,,
disney classic,1,1,1,,,
disney world cinema,1,1,1,,,
disney's best,1,1,1,,,
disobedience,1,1,1,,,
disorder,1,1,1,,,
disorganized,1,1,1,,,
disorientatiion by cinematography,1,1,1,,,
disorientation by foreign language,1,1,1,,,
disorientation by soundtrack music,1,1,1,,,
disorienting,1,1,1,,,
disparate ages,1,1,1,,,
displaced from tibet,1,1,1,,,
disproportionate revenge,1,1,1,,,
disrespectful,1,1,1,,,
disrespectful to author,1,1,1,,,
disrespectful to veterans,1,1,1,,,
disscusting,1,1,1,,,
distinctive,1,1,1,,,
distopian,1,1,1,,,
distress call,1,1,1,,,
distrubing,1,1,1,,,
disturbed character,1,1,1,,,
disturbed childhood,1,1,1,,,
disturbed kid,1,1,1,,,
disturbic,1,1,1,,,
disturbing and grotesque - what a nightmare,1,1,1,,,
disturbing music,1,1,1,,,
dita parlo,1,1,1,,,
dito montiel,1,1,1,,,
ditto,1,1,1,,,
diva,1,1,1,,,
dive bar,1,1,1,,,
divergent endings,1,1,1,,,
divertente,1,1,1,,,
divided house,1,1,1,,,
divorced,1,1,1,,,
dj shadow,1,1,1,,,
django,1,1,1,,,
djiwani,1,1,1,,,
djwrecommended seewithoutkate,1,1,1,,,
dlinquent,1,1,1,,,
dmitri vasilyev,1,1,1,,,
dmitry vasyukov,1,1,1,,,
dna,1,1,1,,,
dna curse,1,1,1,,,
do zassania hd,1,1,1,,,
doc,1,1,1,,,
doc savage inspired,1,1,1,,,
dockworker,1,1,1,,,
doctor manhattan,1,1,1,,,
doctor manhatten,1,1,1,,,
documental,1,1,1,,,
documentary footage,1,1,1,,,
"documentary, ken burns",1,1,1,,,
dodgeball,1,1,1,,,
does god exist,1,1,1,,,
does he even care?,1,1,1,,,
does not age well,1,1,1,,,
does not improve on blade,1,1,1,,,
does not make sense,1,1,1,,,
doesn't change the fact that che slaughtered a plethora of cubans,1,1,1,,,
doesn't cross the line with their relationship,1,1,1,,,
doesn't follow series,1,1,1,,,
doesn't have any of the right 'feel',1,1,1,,,
doesn't make the plot believable,1,1,1,,,
doesn't really know if it's a teen or a crime movie,1,1,1,,,
doesn't show the fights,1,1,1,,,
doesn't translate well - still pretty good,1,1,1,,,
doesn't use stereotypical gay characters!,1,1,1,,,
dog attack,1,1,1,,,
dog breeder,1,1,1,,,
dog dies,1,1,1,,,
dog walker,1,1,1,,,
dogging,1,1,1,,,
dogshit,1,1,1,,,
doing the right thing,1,1,1,,,
dolby digital ex,1,1,1,,,
dolentissima,1,1,1,,,
dollar,1,1,1,,,
dolly parten,1,1,1,,,
dolores hitchens,1,1,1,,,
dolujace,1,1,1,,,
dom rotheroe,1,1,1,,,
domestic abuse,1,1,1,,,
domestic melodrama,1,1,1,,,
dominance,1,1,1,,,
dominant and subordinate,1,1,1,,,
domineering woman,1,1,1,,,
dominic murphy,1,1,1,,,
dominic polcino,1,1,1,,,
dominic purcell,1,1,1,,,
dominican republic,1,1,1,,,
dominik garcia-lorido,1,1,1,,,
dominik graf,1,1,1,,,
dominik moll,1,1,1,,,
dominique abel,1,1,1,,,
dominique horwitz,1,1,1,,,
dominique othenin-girard,1,1,1,,,
dominique swain looks silly-like a twenty year old pretending to be twelve,1,1,1,,,
don ashley,1,1,1,,,
don hahn,1,1,1,,,
don hartman,1,1,1,,,
don michael paul,1,1,1,,,
don mischer,1,1,1,,,
don scardino,1,1,1,,,
don't call me shirley,1,1,1,,,
don't care about characters,1,1,1,,,
don't know what to expect,1,1,1,,,
don't like toby though,1,1,1,,,
don't need to see again,1,1,1,,,
don't really remember,1,1,1,,,
don't remember exactly,1,1,1,,,
don't take it seriously folks!,1,1,1,,,
"don't trust those who say ""this flick isn't real""",1,1,1,,,
don't waste your time,1,1,1,,,
don't watch extended version,1,1,1,,,
don't watch it again,1,1,1,,,
don't watch it if you know the ending,1,1,1,,,
don't watch this sleepy from your bed,1,1,1,,,
don't worry (like i did): it's funny,1,1,1,,,
don't you love it when it's at least done pretty well?,1,1,1,,,
don't you love it when it's the right length?,1,1,1,,,
donald cammell,1,1,1,,,
donald duck,1,1,1,,,
donald faison,1,1,1,,,
donald glover,1,1,1,,,
donald mackenzie,1,1,1,,,
donald o'brien,1,1,1,,,
donald volkman,1,1,1,,,
donatello awards,1,1,1,,,
done well enough,1,1,1,,,
dong shot,1,1,1,,,
dong-hoon choi,1,1,1,,,
dong-hyuk hwang,1,1,1,,,
donna davies,1,1,1,,,
donna deitch,1,1,1,,,
donna murphy,1,1,1,,,
donnacha o'briain,1,1,1,,,
donnie wahlberg,1,1,1,,,
dont spend your time watching it,1,1,1,,,
dont watch,1,1,1,,,
doom,1,1,1,,,
doom metal,1,1,1,,,
doorman,1,1,1,,,
doping,1,1,1,,,
doppelgã¤nger,1,1,1,,,
dori berinstein,1,1,1,,,
dorian walker,1,1,1,,,
doris roberts,1,1,1,,,
dorks,1,1,1,,,
dorothy arzner,1,1,1,,,
dorothy mcguire,1,1,1,,,
dorothy tutin,1,1,1,,,
dosumentary,1,1,1,,,
doua moua,1,1,1,,,
double cross,1,1,1,,,
double floor,1,1,1,,,
double meanings,1,1,1,,,
double-cross,1,1,1,,,
double-dealing,1,1,1,,,
doublecross,1,1,1,,,
douchbag instruktã¸ren er lidt en kliche i starten hvor han stopper midt i samtalen og siger tilsin diktafon note to self idea for tv series...,1,1,1,,,
doug block,1,1,1,,,
doug bradley,1,1,1,,,
doug sweetland,1,1,1,,,
douglas,1,1,1,,,
douglas barcellos,1,1,1,,,
douglas booth,1,1,1,,,
douglas jones,1,1,1,,,
douglas keeve,1,1,1,,,
douglas mccarthy,1,1,1,,,
douglas rumsfeld,1,1,1,,,
douglas tirola,1,1,1,,,
douglas trumbull,1,1,1,,,
douglas wilson,1,1,1,,,
douglass dumbrille,1,1,1,,,
dover koshashvili,1,1,1,,,
down on his luck,1,1,1,,,
down syndrom,1,1,1,,,
down-to-earth,1,1,1,,,
dpd,1,1,1,,,
dprk,1,1,1,,,
dr congo,1,1,1,,,
dr. facilier,1,1,1,,,
dr. frankenstein,1,1,1,,,
drachen,1,1,1,,,
draco,1,1,1,,,
drag queen,1,1,1,,,
draggy,1,1,1,,,
dragon ball z,1,1,1,,,
drags on endlessly,1,1,1,,,
drake doremus,1,1,1,,,
drama and action flick,1,1,1,,,
drama or an action flick,1,1,1,,,
drama/comedy,1,1,1,,,
drama2,1,1,1,,,
dramaet er som altid tyndt som det overhovedet kommer,1,1,1,,,
dramalama,1,1,1,,,
dramatic and talk about flat details about life,1,1,1,,,
dramatic colouring,1,1,1,,,
dramatical,1,1,1,,,
dramatics,1,1,1,,,
dramatized documentary,1,1,1,,,
drams,1,1,1,,,
drana,1,1,1,,,
drawing,1,1,1,,,
drawing room,1,1,1,,,
drawves,1,1,1,,,
drc,1,1,1,,,
drea de matteo,1,1,1,,,
dread,1,1,1,,,
dreadful,1,1,1,,,
dream sequence within a dream sequence,1,1,1,,,
dreamdontcatch!,1,1,1,,,
dreams about crushes,1,1,1,,,
drew,1,1,1,,,
drew barrymore - good spielberg,1,1,1,,,
drew denicola,1,1,1,,,
drew/adam chemistry,1,1,1,,,
driector,1,1,1,,,
drinking culture,1,1,1,,,
drive,1,1,1,,,
driven insane,1,1,1,,,
drivers license,1,1,1,,,
driving test,1,1,1,,,
droga,1,1,1,,,
droids,1,1,1,,,
drop rating to 4?,1,1,1,,,
dropping out,1,1,1,,,
dropping the ball on the ending,1,1,1,,,
dror moreh,1,1,1,,,
drug comedy,1,1,1,,,
drug company,1,1,1,,,
drug dealer,1,1,1,,,
drug discovery,1,1,1,,,
drug fun,1,1,1,,,
drug jokes,1,1,1,,,
drug problem,1,1,1,,,
drug reference,1,1,1,,,
drug testing,1,1,1,,,
drug trip,1,1,1,,,
drug war,1,1,1,,,
drugs crime cops mexico spanish,1,1,1,,,
drum wolf,1,1,1,,,
drumer,1,1,1,,,
drunk cop,1,1,1,,,
drunk ex-cop,1,1,1,,,
drunk hallucination,1,1,1,,,
drunk monkeys,1,1,1,,,
drunkard,1,1,1,,,
drunken boxing,1,1,1,,,
drunkeness,1,1,1,,,
ds,1,1,1,,,
dsfd,1,1,1,,,
dt: an deiner schulter,1,1,1,,,
dt: cool & fool,1,1,1,,,
dt: couchgeflã¼ster,1,1,1,,,
dt: das comeback,1,1,1,,,
dt: ein duke kommt selten allein,1,1,1,,,
dt: frau mit hund sucht mann mit herz,1,1,1,,,
dt: grasgeflã¼ster,1,1,1,,,
dt: hochzeit mit einer leiche,1,1,1,,,
dt: solange du da bist,1,1,1,,,
dt: spiel ohne regeln,1,1,1,,,
dt: unzertrennlich,1,1,1,,,
dt: wo die liebe hinfã¤llt,1,1,1,,,
du-na bae,1,1,1,,,
duane baughman,1,1,1,,,
duane graves,1,1,1,,,
duck,1,1,1,,,
duck vaginas,1,1,1,,,
duct taped mouths,1,1,1,,,
ducts,1,1,1,,,
dude!,1,1,1,,,
dudley digges,1,1,1,,,
dudley murphy,1,1,1,,,
duendes,1,1,1,,,
dui,1,1,1,,,
duilio coletti,1,1,1,,,
dule,1,1,1,,,
dull ending,1,1,1,,,
dull jokes,1,1,1,,,
dull narration,1,1,1,,,
dull pacing,1,1,1,,,
dumb but sophisticated,1,1,1,,,
dumb parts,1,1,1,,,
dumb teen,1,1,1,,,
dumb twist,1,1,1,,,
dumbest black guy ever (and asronaut),1,1,1,,,
dumbfounding,1,1,1,,,
dumbing down,1,1,1,,,
dumbo wannabe,1,1,1,,,
dummies,1,1,1,,,
duncan tucker,1,1,1,,,
dungeons & dragons,1,1,1,,,
dungeons and dragons,1,1,1,,,
dunne +,1,1,1,,,
duplass brothers,1,1,1,,,
duplicity,1,1,1,,,
duran duran,1,1,1,,,
dustin hoffman lookalike,1,1,1,,,
dustinhoffman,1,1,1,,,
dusty bottoms up!,1,1,1,,,
duty,1,1,1,,,
duvall is superb,1,1,1,,,
dvd colleciton,1,1,1,,,
dvd+rw,1,1,1,,,
dvd:commentary in dual windows,1,1,1,,,
dvd:director's commentary makes all the difference,1,1,1,,,
dvd:extra footage,1,1,1,,,
dvd:funny commentary,1,1,1,,,
dvd:great commentary from writer,1,1,1,,,
dvd:no subtitles or cc,1,1,1,,,
dwarfs,1,1,1,,,
dwelling a character,1,1,1,,,
dwight henry,1,1,1,,,
dying animal,1,1,1,,,
dying breed,1,1,1,,,
dylan,1,1,1,,,
dylan avery,1,1,1,,,
dylan kidd,1,1,1,,,
dylan mohan gray,1,1,1,,,
dylan walsh,1,1,1,,,
dysfunctional families,1,1,1,,,
dysfunctional relationships,1,1,1,,,
dysfunctional society,1,1,1,,,
dystop,1,1,1,,,
dystopie,1,1,1,,,
dystpoia,1,1,1,,,
dziga vertov,1,1,1,,,
e,1,1,1,,,
e l james,1,1,1,,,
e-mail,1,1,1,,,
e. elias merhige,1,1,1,,,
e.j. rodriguez,1,1,1,,,
e.l. katz,1,1,1,,,
early film,1,1,1,,,
earning respect,1,1,1,,,
earth's magnetic field,1,1,1,,,
earthship,1,1,1,,,
easily confused with other movie(s) (a bug's life),1,1,1,,,
easily confused with other movie(s) (antz),1,1,1,,,
easily confused with other movie(s) (taking of pelham 123),1,1,1,,,
easily confused with other movies,1,1,1,,,
east berlin,1,1,1,,,
east sussex,1,1,1,,,
eastbound and down,1,1,1,,,
eastbourne,1,1,1,,,
eastern mysticism,1,1,1,,,
easy targets,1,1,1,,,
eaten alive,1,1,1,,,
eating contest,1,1,1,,,
eating disorder,1,1,1,,,
eating frogs,1,1,1,,,
eating shoes,1,1,1,,,
ebay,1,1,1,,,
ebert says,1,1,1,,,
ebert: 4 stars,1,1,1,,,
ebrahim hatamikia,1,1,1,,,
ecclecticly watchable,1,1,1,,,
echo park,1,1,1,,,
ecological disaster,1,1,1,,,
ecological footprint,1,1,1,,,
economic-collapse,1,1,1,,,
economic-crisis,1,1,1,,,
economically illiterate writers,1,1,1,,,
ecstatic truth,1,1,1,,,
ect,1,1,1,,,
ed burns,1,1,1,,,
ed decter,1,1,1,,,
ed ivory,1,1,1,,,
ed norton is cut,1,1,1,,,
ed skudder,1,1,1,,,
ed solomon,1,1,1,,,
ed speleers,1,1,1,,,
ed stone,1,1,1,,,
eddie albert,1,1,1,,,
eddie alcazar,1,1,1,,,
eddie deezen,1,1,1,,,
eddie murphy is brilliant as always,1,1,1,,,
eddie vedder,1,1,1,,,
eddy terstall,1,1,1,,,
edet belzberg,1,1,1,,,
edgar barens,1,1,1,,,
edgar barrier,1,1,1,,,
edgar bergen,1,1,1,,,
edgar kennedy,1,1,1,,,
edgar morin,1,1,1,,,
edgar reitz,1,1,1,,,
edgar selwyn,1,1,1,,,
edge of the seat,1,1,1,,,
edie martin,1,1,1,,,
edison studios,1,1,1,,,
edith massey,1,1,1,,,
editor,1,1,1,,,
edmond roch,1,1,1,,,
edmund gwenn,1,1,1,,,
edna may oliver,1,1,1,,,
eduardo sánchez,1,1,1,,,
eduardo verastegui,1,1,1,,,
edvin laine,1,1,1,,,
edw,1,1,1,,,
edward a. blatt,1,1,1,,,
edward arnold,1,1,1,,,
edward bernays,1,1,1,,,
edward everett horton,1,1,1,,,
edward gray,1,1,1,,,
edward herrmann,1,1,1,,,
edward no,1,1,1,,,
edward norton unbelievably good,1,1,1,,,
edward r. murrow,1,1,1,,,
edward woodward,1,1,1,,,
edwin wilson,1,1,1,,,
effective and superfun monster movie.,1,1,1,,,
effeminate tree,1,1,1,,,
"efter seneste sening vil jeg sige, at 5 er gavmildt, tænkte lidt i en halv stjerne mindre, men what the hell",1,1,1,,,
eggs,1,1,1,,,
egyptology,1,1,1,,,
eh -  took me two watches to kinda like it,1,1,1,,,
ehh,1,1,1,,,
ehren mghehey,1,1,1,,,
eiko ishioka,1,1,1,,,
ein grosses film - ausgezeichnet!!,1,1,1,,,
ein zauberfilm von einem zauberer,1,1,1,,,
einaudi,1,1,1,,,
eisenhower-era,1,1,1,,,
eisenstein,1,1,1,,,
ekachai uekrongtham,1,1,1,,,
ekin cheng,1,1,1,,,
el caso slevin,1,1,1,,,
el dilema,1,1,1,,,
ela thier,1,1,1,,,
elaine hendrix,1,1,1,,,
eleanor bron,1,1,1,,,
eleanor coppola,1,1,1,,,
eleanor parker,1,1,1,,,
election day,1,1,1,,,
electric clippers,1,1,1,,,
electric shocks,1,1,1,,,
electro,1,1,1,,,
electroconvulsive therapy,1,1,1,,,
electronic,1,1,1,,,
electronic soundtrack,1,1,1,,,
elegant japanese prostitute,1,1,1,,,
elektrolyte,1,1,1,,,
eleonore pourriat,1,1,1,,,
elf,1,1,1,,,
eli craig,1,1,1,,,
elia petridis,1,1,1,,,
elie wajeman,1,1,1,,,
elio petri,1,1,1,,,
eliot elisofon,1,1,1,,,
elisabet,1,1,1,,,
elisabeth - emotion!,1,1,1,,,
elise neal,1,1,1,,,
elisha cook jr.,1,1,1,,,
elissa down,1,1,1,,,
elite,1,1,1,,,
eliza bennett,1,1,1,,,
eliza hittman,1,1,1,,,
elizabeth bennet,1,1,1,,,
elizabeth berkley,1,1,1,,,
elizabeth gaskell,1,1,1,,,
elizabeth mims,1,1,1,,,
ellar coltrane,1,1,1,,,
ellen hovde,1,1,1,,,
ellen mclain,1,1,1,,,
ellen page is so gay,1,1,1,,,
ellen perry,1,1,1,,,
ellen pompeo,1,1,1,,,
ellers okay..,1,1,1,,,
elliot berlin,1,1,1,,,
elliot gould,1,1,1,,,
elliot silverstein,1,1,1,,,
elliott smith,1,1,1,,,
ellory elkayem,1,1,1,,,
elmar klos,1,1,1,,,
elmer bernstein,1,1,1,,,
elsamelys ulerio,1,1,1,,,
elvis costello,1,1,1,,,
elvis costello soundtrack,1,1,1,,,
elwood,1,1,1,,,
elyas m'barek,1,1,1,,,
emaciation,1,1,1,,,
emad burnat,1,1,1,,,
email,1,1,1,,,
emanuele crialese,1,1,1,,,
embarressid to watch,1,1,1,,,
embellished,1,1,1,,,
emil jannings,1,1,1,,,
emilia fox,1,1,1,,,
emilio gómez muriel,1,1,1,,,
emilio martínez lázaro,1,1,1,,,
emiliooooo,1,1,1,,,
emily barclay,1,1,1,,,
emily blunt is sooo very...   she was amazing in irresistable,1,1,1,,,
emily brontã«,1,1,1,,,
emily hampshire,1,1,1,,,
emily kaiho,1,1,1,,,
emily lloyd,1,1,1,,,
emily ratajkowski,1,1,1,,,
emily vancamp,1,1,1,,,
emin alper,1,1,1,,,
emma,1,1,1,,,
emma chambers,1,1,1,,,
emma lung,1,1,1,,,
emma watson's american accent,1,1,1,,,
emma wiklund,1,1,1,,,
emmanuel carrère,1,1,1,,,
emmanuel klotz,1,1,1,,,
emmanuelle devos,1,1,1,,,
emmanuelle riva,1,1,1,,,
emmerich,1,1,1,,,
emmett brown,1,1,1,,,
emmigration,1,1,1,,,
emmy altava,1,1,1,,,
emo peter parker,1,1,1,,,
emotion capture,1,1,1,,,
emotion! -  ana claudia talancã³n,1,1,1,,,
emotional blackmail,1,1,1,,,
emotional documentary,1,1,1,,,
emotional fire truck,1,1,1,,,
emotional kung fu,1,1,1,,,
emotional resonance,1,1,1,,,
emotional struggle,1,1,1,,,
emotional suffering,1,1,1,,,
emotionally complex,1,1,1,,,
emotionless in parts,1,1,1,,,
emotive,1,1,1,,,
emperor of japan,1,1,1,,,
empirical,1,1,1,,,
employee; competition;,1,1,1,,,
empowered youth,1,1,1,,,
empowering,1,1,1,,,
empress,1,1,1,,,
emptiness,1,1,1,,,
empty city,1,1,1,,,
emum elliott,1,1,1,,,
en lille fille,1,1,1,,,
en meget gavmild fille.,1,1,1,,,
encarnation,1,1,1,,,
enchantments,1,1,1,,,
encore,1,1,1,,,
encourages discussion,1,1,1,,,
encouraging,1,1,1,,,
encrypted views,1,1,1,,,
end is dull,1,1,1,,,
end of,1,1,1,,,
end of human,1,1,1,,,
end of world,1,1,1,,,
end the nightmare,1,1,1,,,
ending differs from real life,1,1,1,,,
ending in preparation for a non existing sequel,1,1,1,,,
ending is wrong,1,1,1,,,
ending line,1,1,1,,,
ending low budget,1,1,1,,,
ending too sweet,1,1,1,,,
ending was better than the rest,1,1,1,,,
ending was good,1,1,1,,,
ending was moving,1,1,1,,,
ending.,1,1,1,,,
endings,1,1,1,,,
endless talking,1,1,1,,,
endlessly boring,1,1,1,,,
ends abrutly,1,1,1,,,
ends up with a girl,1,1,1,,,
enemy mine,1,1,1,,,
energizing,1,1,1,,,
energy industry,1,1,1,,,
enfp,1,1,1,,,
engagement ring,1,1,1,,,
engimatic,1,1,1,,,
england in 1900,1,1,1,,,
english comedy,1,1,1,,,
english history,1,1,1,,,
english instead of subtitles,1,1,1,,,
english language version,1,1,1,,,
english premier league,1,1,1,,,
english reformation,1,1,1,,,
english voice overs,1,1,1,,,
english with german accent!,1,1,1,,,
englishness,1,1,1,,,
engrish,1,1,1,,,
enigmas,1,1,1,,,
enjoy is not the word i would use; thoughtful or interesting,1,1,1,,,
enkheim,1,1,1,,,
enlish,1,1,1,,,
ennui,1,1,1,,,
enough to see once,1,1,1,,,
enough with the  same ' lethal weapon' movies over and over again.,1,1,1,,,
enpowering,1,1,1,,,
enrico casarosa,1,1,1,,,
enrique murciano,1,1,1,,,
enron,1,1,1,,,
ensemble film,1,1,1,,,
ensemble plot,1,1,1,,,
ensemble singing,1,1,1,,,
ensenada,1,1,1,,,
entartete kunst,1,1,1,,,
enterprise lost,1,1,1,,,
entertaining for idiots,1,1,1,,,
entertaining for not asking too much of keanu,1,1,1,,,
entisajat,1,1,1,,,
entrapment,1,1,1,,,
entropy,1,1,1,,,
enviromental,1,1,1,,,
enviromental message,1,1,1,,,
enviromentalism,1,1,1,,,
environmental disaster,1,1,1,,,
environmental justice,1,1,1,,,
environmental wackos,1,1,1,,,
environmentalist,1,1,1,,,
eomwn life in spain,1,1,1,,,
ephraim kishon,1,1,1,,,
epic larp scene,1,1,1,,,
epic pie fight,1,1,1,,,
epic.,1,1,1,,,
epically meandering,1,1,1,,,
epically stupid ending,1,1,1,,,
epilogue,1,1,1,,,
episodic character,1,1,1,,,
epocalipse,1,1,1,,,
epoch making,1,1,1,,,
equivocal,1,1,1,,,
"er meget splittet om bedømmelsen. i dens gode perioder tænkte jeg 4, måske sågar 4,5. som helhed med fokus på de dårlige sceancer er vi nærmere en 3'er.",1,1,1,,,
er vild med set-up'et. det minder meget om en teaterscene: helt stiliseret og simpel. det virker næsten bevidst overbelyst.,1,1,1,,,
erez tadmor,1,1,1,,,
eric,1,1,1,,,
eric armstrong,1,1,1,,,
eric banna,1,1,1,,,
eric cardot,1,1,1,,,
eric cartman,1,1,1,,,
eric chaikin,1,1,1,,,
eric crosland,1,1,1,,,
eric eason,1,1,1,,,
eric fleming,1,1,1,,,
eric freeman,1,1,1,,,
eric khoo,1,1,1,,,
eric lartigau,1,1,1,,,
eric olsen,1,1,1,,,
eric radomski,1,1,1,,,
eric schwartz,1,1,1,,,
eric steel,1,1,1,,,
eric strauss,1,1,1,,,
eric valette,1,1,1,,,
eric valli,1,1,1,,,
eric zala,1,1,1,,,
erica cox,1,1,1,,,
erich wolfgang korngold,1,1,1,,,
erick zonca,1,1,1,,,
ericson core,1,1,1,,,
erik blomberg,1,1,1,,,
erik darnell,1,1,1,,,
erik løchen,1,1,1,,,
erik matti,1,1,1,,,
erik skjoldbjærg,1,1,1,,,
erik stolhanske,1,1,1,,,
erik von detten,1,1,1,,,
erik wernquist,1,1,1,,,
erika blanc,1,1,1,,,
erika eleniak,1,1,1,,,
erin,1,1,1,,,
erin richards,1,1,1,,,
eris,1,1,1,,,
erkan can,1,1,1,,,
erlend loe,1,1,1,,,
ernie adams,1,1,1,,,
ernst laemmle,1,1,1,,,
ernst reijsiger,1,1,1,,,
erotism,1,1,1,,,
errors,1,1,1,,,
es,1,1,1,,,
es un poc de lo de sempre,1,1,1,,,
escape artist,1,1,1,,,
escape prison camp,1,1,1,,,
escape sequences,1,1,1,,,
escaped convict,1,1,1,,,
escaping,1,1,1,,,
escritor,1,1,1,,,
eskil vogt,1,1,1,,,
eskimo,1,1,1,,,
especially the mashed potato mountain.,1,1,1,,,
especially when they are hella high.,1,1,1,,,
esperanto,1,1,1,,,
espers,1,1,1,,,
espianage,1,1,1,,,
essence of love,1,1,1,,,
established characters are ignored,1,1,1,,,
estambul,1,1,1,,,
estella warren,1,1,1,,,
estranged,1,1,1,,,
estranged daughter,1,1,1,,,
etc.,1,1,1,,,
ethan hawke (cameo),1,1,1,,,
ethan maniquis,1,1,1,,,
ethan wiley,1,1,1,,,
ethel barrymoore,1,1,1,,,
ethnic comedy,1,1,1,,,
ethnobotany,1,1,1,,,
etienne périer,1,1,1,,,
etiquette,1,1,1,,,
etta james,1,1,1,,,
eua,1,1,1,,,
eucharist,1,1,1,,,
eugene corr,1,1,1,,,
eugene lipinski,1,1,1,,,
euginides,1,1,1,,,
eunduring torment,1,1,1,,,
europa,1,1,1,,,
europa corp.,1,1,1,,,
europe song lol,1,1,1,,,
european film awards nominee,1,1,1,,,
eurospy,1,1,1,,,
euzhan palcy,1,1,1,,,
eva braun,1,1,1,,,
eva contro eva,1,1,1,,,
eva mendez,1,1,1,,,
evan johnson,1,1,1,,,
evanna lynch,1,1,1,,,
eve,1,1,1,,,
evelyn ankers,1,1,1,,,
evelyn varden,1,1,1,,,
even crazy people like to be asked out,1,1,1,,,
even dweebs go psycho if you keep making fun of their glasses,1,1,1,,,
even princesses want to have pig sex now & again...& again,1,1,1,,,
even seeing pricess diary breasts can't save this movie,1,1,1,,,
even worse than eragon,1,1,1,,,
even worse than the second.,1,1,1,,,
ever heard of columbine,1,1,1,,,
ever.,1,1,1,,,
every fans must see,1,1,1,,,
every few minutes things stop,1,1,1,,,
every woman should see,1,1,1,,,
every wrestling fan will enjoy this one fo` sho`.,1,1,1,,,
everybody do the dinosaur,1,1,1,,,
everybody who watched matrix 1 wanted this one to be good but it just wasn't,1,1,1,,,
everyone dies,1,1,1,,,
everyone mumbles,1,1,1,,,
everyone needs to see!,1,1,1,,,
everyone's favorite,1,1,1,,,
everything about this movie is awful,1,1,1,,,
everything is bad about this movie.,1,1,1,,,
everything is outstanding,1,1,1,,,
everything is terrible,1,1,1,,,
everything!,1,1,1,,,
evgeni evstigneev,1,1,1,,,
evgeni krylatov,1,1,1,,,
evidence,1,1,1,,,
evidence history does repeat itself.,1,1,1,,,
evil  hillbillies,1,1,1,,,
evil cult,1,1,1,,,
evil deadish,1,1,1,,,
evil deity,1,1,1,,,
evil monkey,1,1,1,,,
evil pidgeon,1,1,1,,,
evil protagonist,1,1,1,,,
evil schwarzenegger character,1,1,1,,,
evil sequel,1,1,1,,,
evil sibling,1,1,1,,,
evocative,1,1,1,,,
evolutionary theme,1,1,1,,,
evp,1,1,1,,,
ewa krzyzewska,1,1,1,,,
ewald andré dupont,1,1,1,,,
ewan macgregor,1,1,1,,,
ewan mcgregor has a giant penis,1,1,1,,,
ewe mean sausage mchoody with eggs,1,1,1,,,
ewww,1,1,1,,,
ex,1,1,1,,,
ex convict,1,1,1,,,
ex-boyfriend,1,1,1,,,
ex-convict,1,1,1,,,
ex-ussr spy,1,1,1,,,
examines relationship between our lives and our freedom,1,1,1,,,
example,1,1,1,,,
example how can you ruin excellent book,1,1,1,,,
excelent shots,1,1,1,,,
excelente!,1,1,1,,,
excellent - must see,1,1,1,,,
excellent action movie,1,1,1,,,
excellent cast,1,1,1,,,
excellent choreography,1,1,1,,,
excellent documentary but too scary for me,1,1,1,,,
excellent film,1,1,1,,,
excellent great cast,1,1,1,,,
excellent movie,1,1,1,,,
excellent performance,1,1,1,,,
excellent remake,1,1,1,,,
excellent screenplay,1,1,1,,,
excellent stage direction,1,1,1,,,
excellent story and pacing.,1,1,1,,,
excellent story but far too gory,1,1,1,,,
excellent story nearly ruined by ridiculous special effects,1,1,1,,,
excellent! great story and cinetmatography,1,1,1,,,
except for the dumb ending,1,1,1,,,
except for the midget cruise,1,1,1,,,
exceptionally promises,1,1,1,,,
excess of close-ups,1,1,1,,,
excessive exposition,1,1,1,,,
excessive kissing,1,1,1,,,
exciting visuals,1,1,1,,,
excrement,1,1,1,,,
executioner,1,1,1,,,
executive producer: steven spielberg,1,1,1,,,
exellent first half,1,1,1,,,
exercise bike,1,1,1,,,
exhausted,1,1,1,,,
exile,1,1,1,,,
existence,1,1,1,,,
existencialism,1,1,1,,,
existensial,1,1,1,,,
existensialism,1,1,1,,,
existenti,1,1,1,,,
exodus,1,1,1,,,
exosuit,1,1,1,,,
exotica,1,1,1,,,
expansive,1,1,1,,,
expect school,1,1,1,,,
expecting a baby,1,1,1,,,
expensive b movie,1,1,1,,,
expicit,1,1,1,,,
expired copyright,1,1,1,,,
explanation,1,1,1,,,
exploding building,1,1,1,,,
exploding car,1,1,1,,,
exploding helicopter,1,1,1,,,
exploding money balloon,1,1,1,,,
exploding planet,1,1,1,,,
exposes delusion,1,1,1,,,
exposition,1,1,1,,,
expresionismo aleman,1,1,1,,,
expression through movement,1,1,1,,,
exquisite plotting,1,1,1,,,
extended,1,1,1,,,
extended cut,1,1,1,,,
extended ending,1,1,1,,,
extended nudity,1,1,1,,,
extended version,1,1,1,,,
extensive mystism,1,1,1,,,
extinct species,1,1,1,,,
extinction of species,1,1,1,,,
extra-terrestrials,1,1,1,,,
extract,1,1,1,,,
extraction,1,1,1,,,
extraneous,1,1,1,,,
extraneous characters,1,1,1,,,
extreme action,1,1,1,,,
extreme naiveness makes the character of reba much less believable; she's not a child,1,1,1,,,
extreme sports,1,1,1,,,
extreme stunts,1,1,1,,,
extreme violence!,1,1,1,,,
extremely aesthic,1,1,1,,,
extremely clichã© in all aspects,1,1,1,,,
extremely unlikely in every sense,1,1,1,,,
extremely vulgar,1,1,1,,,
extremely well played,1,1,1,,,
exuberant,1,1,1,,,
eye opener,1,1,1,,,
eyesore,1,1,1,,,
ezra edelman,1,1,1,,,
f*ck your brother's wife and live longer,1,1,1,,,
fabergã© egg,1,1,1,,,
fabian,1,1,1,,,
fabian bielinsky,1,1,1,,,
fabian gianolla voice,1,1,1,,,
fabricated,1,1,1,,,
fabrice canepa,1,1,1,,,
fabulous women's picutre noir hybrid,1,1,1,,,
face against glass,1,1,1,,,
face mask,1,1,1,,,
face split in half,1,1,1,,,
facial hair,1,1,1,,,
facial surgery,1,1,1,,,
facing mortality,1,1,1,,,
facing problems,1,1,1,,,
facts of life,1,1,1,,,
factually inaccurate,1,1,1,,,
faded glory,1,1,1,,,
faggotism,1,1,1,,,
failed genre,1,1,1,,,
failed romance,1,1,1,,,
failing to bring anything new to the franchise,1,1,1,,,
failure to communicate,1,1,1,,,
fairie,1,1,1,,,
fairy,1,1,1,,,
fairy-tale adaptation,1,1,1,,,
fairytale-esque,1,1,1,,,
faisal s. al-saud,1,1,1,,,
faith ford,1,1,1,,,
fake aging,1,1,1,,,
fake death,1,1,1,,,
fake english accent,1,1,1,,,
fake history - don't believe a thing,1,1,1,,,
fake horror,1,1,1,,,
fake imdb rating,1,1,1,,,
fake psychics,1,1,1,,,
fake shark,1,1,1,,,
fake snake,1,1,1,,,
fake surfing,1,1,1,,,
fake trailer,1,1,1,,,
faked pregnancy,1,1,1,,,
fall of superheros,1,1,1,,,
false,1,1,1,,,
false assumption of murder,1,1,1,,,
false gospel,1,1,1,,,
false history,1,1,1,,,
false notes,1,1,1,,,
false prophets,1,1,1,,,
false teachers,1,1,1,,,
famer,1,1,1,,,
familiar experience,1,1,1,,,
family background,1,1,1,,,
family conflict,1,1,1,,,
family guy,1,1,1,,,
family home,1,1,1,,,
family in turmoil,1,1,1,,,
family life,1,1,1,,,
family planning,1,1,1,,,
family political drama,1,1,1,,,
family roles,1,1,1,,,
family ties,1,1,1,,,
family tolerance,1,1,1,,,
family values,1,1,1,,,
family values.,1,1,1,,,
family wounds,1,1,1,,,
famous novelization,1,1,1,,,
famous quote,1,1,1,,,
famous students,1,1,1,,,
famu,1,1,1,,,
fan bingbing,1,1,1,,,
fanatic fans,1,1,1,,,
fanaticism,1,1,1,,,
fanatism,1,1,1,,,
fance,1,1,1,,,
fandom,1,1,1,,,
fantanstical,1,1,1,,,
fantasia,1,1,1,,,
fantasies,1,1,1,,,
fantastic accent,1,1,1,,,
fantastic actors,1,1,1,,,
fantastic atmosphere,1,1,1,,,
fantastic beginning and middle but spoiled by a terrible confuins ending,1,1,1,,,
fantastic camera shots,1,1,1,,,
fantastic editing,1,1,1,,,
fantastic epic story,1,1,1,,,
fantastic getaway,1,1,1,,,
fantastic getaway!!!,1,1,1,,,
fantastic ingredients.....and yet epic fail....don't waste your time.,1,1,1,,,
fantastic make-up fx,1,1,1,,,
fantastic music,1,1,1,,,
fantastic storyline,1,1,1,,,
fantasy cliches,1,1,1,,,
fantasy sci-fi,1,1,1,,,
fantazy,1,1,1,,,
far away,1,1,1,,,
far flung,1,1,1,,,
far from book,1,1,1,,,
far from the book,1,1,1,,,
far out,1,1,1,,,
far too long,1,1,1,,,
far-fetched,1,1,1,,,
far-reaching,1,1,1,,,
faries,1,1,1,,,
farley granger,1,1,1,,,
farscape,1,1,1,,,
fart,1,1,1,,,
faruk aksoy,1,1,1,,,
fascinating movie,1,1,1,,,
"fascinating study of ""funny"".",1,1,1,,,
fashion clothing,1,1,1,,,
fashion school,1,1,1,,,
fassbinder,1,1,1,,,
fast cars,1,1,1,,,
fast cutting,1,1,1,,,
fast jets,1,1,1,,,
fast zombies,1,1,1,,,
fast-forwarding overlong beginnings,1,1,1,,,
fast-moving,1,1,1,,,
fast-talking,1,1,1,,,
fat guy,1,1,1,,,
fat hero,1,1,1,,,
fat is funny,1,1,1,,,
fat oprah,1,1,1,,,
fat women,1,1,1,,,
fatalistic,1,1,1,,,
fatality,1,1,1,,,
fatasy,1,1,1,,,
father and sin,1,1,1,,,
father in law,1,1,1,,,
father-daughter,1,1,1,,,
father-son estrangement,1,1,1,,,
father-son relationships,1,1,1,,,
father/daughter tension,1,1,1,,,
fathers lov,1,1,1,,,
fatou n'diaye,1,1,1,,,
fatphobia,1,1,1,,,
fatties,1,1,1,,,
fatuous,1,1,1,,,
faust,1,1,1,,,
faustian,1,1,1,,,
faux deep dialogue,1,1,1,,,
fav 06,1,1,1,,,
favorite movie of the year,1,1,1,,,
fawns,1,1,1,,,
fax bahr,1,1,1,,,
fay masterson,1,1,1,,,
faye wong,1,1,1,,,
fcc,1,1,1,,,
fdbdshgfhv,1,1,1,,,
fdsffsd,1,1,1,,,
fear and loathing in la was better,1,1,1,,,
fear; hate; anger,1,1,1,,,
fearful,1,1,1,,,
fearless,1,1,1,,,
fearmongering,1,1,1,,,
feces,1,1,1,,,
fede alvarez,1,1,1,,,
fedelity,1,1,1,,,
federico garcía lorca,1,1,1,,,
federico luppi,1,1,1,,,
federico moccia,1,1,1,,,
fedor bondarchuk,1,1,1,,,
feeble characters,1,1,1,,,
feeble plot,1,1,1,,,
feel-bad,1,1,1,,,
feeling,1,1,1,,,
feeling of impending doom,1,1,1,,,
feels,1,1,1,,,
feels to fake,1,1,1,,,
feh,1,1,1,,,
felines,1,1,1,,,
felipe lacerda,1,1,1,,,
felix herngren,1,1,1,,,
fellatio,1,1,1,,,
fellini at his best,1,1,1,,,
felon,1,1,1,,,
felt bad for her,1,1,1,,,
felt real,1,1,1,,,
female action star,1,1,1,,,
female character only a weak object that needs to be rescued,1,1,1,,,
female delinquents,1,1,1,,,
female female relationship,1,1,1,,,
female football,1,1,1,,,
female genital mutilation,1,1,1,,,
female hacker,1,1,1,,,
female narrator,1,1,1,,,
female objectification,1,1,1,,,
female perspective,1,1,1,,,
female rear nudity,1,1,1,,,
female relationship dynamics,1,1,1,,,
female stripper (scene),1,1,1,,,
female vampire,1,1,1,,,
female vampre,1,1,1,,,
feminist art,1,1,1,,,
fennimore cooper,1,1,1,,,
fernand gravey,1,1,1,,,
fernanda montenegro,1,1,1,,,
fernando grostein andrade,1,1,1,,,
fernando león de aranda,1,1,1,,,
fernando león de aranoa,1,1,1,,,
fernando trueba,1,1,1,,,
ferran adriã¡,1,1,1,,,
fertility,1,1,1,,,
fess parker,1,1,1,,,
fetichism,1,1,1,,,
fetus,1,1,1,,,
few dialogues,1,1,1,,,
few jokes,1,1,1,,,
few martial arts,1,1,1,,,
few mystery,1,1,1,,,
few primary sources,1,1,1,,,
few things happen,1,1,1,,,
few wide angle shots,1,1,1,,,
fickle woman,1,1,1,,,
fiction in real life,1,1,1,,,
fictional african country,1,1,1,,,
fictional biography,1,1,1,,,
fictional european country,1,1,1,,,
fictional post-war france,1,1,1,,,
fictional remake of young at heart,1,1,1,,,
fictional world,1,1,1,,,
fidel castro,1,1,1,,,
field,1,1,1,,,
field hockey,1,1,1,,,
fievel,1,1,1,,,
fight club meets memento with great results,1,1,1,,,
fight for freedom,1,1,1,,,
fight for survival,1,1,1,,,
fight for what's right,1,1,1,,,
fight for your dreams because people are dying for theirs,1,1,1,,,
fight!,1,1,1,,,
fighter planes,1,1,1,,,
fighting for money,1,1,1,,,
fighting game,1,1,1,,,
fighting intruders,1,1,1,,,
filim noir,1,1,1,,,
filippo macelloni,1,1,1,,,
filler between two movies,1,1,1,,,
film adaptation,1,1,1,,,
film clips,1,1,1,,,
film crew,1,1,1,,,
film history,1,1,1,,,
film im film,1,1,1,,,
film location,1,1,1,,,
film making,1,1,1,,,
film noir comic book,1,1,1,,,
film pinot noir,1,1,1,,,
film school,1,1,1,,,
film style,1,1,1,,,
film-noir without any real clues or detective work,1,1,1,,,
filmaffinity semejantes li posen un 3,1,1,1,,,
filmation,1,1,1,,,
filmed at:playboy mansion (scene),1,1,1,,,
filmed at:univ. of toronto,1,1,1,,,
filmed during occupation,1,1,1,,,
filmed in ayr,1,1,1,,,
filmed in canada,1,1,1,,,
filmed in kelowna bc,1,1,1,,,
filmed in norway,1,1,1,,,
filmed in palmdale,1,1,1,,,
filmed in puolanka (finland),1,1,1,,,
filmed in turin italy,1,1,1,,,
filmed play who's script was made up on the spot - and it's strangely cinematic,1,1,1,,,
filmfour,1,1,1,,,
filmmakers,1,1,1,,,
filmography,1,1,1,,,
films that made me mad,1,1,1,,,
final dance,1,1,1,,,
final fight,1,1,1,,,
final flight of the osiris,1,1,1,,,
final image,1,1,1,,,
final segment,1,1,1,,,
finale,1,1,1,,,
financial panic,1,1,1,,,
financial woes,1,1,1,,,
finding inner strength,1,1,1,,,
finding love,1,1,1,,,
finding refuge in nature,1,1,1,,,
fine acting,1,1,1,,,
finger cut off,1,1,1,,,
finlandia,1,1,1,,,
finn atkins,1,1,1,,,
finnish valentino,1,1,1,,,
fiona gordon,1,1,1,,,
fiona o'shaughnessy,1,1,1,,,
fire bombing,1,1,1,,,
fire king jadite,1,1,1,,,
fire sale,1,1,1,,,
firearms,1,1,1,,,
firendship,1,1,1,,,
firestarter,1,1,1,,,
firing range,1,1,1,,,
first act stronger than second,1,1,1,,,
first britain talkie,1,1,1,,,
first cgi film,1,1,1,,,
first ever film noir,1,1,1,,,
first half very funny,1,1,1,,,
first kiss,1,1,1,,,
first movie to win the main 5 categories,1,1,1,,,
first novel,1,1,1,,,
first officer,1,1,1,,,
first scene,1,1,1,,,
first segment,1,1,1,,,
first sexual experience,1,1,1,,,
first-person,1,1,1,,,
first-person narrative,1,1,1,,,
fisheye,1,1,1,,,
flamethrower,1,1,1,,,
flamethrowers,1,1,1,,,
flaming,1,1,1,,,
flamingoes,1,1,1,,,
flare gun,1,1,1,,,
flash back,1,1,1,,,
flash gordon references,1,1,1,,,
flashback editing,1,1,1,,,
flashy american soldier,1,1,1,,,
flat chested,1,1,1,,,
flat chested protagonist,1,1,1,,,
flat humor,1,1,1,,,
flat villain,1,1,1,,,
flauw,1,1,1,,,
flawed experiment,1,1,1,,,
flawless,1,1,1,,,
flawless hero,1,1,1,,,
fletcher markle,1,1,1,,,
flies,1,1,1,,,
flight attendant,1,1,1,,,
flimsy story,1,1,1,,,
flint,1,1,1,,,
floating buildings,1,1,1,,,
flogging,1,1,1,,,
flora cross,1,1,1,,,
florida film festival 2009,1,1,1,,,
florida film festival winner best documentary feature audience award 2001,1,1,1,,,
florida film festival winner best documentary feature grand jury award 1999,1,1,1,,,
florida film festival winner best documentary feature special jury award 2000,1,1,1,,,
florida film festival winner best international feature film audience award 2002,1,1,1,,,
florida film festival winner best narrative feature audience award 2001,1,1,1,,,
florida film festival winner best narrative feature audience award 2006,1,1,1,,,
florida film festival winner best narrative feature grand jury award 1999,1,1,1,,,
florida film festival winner best narrative feature grand jury prize 1998,1,1,1,,,
florida film festival winner best narrative feature grand jury prize 2003,1,1,1,,,
florida film festival winner best narrative feature special jury award 2001,1,1,1,,,
florida film festival winner international competition audience award 2007,1,1,1,,,
florida film festival winner special jury award 2002,1,1,1,,,
florida film festival winner special jury award for narrative filmmaking 1999,1,1,1,,,
florida romance,1,1,1,,,
flow,1,1,1,,,
flowed,1,1,1,,,
flubber,1,1,1,,,
fly fishing,1,1,1,,,
flying car,1,1,1,,,
flying chinese,1,1,1,,,
flying circus clip show,1,1,1,,,
flying cows,1,1,1,,,
flying head,1,1,1,,,
flying monster,1,1,1,,,
flying squirrel,1,1,1,,,
focus on the wrong parts of the book,1,1,1,,,
foggy bottom boys,1,1,1,,,
foibles,1,1,1,,,
folk story,1,1,1,,,
follow it closely,1,1,1,,,
follow the money,1,1,1,,,
follow your heart.,1,1,1,,,
followed the plot of the book,1,1,1,,,
fond farewell,1,1,1,,,
food fight,1,1,1,,,
food fight!!!!; holy s---!,1,1,1,,,
food for thought,1,1,1,,,
food in title,1,1,1,,,
food industry,1,1,1,,,
food truck,1,1,1,,,
foodies,1,1,1,,,
foods,1,1,1,,,
fool's gold,1,1,1,,,
for a moment,1,1,1,,,
for fans,1,1,1,,,
for fans - best entertainment,1,1,1,,,
for fun,1,1,1,,,
for kids or adults?,1,1,1,,,
forbidden planet for dummies,1,1,1,,,
forced cleverness,1,1,1,,,
forced exposition,1,1,1,,,
forced poignancy,1,1,1,,,
forces of nature,1,1,1,,,
ford,1,1,1,,,
ford mustang mach 1,1,1,1,,,
fore shadowing,1,1,1,,,
foreign culture in english,1,1,1,,,
foreign movie,1,1,1,,,
foreign themes,1,1,1,,,
forensic evidence,1,1,1,,,
forest fire,1,1,1,,,
forget,1,1,1,,,
forget the titans,1,1,1,,,
forgive,1,1,1,,,
forgotten,1,1,1,,,
foriegn,1,1,1,,,
foriegn language,1,1,1,,,
form,1,1,1,,,
formal,1,1,1,,,
formative,1,1,1,,,
formulaic symmetry,1,1,1,,,
fornication,1,1,1,,,
fort polk,1,1,1,,,
fortitude,1,1,1,,,
fortune,1,1,1,,,
forugh farrokhzad,1,1,1,,,
foshan,1,1,1,,,
foster child,1,1,1,,,
fotografia demais!,1,1,1,,,
foul langauage,1,1,1,,,
foul mouthed,1,1,1,,,
found money,1,1,1,,,
four elements,1,1,1,,,
four letter words,1,1,1,,,
foxtrot,1,1,1,,,
fozzie bear,1,1,1,,,
fracking,1,1,1,,,
fractured story,1,1,1,,,
framing personal narrative,1,1,1,,,
fran lebowitz,1,1,1,,,
fran rubel kuzui,1,1,1,,,
franc roddam,1,1,1,,,
frances alcock,1,1,1,,,
frances conroy,1,1,1,,,
francesco cabras,1,1,1,,,
franchise shift,1,1,1,,,
francine rzeznik,1,1,1,,,
francis glebas,1,1,1,,,
francis mcdormand,1,1,1,,,
francisco franco alba,1,1,1,,,
franck khalfoun,1,1,1,,,
franco,1,1,1,,,
franco amurri,1,1,1,,,
franco brusati,1,1,1,,,
franco nero,1,1,1,,,
franco prosperi,1,1,1,,,
franco rossi,1,1,1,,,
francois berleand,1,1,1,,,
francois cluzet,1,1,1,,,
frank a. cappello,1,1,1,,,
frank beyer,1,1,1,,,
frank black,1,1,1,,,
frank finlay,1,1,1,,,
frank giering,1,1,1,,,
frank gorshin,1,1,1,,,
frank h. woodward,1,1,1,,,
frank keraudren,1,1,1,,,
frank l. anderson,1,1,1,,,
frank lloyd wright,1,1,1,,,
frank mchugh,1,1,1,,,
frank morgan,1,1,1,,,
frank paur,1,1,1,,,
frank pavich,1,1,1,,,
frank piasechi poulsen,1,1,1,,,
frank sebastiano,1,1,1,,,
frank tuttle,1,1,1,,,
frank urson,1,1,1,,,
frank welker,1,1,1,,,
frank woodruff,1,1,1,,,
frank zappa,1,1,1,,,
frankfurt,1,1,1,,,
frankie darro,1,1,1,,,
frankie faison,1,1,1,,,
frankie goes to hollywood,1,1,1,,,
frankly the most watchable film ever made,1,1,1,,,
frantic ripoff,1,1,1,,,
franz beckenbauer,1,1,1,,,
franz liszt,1,1,1,,,
franã§ois berlã©and,1,1,1,,,
franã§ois cluzet,1,1,1,,,
franã§ois damiens,1,1,1,,,
franã§oise bertin,1,1,1,,,
françois berléand,1,1,1,,,
françois dupeyron,1,1,1,,,
fraser,1,1,1,,,
fraser clarke heston,1,1,1,,,
frat pack,1,1,1,,,
fraudulent conspiracy cover-up,1,1,1,,,
freak,1,1,1,,,
freak show,1,1,1,,,
freakin fabulous,1,1,1,,,
freaky bunny,1,1,1,,,
freaky visuals,1,1,1,,,
fred,1,1,1,,,
fred cavave,1,1,1,,,
fred coe,1,1,1,,,
fred fleck,1,1,1,,,
fred gwynne,1,1,1,,,
fred mcmurray,1,1,1,,,
fred thompson,1,1,1,,,
fred ward,1,1,1,,,
fred wolf,1,1,1,,,
freddie francis,1,1,1,,,
freddy,1,1,1,,,
freddy (my hero),1,1,1,,,
freddy no longer scary,1,1,1,,,
freddy rodrã­guez,1,1,1,,,
frederic forestier,1,1,1,,,
frederic forrest,1,1,1,,,
frederick stafford,1,1,1,,,
frederico luppi,1,1,1,,,
fredi m. murer,1,1,1,,,
fredrik edfeldt,1,1,1,,,
fredrik lindstroem,1,1,1,,,
fredrik lindstrã¶m,1,1,1,,,
free,1,1,1,,,
free download,1,1,1,,,
free jazz,1,1,1,,,
free market fundamentalism,1,1,1,,,
free spirit,1,1,1,,,
freedom of speach,1,1,1,,,
freedom of women,1,1,1,,,
freegrazing,1,1,1,,,
freethinking,1,1,1,,,
freezing,1,1,1,,,
french countryside,1,1,1,,,
french language version,1,1,1,,,
french legion,1,1,1,,,
french lesbian love story,1,1,1,,,
french music,1,1,1,,,
french people,1,1,1,,,
french theme,1,1,1,,,
fresh story,1,1,1,,,
freudian,1,1,1,,,
friedberg and seltzer,1,1,1,,,
friedrich moser,1,1,1,,,
friendnship,1,1,1,,,
friends or lovers,1,1,1,,,
friends who hate each other,1,1,1,,,
friendship conflict,1,1,1,,,
frightning; beautifully filmed,1,1,1,,,
frivilous,1,1,1,,,
frogs,1,1,1,,,
from an epic ballad,1,1,1,,,
from tarantino,1,1,1,,,
from the water to eternity!,1,1,1,,,
front flip over taxi,1,1,1,,,
frontier town,1,1,1,,,
frozen,1,1,1,,,
frã©dã©ric chopin,1,1,1,,,
frã©dã©ric diefenthal,1,1,1,,,
frédéric back,1,1,1,,,
frédéric fonteyne,1,1,1,,,
frédéric jardin,1,1,1,,,
frédéric tcheng,1,1,1,,,
fu manchu,1,1,1,,,
fu shen,1,1,1,,,
fuck the pain away,1,1,1,,,
fucking megashark,1,1,1,,,
fucking sharktopus,1,1,1,,,
fucking stupid,1,1,1,,,
fuckoff nazi,1,1,1,,,
fucktarded,1,1,1,,,
fuel; corruption,1,1,1,,,
fugative,1,1,1,,,
fugazi,1,1,1,,,
fuld af amerikansk ideologi,1,1,1,,,
full hd,1,1,1,,,
full of adrenaline. a must watch heart pumping movie,1,1,1,,,
full of heart and deternination.  good performances from kids particlarly the lead.,1,1,1,,,
full plot,1,1,1,,,
fullscreen,1,1,1,,,
fully realized world,1,1,1,,,
fulton mckay,1,1,1,,,
fumihiko sori,1,1,1,,,
fumihiko takayama,1,1,1,,,
fun and cheap,1,1,1,,,
fun at times,1,1,1,,,
fun but overrated,1,1,1,,,
fun enough,1,1,1,,,
fun history,1,1,1,,,
fun murder mystery,1,1,1,,,
fun plot,1,1,1,,,
fun premise,1,1,1,,,
fun with friends,1,1,1,,,
fun with power tools,1,1,1,,,
fundamentalism; catch-22,1,1,1,,,
fundraising,1,1,1,,,
funeral customs,1,1,1,,,
fungus,1,1,1,,,
funky,1,1,1,,,
funky music,1,1,1,,,
funniest film ever,1,1,1,,,
funniest movie ever made,1,1,1,,,
funnnnnnnnny,1,1,1,,,
funny alien,1,1,1,,,
funny and cute,1,1,1,,,
funny and interesting,1,1,1,,,
funny and interesting characters,1,1,1,,,
funny as ken,1,1,1,,,
funny auction scene,1,1,1,,,
funny b-class fantasy,1,1,1,,,
funny bad,1,1,1,,,
funny combat scenes,1,1,1,,,
funny in parts,1,1,1,,,
funny in that barton fink way,1,1,1,,,
funny kid,1,1,1,,,
funny once,1,1,1,,,
funny rom com,1,1,1,,,
funny sidekick,1,1,1,,,
funny songs,1,1,1,,,
funny title,1,1,1,,,
funny tits,1,1,1,,,
funny zellweger,1,1,1,,,
furious,1,1,1,,,
futbol,1,1,1,,,
futility of war,1,1,1,,,
futoshi higashide,1,1,1,,,
future governors,1,1,1,,,
future retro,1,1,1,,,
fxg,1,1,1,,,
gabe klinger,1,1,1,,,
gabe polsky,1,1,1,,,
gabe turner,1,1,1,,,
gabor csupo,1,1,1,,,
gabriel axel,1,1,1,,,
gabriel damon,1,1,1,,,
gabriela cowperthwaite,1,1,1,,,
gabriela pichler,1,1,1,,,
gabriele ferzetti,1,1,1,,,
gabriella wilde,1,1,1,,,
gaby dellal,1,1,1,,,
gackt,1,1,1,,,
gael garcia,1,1,1,,,
gael garcã?â­a bernal,1,1,1,,,
gags,1,1,1,,,
gail patrick,1,1,1,,,
gail strickland,1,1,1,,,
gainax,1,1,1,,,
gakuryu ishii,1,1,1,,,
gakuryû ishii,1,1,1,,,
gal gadot,1,1,1,,,
galling,1,1,1,,,
gambling club,1,1,1,,,
gambon ignores established character,1,1,1,,,
game based,1,1,1,,,
game day,1,1,1,,,
game industry,1,1,1,,,
game movie,1,1,1,,,
game over,1,1,1,,,
game theory,1,1,1,,,
game:(quick) crosswords,1,1,1,,,
game:scrabble,1,1,1,,,
gamers,1,1,1,,,
gamification,1,1,1,,,
gang bang,1,1,1,,,
gang fighting,1,1,1,,,
gang mentality,1,1,1,,,
gangland,1,1,1,,,
gangrape,1,1,1,,,
gangsta,1,1,1,,,
gangster film spoof,1,1,1,,,
gangster posse,1,1,1,,,
gansters,1,1,1,,,
gap commercial,1,1,1,,,
garath,1,1,1,,,
garbage man,1,1,1,,,
garden gnome,1,1,1,,,
gareth carrivick,1,1,1,,,
gargamel,1,1,1,,,
gargoyles,1,1,1,,,
garrote,1,1,1,,,
garry kasparov,1,1,1,,,
gary alazraki,1,1,1,,,
gary binkow,1,1,1,,,
gary bullock,1,1,1,,,
gary bussey,1,1,1,,,
gary chapman,1,1,1,,,
gary goddard,1,1,1,,,
gary king,1,1,1,,,
gary leva,1,1,1,,,
gary lewis,1,1,1,,,
gary oldman's acting.,1,1,1,,,
gary shandling,1,1,1,,,
gary sinese,1,1,1,,,
gary sinyor,1,1,1,,,
gary werntz,1,1,1,,,
gas explosion,1,1,1,,,
gaston,1,1,1,,,
gastã³n pauls,1,1,1,,,
gastãƒâ³n pauls,1,1,1,,,
gastón pauls,1,1,1,,,
gattlin griffith,1,1,1,,,
gauche,1,1,1,,,
gaul,1,1,1,,,
gavin mcinnes,1,1,1,,,
gavin millar,1,1,1,,,
gavmild,1,1,1,,,
gavmild rating,1,1,1,,,
gavmild vurdering,1,1,1,,,
gay and straight,1,1,1,,,
gay bashing,1,1,1,,,
gay british dude,1,1,1,,,
gay cowboys eating pudding,1,1,1,,,
gay flick,1,1,1,,,
gay love,1,1,1,,,
gay night club,1,1,1,,,
gay parade,1,1,1,,,
gay plot almost not necessary,1,1,1,,,
gay rape,1,1,1,,,
gay soldiers,1,1,1,,,
gay subplot,1,1,1,,,
gay-bashing,1,1,1,,,
gayish,1,1,1,,,
gaza,1,1,1,,,
gaëtan brizzi,1,1,1,,,
gdr,1,1,1,,,
gee-bus. this was an awful film. then again,1,1,1,,,
gee-whiz factor,1,1,1,,,
geekey,1,1,1,,,
geetu mohandas,1,1,1,,,
gemma ward,1,1,1,,,
gender politics,1,1,1,,,
gender role reversal,1,1,1,,,
genderlessness,1,1,1,,,
gene bervoets,1,1,1,,,
gene kelley,1,1,1,,,
gene nelson,1,1,1,,,
gene quintano,1,1,1,,,
genealogical,1,1,1,,,
general custer,1,1,1,,,
generally like the movie,1,1,1,,,
generally like the movie because of actors and crimes,1,1,1,,,
generic plot twist,1,1,1,,,
generous,1,1,1,,,
genesis,1,1,1,,,
genetically modified monsters,1,1,1,,,
geneva conventions,1,1,1,,,
geneviã¨ve page,1,1,1,,,
genghis khan,1,1,1,,,
genius horror,1,1,1,,,
genius murder,1,1,1,,,
genrally i dont like it,1,1,1,,,
genre bending,1,1,1,,,
genre is violence,1,1,1,,,
genre of its own! cool!,1,1,1,,,
genre:romantic comedy,1,1,1,,,
gentle comedy,1,1,1,,,
gentleman thief,1,1,1,,,
geoff burrowes,1,1,1,,,
geoff burton,1,1,1,,,
geoffrey lewis,1,1,1,,,
geoffrey o'connor,1,1,1,,,
geoffrey wright,1,1,1,,,
geographic goofs,1,1,1,,,
geologists,1,1,1,,,
georege lucas,1,1,1,,,
georg friedrich,1,1,1,,,
georg maas,1,1,1,,,
george abbott,1,1,1,,,
george archainbaud,1,1,1,,,
george bancroft,1,1,1,,,
george bowers,1,1,1,,,
george burns,1,1,1,,,
george c,1,1,1,,,
george c. wolfe,1,1,1,,,
george c.scott,1,1,1,,,
george chan,1,1,1,,,
george dunning,1,1,1,,,
george felner,1,1,1,,,
george hadden,1,1,1,,,
george jackson,1,1,1,,,
george king,1,1,1,,,
george l. du maurier,1,1,1,,,
george lopez,1,1,1,,,
george lucas story,1,1,1,,,
george m. cohan,1,1,1,,,
george mccowan,1,1,1,,,
george melford,1,1,1,,,
george nichols jr.,1,1,1,,,
george nolfi,1,1,1,,,
george ovashvili,1,1,1,,,
george ratliff,1,1,1,,,
george reeves suicide,1,1,1,,,
george roy,1,1,1,,,
george schaefer,1,1,1,,,
george sherman,1,1,1,,,
george tillman jr.,1,1,1,,,
george vi,1,1,1,,,
george waggner,1,1,1,,,
georges méliès,1,1,1,,,
georgi daneliya,1,1,1,,,
georgi kropachyov,1,1,1,,,
gerad depardieu,1,1,1,,,
gerald r. molen,1,1,1,,,
geraldine james,1,1,1,,,
geraldine page,1,1,1,,,
gerard johnstone,1,1,1,,,
gerard lanvin,1,1,1,,,
gerardo naranjo,1,1,1,,,
gerardo taracena,1,1,1,,,
geriatric,1,1,1,,,
german					 						gay,1,1,1,,,
german 	synchronization,1,1,1,,,
german accent,1,1,1,,,
german dubbing,1,1,1,,,
german punctuality meets italian spontaneousness (makes it a little bit stereotypical though),1,1,1,,,
german reunification,1,1,1,,,
german-turkish relationship,1,1,1,,,
gerontophilia,1,1,1,,,
gerry butler,1,1,1,,,
gerry chiniquy,1,1,1,,,
gert frobe,1,1,1,,,
gertjan zwanikken,1,1,1,,,
get this,1,1,1,,,
gets old,1,1,1,,,
gettin' your pitt out of the head,1,1,1,,,
getting even,1,1,1,,,
gettysburge,1,1,1,,,
gey,1,1,1,,,
ghandi,1,1,1,,,
ghetto; slums; teaching; holocaust; hope,1,1,1,,,
ghislain cloquet,1,1,1,,,
ghost children,1,1,1,,,
ghost stories,1,1,1,,,
ghost town,1,1,1,,,
ghost-chaser,1,1,1,,,
gia coppola,1,1,1,,,
giacomo rizzo,1,1,1,,,
gianfranco parolini,1,1,1,,,
gianfranco rosi,1,1,1,,,
gianna jun's beautiful face,1,1,1,,,
gianni di gregorio,1,1,1,,,
giant advertisement,1,1,1,,,
giant crab,1,1,1,,,
giant crocodile,1,1,1,,,
giant insects,1,1,1,,,
giant monsters,1,1,1,,,
giant octopus,1,1,1,,,
giant poultry,1,1,1,,,
giant robot,1,1,1,,,
giant shotgun,1,1,1,,,
giant spider,1,1,1,,,
giant spider in the third act,1,1,1,,,
giant squid,1,1,1,,,
giant wasps,1,1,1,,,
gibraltar,1,1,1,,,
gibson,1,1,1,,,
gibson was hot!,1,1,1,,,
giddens ko,1,1,1,,,
giddi dar,1,1,1,,,
giddyup,1,1,1,,,
gigi,1,1,1,,,
gil cates jr.,1,1,1,,,
gil kenan,1,1,1,,,
gilbert cates,1,1,1,,,
gilbert gottfried,1,1,1,,,
gilbert moses,1,1,1,,,
gilda radner,1,1,1,,,
giles harrison,1,1,1,,,
gilles grangier,1,1,1,,,
gilles legrand,1,1,1,,,
gilles mimouni,1,1,1,,,
gilles penso,1,1,1,,,
gillian grisman,1,1,1,,,
gina bellman,1,1,1,,,
gina carano,1,1,1,,,
gina torres,1,1,1,,,
gingers are scary,1,1,1,,,
gini reticker,1,1,1,,,
giorgio moroder,1,1,1,,,
giovanni guareschi,1,1,1,,,
girl band,1,1,1,,,
girl blossomi,1,1,1,,,
girl blossoming,1,1,1,,,
girl delinquents,1,1,1,,,
girl friend,1,1,1,,,
girl gangs,1,1,1,,,
girl movie,1,1,1,,,
girl positive,1,1,1,,,
girl scouts,1,1,1,,,
girls who play boys,1,1,1,,,
girls with guns,1,1,1,,,
girltalk,1,1,1,,,
gisaburo sugii,1,1,1,,,
giselle (ballet),1,1,1,,,
gitmo,1,1,1,,,
giulio ricciarelli,1,1,1,,,
gives me nightmares,1,1,1,,,
giving birth,1,1,1,,,
giving it 4.5 out of 5.0 stars,1,1,1,,,
giza,1,1,1,,,
gladys george,1,1,1,,,
glamorization,1,1,1,,,
glaring holes in movie logic,1,1,1,,,
glasgow scotland,1,1,1,,,
glass,1,1,1,,,
glass of milk,1,1,1,,,
glauber rocha,1,1,1,,,
glen close,1,1,1,,,
glenda jackson,1,1,1,,,
glendyn ivin,1,1,1,,,
glenn fitzgerald,1,1,1,,,
glenn langan,1,1,1,,,
glenn leyburn,1,1,1,,,
glenn silber,1,1,1,,,
glenne headly,1,1,1,,,
glitz,1,1,1,,,
globalization,1,1,1,,,
gloria holden,1,1,1,,,
gloria lamorte,1,1,1,,,
gloria talbott,1,1,1,,,
glorification of war,1,1,1,,,
glorifies torture,1,1,1,,,
glorifying,1,1,1,,,
glorifying adultery,1,1,1,,,
glory,1,1,1,,,
glove,1,1,1,,,
gluttony,1,1,1,,,
gm,1,1,1,,,
gnome,1,1,1,,,
gnomes,1,1,1,,,
gnomos,1,1,1,,,
go,1,1,1,,,
go for the director's cut. much better.,1,1,1,,,
go game,1,1,1,,,
go sophie marceau,1,1,1,,,
go-go dancing,1,1,1,,,
go-motion,1,1,1,,,
goa,1,1,1,,,
goal getting,1,1,1,,,
god complex,1,1,1,,,
god hand's killer,1,1,1,,,
god ide som har sine gode pasager og momenter. men den taber tit pusten og bliver kedelig. den fumler lidt ideen pã¥ gulvet synes jeg.,1,1,1,,,
god is ded,1,1,1,,,
god lille-slã¥et historieudvikling,1,1,1,,,
god provides,1,1,1,,,
god! jeg elsker parisfilm fra denne her æra,1,1,1,,,
god-awful cg,1,1,1,,,
godard!!!,1,1,1,,,
godard-esque,1,1,1,,,
goddess,1,1,1,,,
godfather,1,1,1,,,
godfather-godson relationship,1,1,1,,,
godparents,1,1,1,,,
godt boheme-new yorker-intellektuelt miljã¸,1,1,1,,,
godzilla can fly?!?!!,1,1,1,,,
gogol bordello,1,1,1,,,
going home,1,1,1,,,
gold rush,1,1,1,,,
golden dragon,1,1,1,,,
golden watch,1,1,1,,,
golden years,1,1,1,,,
goldenglobe,1,1,1,,,
golfing,1,1,1,,,
gonzalo suárez,1,1,1,,,
good ads bad movie,1,1,1,,,
good as hell,1,1,1,,,
good asian violence flick,1,1,1,,,
good at the time,1,1,1,,,
good beginning,1,1,1,,,
good biopic,1,1,1,,,
good book,1,1,1,,,
good but a bit too bloody for me,1,1,1,,,
good but doesn't really capture lenny bruce,1,1,1,,,
good but i'm a big fan of the book's author,1,1,1,,,
good but makes you want to shower afterwards,1,1,1,,,
good but not accurate,1,1,1,,,
good but too bloody,1,1,1,,,
good camera,1,1,1,,,
good car chase,1,1,1,,,
good casting and good director: very good film!!,1,1,1,,,
good cg,1,1,1,,,
good characterization,1,1,1,,,
good chick flick :-p,1,1,1,,,
good cop,1,1,1,,,
good cop/bad cop,1,1,1,,,
good cry,1,1,1,,,
good deed,1,1,1,,,
good dialouge,1,1,1,,,
good directing,1,1,1,,,
good directing by denzel,1,1,1,,,
good drama,1,1,1,,,
good dub,1,1,1,,,
good dvd features,1,1,1,,,
good editing,1,1,1,,,
good edition -  quentin tarantino,1,1,1,,,
good effort from tom hanks,1,1,1,,,
good fights,1,1,1,,,
good film,1,1,1,,,
good first half,1,1,1,,,
good first try for mcg,1,1,1,,,
good for a rainy day if there is nothing on the box,1,1,1,,,
good for a rainy sunday afternoon,1,1,1,,,
good for all holidays,1,1,1,,,
good for kids,1,1,1,,,
good for sema,1,1,1,,,
good german movie,1,1,1,,,
good good goodd,1,1,1,,,
good guy aliens,1,1,1,,,
good guy dies,1,1,1,,,
good guys,1,1,1,,,
good humor,1,1,1,,,
good idea - bad script,1,1,1,,,
good in it's day,1,1,1,,,
good kids movie,1,1,1,,,
good laughs,1,1,1,,,
good lead,1,1,1,,,
good looking girls,1,1,1,,,
good makeup,1,1,1,,,
good manga,1,1,1,,,
good morning america,1,1,1,,,
good movie from depp,1,1,1,,,
good not great,1,1,1,,,
good old movie,1,1,1,,,
good oldskool movie,1,1,1,,,
good photography,1,1,1,,,
good play,1,1,1,,,
good plot and wonderful actors,1,1,1,,,
good plotting,1,1,1,,,
good portrayal of a weak man,1,1,1,,,
good rendition of book,1,1,1,,,
good research,1,1,1,,,
good samaritan,1,1,1,,,
good scare,1,1,1,,,
good scenario,1,1,1,,,
good school policies,1,1,1,,,
good scifi,1,1,1,,,
good scorsese stuff,1,1,1,,,
good screen story,1,1,1,,,
good screenplay,1,1,1,,,
good sense of humour,1,1,1,,,
good setting,1,1,1,,,
good songs,1,1,1,,,
good sound,1,1,1,,,
good sports movie,1,1,1,,,
"good start, bad ending",1,1,1,,,
good story and funny.,1,1,1,,,
good story and well acted.,1,1,1,,,
good storyline,1,1,1,,,
good stunts. . . crappy movie,1,1,1,,,
good summary of tv serie,1,1,1,,,
good to watch on st. paddy's day,1,1,1,,,
good use for a tie,1,1,1,,,
good use of 3-d,1,1,1,,,
good use of 3d,1,1,1,,,
good use of color,1,1,1,,,
good vs. evil,1,1,1,,,
good watch,1,1,1,,,
good will hunting,1,1,1,,,
good-natured,1,1,1,,,
goodfellas ii,1,1,1,,,
goodness,1,1,1,,,
goodness of mankind,1,1,1,,,
goofy aliens,1,1,1,,,
goofy monster,1,1,1,,,
goonies,1,1,1,,,
gopher,1,1,1,,,
gordan chan,1,1,1,,,
gordon davidson,1,1,1,,,
gordon gordon,1,1,1,,,
gordon macrae,1,1,1,,,
gordon parks,1,1,1,,,
gordon wiles,1,1,1,,,
gore!!!,1,1,1,,,
gorgeous actresses,1,1,1,,,
gorgeous penelope cruz,1,1,1,,,
gorgeous scenery,1,1,1,,,
gorgeous wife,1,1,1,,,
gorific humour,1,1,1,,,
gorilla scene,1,1,1,,,
goscinny,1,1,1,,,
gosh!,1,1,1,,,
got,1,1,1,,,
got me belly laughing,1,1,1,,,
got nothing to do with figure skating,1,1,1,,,
gota kanal,1,1,1,,,
goth skater persian hijab wearing vampire girl,1,1,1,,,
gotham city,1,1,1,,,
gotta watch 2x,1,1,1,,,
government agent,1,1,1,,,
goya,1,1,1,,,
gps,1,1,1,,,
grace lee,1,1,1,,,
gracie,1,1,1,,,
gracita morales,1,1,1,,,
graduate student,1,1,1,,,
graeme clifford,1,1,1,,,
grafton street,1,1,1,,,
graham annable,1,1,1,,,
graham yost,1,1,1,,,
grahic novel,1,1,1,,,
grail,1,1,1,,,
gran canaria,1,1,1,,,
grand,1,1,1,,,
grand central terminal,1,1,1,,,
grand musical,1,1,1,,,
grand prix,1,1,1,,,
grand theft auto,1,1,1,,,
grand themes,1,1,1,,,
grandeur,1,1,1,,,
grandfather paradox,1,1,1,,,
grandiose,1,1,1,,,
grandmother-grandson relationship,1,1,1,,,
grandstand,1,1,1,,,
grant gee,1,1,1,,,
grant heslov,1,1,1,,,
granting of wishes,1,1,1,,,
graphical,1,1,1,,,
graphically violent,1,1,1,,,
grasse,1,1,1,,,
grating,1,1,1,,,
grating soundtrack,1,1,1,,,
gratuitous cursing,1,1,1,,,
gratuitous death,1,1,1,,,
gratuitous debauchery,1,1,1,,,
gratuitous gore,1,1,1,,,
gratuitous lightning,1,1,1,,,
gratuitous peter lorre lookalike,1,1,1,,,
grave robbers,1,1,1,,,
gravedigger,1,1,1,,,
graves registration,1,1,1,,,
gray,1,1,1,,,
great acting/subtle performances,1,1,1,,,
great action and tear jeker,1,1,1,,,
great actress,1,1,1,,,
great ak,1,1,1,,,
great anti-abortion film,1,1,1,,,
great art direction,1,1,1,,,
great b&w movie,1,1,1,,,
great book adaptation,1,1,1,,,
great book okay movie,1,1,1,,,
great book pathetic film,1,1,1,,,
great books,1,1,1,,,
great britain,1,1,1,,,
great camera work,1,1,1,,,
great car chase scenes,1,1,1,,,
great casting...,1,1,1,,,
great cgi,1,1,1,,,
great character development,1,1,1,,,
great characterization,1,1,1,,,
great characterization from pitt and waltz,1,1,1,,,
great characters and acting,1,1,1,,,
great classic,1,1,1,,,
great comedians,1,1,1,,,
great comedians lousy movie,1,1,1,,,
great diao,1,1,1,,,
great disney movie,1,1,1,,,
great fantasy,1,1,1,,,
great finish,1,1,1,,,
great fun,1,1,1,,,
great fx,1,1,1,,,
great great movie,1,1,1,,,
great heroics,1,1,1,,,
great heroine,1,1,1,,,
great house,1,1,1,,,
great humour,1,1,1,,,
great intelligent comedy,1,1,1,,,
great landscapes,1,1,1,,,
great last line,1,1,1,,,
great last lines,1,1,1,,,
great makeup,1,1,1,,,
great memories,1,1,1,,,
great mind,1,1,1,,,
great movie about saints,1,1,1,,,
great movie excellent and worth while,1,1,1,,,
great movie for the time period,1,1,1,,,
great narration,1,1,1,,,
great olympic story,1,1,1,,,
great one liners,1,1,1,,,
great pace,1,1,1,,,
great performance by pacino,1,1,1,,,
great performance by young actor,1,1,1,,,
great performances: alec baldwin,1,1,1,,,
great performances: hilary swank,1,1,1,,,
great plains,1,1,1,,,
great potential,1,1,1,,,
great prison movies,1,1,1,,,
great productiondesign,1,1,1,,,
great promise,1,1,1,,,
great quotes,1,1,1,,,
great ratings from new yorker critic- denby,1,1,1,,,
great scares,1,1,1,,,
great sci-fi,1,1,1,,,
great script greatly acted,1,1,1,,,
great shooting,1,1,1,,,
great sound track,1,1,1,,,
great steampunk action triller.,1,1,1,,,
great tale,1,1,1,,,
great topic,1,1,1,,,
great trilogy,1,1,1,,,
great tunes,1,1,1,,,
great twists.,1,1,1,,,
great war depiction,1,1,1,,,
great whimsical animated feature,1,1,1,,,
great white hope,1,1,1,,,
great. surprise excellence from mrs.cobain,1,1,1,,,
greatness,1,1,1,,,
greco-persian war - mythologized,1,1,1,,,
greco-turkish war,1,1,1,,,
greeaat,1,1,1,,,
greedy,1,1,1,,,
greek 60's,1,1,1,,,
greek myth,1,1,1,,,
greek mytholog,1,1,1,,,
greek western,1,1,1,,,
greeks with cockney accents,1,1,1,,,
greeks with irish accents,1,1,1,,,
green goblin,1,1,1,,,
green mythology,1,1,1,,,
green screen,1,1,1,,,
greenwich,1,1,1,,,
greer goodman,1,1,1,,,
greeting card business,1,1,1,,,
greg camalier,1,1,1,,,
greg ford,1,1,1,,,
greg germann,1,1,1,,,
greg jacobson,1,1,1,,,
greg pritikin,1,1,1,,,
greg strause,1,1,1,,,
greg swartz,1,1,1,,,
greg yaitanes,1,1,1,,,
gregg barson,1,1,1,,,
gregg hale,1,1,1,,,
gregg henry,1,1,1,,,
gregg kavet,1,1,1,,,
gregory gast,1,1,1,,,
gregory greene,1,1,1,,,
gregory hines,1,1,1,,,
gregory v. sherman,1,1,1,,,
gret,1,1,1,,,
grey,1,1,1,,,
grfgt,1,1,1,,,
gridhouse,1,1,1,,,
grief & loss,1,1,1,,,
grifters,1,1,1,,,
grigori chukhrai,1,1,1,,,
gril power,1,1,1,,,
grill,1,1,1,,,
grim humor,1,1,1,,,
grinch,1,1,1,,,
grisly,1,1,1,,,
grit,1,1,1,,,
grocerystore,1,1,1,,,
grood,1,1,1,,,
groovy,1,1,1,,,
gross but brilliant,1,1,1,,,
gross-out humour,1,1,1,,,
grotty setting,1,1,1,,,
groundhog day,1,1,1,,,
group movie,1,1,1,,,
groupe dziga vertov,1,1,1,,,
grover babcock,1,1,1,,,
growing old,1,1,1,,,
growing suspense,1,1,1,,,
grown men weep for two hours,1,1,1,,,
grown ups,1,1,1,,,
gruesome (torture scenes),1,1,1,,,
gruesome ending,1,1,1,,,
grumpy old lady,1,1,1,,,
grzegorz halama,1,1,1,,,
gréta olafsdóttir,1,1,1,,,
guadalcanal,1,1,1,,,
gualtiero jacopetti,1,1,1,,,
guangdong,1,1,1,,,
guantanamo,1,1,1,,,
guardian monsters,1,1,1,,,
guarini is a goon,1,1,1,,,
guerilla cinema,1,1,1,,,
guessed whodunit long before the end,1,1,1,,,
guest workers,1,1,1,,,
guillermo francella,1,1,1,,,
guilt and redemption,1,1,1,,,
guilty,1,1,1,,,
guilty pleasure; increadibly funny,1,1,1,,,
guiness,1,1,1,,,
guinness record,1,1,1,,,
guitarist,1,1,1,,,
guitly pleasure,1,1,1,,,
gujarat,1,1,1,,,
gun fight,1,1,1,,,
gun for a leg,1,1,1,,,
gun in airport,1,1,1,,,
gun in airport (scene),1,1,1,,,
gun porn,1,1,1,,,
gunnar bjã¶rnstrand,1,1,1,,,
guns don`t kill people,1,1,1,,,
guns don`t kill people.,1,1,1,,,
guns in space,1,1,1,,,
gunsel,1,1,1,,,
gunther von fritsch,1,1,1,,,
gurgle,1,1,1,,,
guru,1,1,1,,,
guru dutt,1,1,1,,,
gus meins,1,1,1,,,
gustaf molander,1,1,1,,,
gustav adolf,1,1,1,,,
gustav machatý,1,1,1,,,
gustavo taretto,1,1,1,,,
guts,1,1,1,,,
gutwrenching,1,1,1,,,
guy davidi,1,1,1,,,
guy ferland,1,1,1,,,
guy flick,1,1,1,,,
guy from the office,1,1,1,,,
guy kibbee,1,1,1,,,
guy moore,1,1,1,,,
guy pierce with dweeb focals,1,1,1,,,
guy ritchie film  english humor,1,1,1,,,
guy ritchie style,1,1,1,,,
guy who did last seduction,1,1,1,,,
gyaos,1,1,1,,,
gym,1,1,1,,,
gypsies,1,1,1,,,
gypsy racism,1,1,1,,,
györgy pálfi,1,1,1,,,
gábor herendi,1,1,1,,,
gã©rard krawczyk,1,1,1,,,
gã©rard philipe,1,1,1,,,
gã¶ta kanal,1,1,1,,,
géla babluani,1,1,1,,,
gérard krawczyk,1,1,1,,,
götz spielmann,1,1,1,,,
günter gräwert,1,1,1,,,
ha ha ha,1,1,1,,,
haaz sleiman,1,1,1,,,
hachiko,1,1,1,,,
hack the system,1,1,1,,,
hacking into the mainframe,1,1,1,,,
hackman,1,1,1,,,
hackneyed,1,1,1,,,
had a hard time following the plot of the movie.,1,1,1,,,
had a very matrix trilogy progression,1,1,1,,,
had no relation to original medium,1,1,1,,,
had potential,1,1,1,,,
hae-il park,1,1,1,,,
hae-jun lee,1,1,1,,,
hagiography,1,1,1,,,
hahaha,1,1,1,,,
hahaha!,1,1,1,,,
haifaa al-mansour,1,1,1,,,
hair style,1,1,1,,,
hajime ishimine,1,1,1,,,
hajime sato,1,1,1,,,
hajime tsuburaya,1,1,1,,,
hajrudin krvavac,1,1,1,,,
hal 9000,1,1,1,,,
hal haberman,1,1,1,,,
hal mohr,1,1,1,,,
hal needham,1,1,1,,,
hal roach,1,1,1,,,
hal walker,1,1,1,,,
haley joel osmond,1,1,1,,,
half adult,1,1,1,,,
half bad,1,1,1,,,
half childish,1,1,1,,,
half good,1,1,1,,,
half movie good,1,1,1,,,
half-baked,1,1,1,,,
half-baked romance,1,1,1,,,
hall 9000,1,1,1,,,
hallie todd,1,1,1,,,
ham radio,1,1,1,,,
hamari movie,1,1,1,,,
hamfisted,1,1,1,,,
hamilton mcfadden,1,1,1,,,
hamlet sarkissian,1,1,1,,,
hammett,1,1,1,,,
hampstead,1,1,1,,,
hampstead heath,1,1,1,,,
hamza adam,1,1,1,,,
"han lever fra dag til dag på hoteller, han spilder en olieplet på sit ene jakkesæt,",1,1,1,,,
hana makhmalbaf,1,1,1,,,
hand held camera,1,1,1,,,
hand held cameras,1,1,1,,,
hand to hand combat,1,1,1,,,
hand-drawn,1,1,1,,,
handsome actor,1,1,1,,,
handsome actors,1,1,1,,,
handsome star,1,1,1,,,
handwaving,1,1,1,,,
hangout,1,1,1,,,
hanna hemilä,1,1,1,,,
hannah cresswell,1,1,1,,,
hannah spearritt,1,1,1,,,
hanns zischler,1,1,1,,,
hans blix,1,1,1,,,
hans canosa,1,1,1,,,
hans conried,1,1,1,,,
hans fjellestad,1,1,1,,,
hans matheson,1,1,1,,,
hanukkah,1,1,1,,,
haphazard,1,1,1,,,
happy compilation of characteristic motifs,1,1,1,,,
happy end,1,1,1,,,
har nogle meget fine ting. men det er ikke helt i top. den er mere eventyragtig og bã¸rnefilmagtig end despicable me og megamind,1,1,1,,,
har virkelig nogle sjove ting kørende. synes den mister lidt tempo i længden desværre,1,1,1,,,
harbour,1,1,1,,,
hard plot to follow,1,1,1,,,
hard scien,1,1,1,,,
hard sf,1,1,1,,,
hard to empathise,1,1,1,,,
hard to relate to,1,1,1,,,
hard way,1,1,1,,,
hard-boiled,1,1,1,,,
hardcore,1,1,1,,,
hardi volmer,1,1,1,,,
haredi,1,1,1,,,
harlan coben,1,1,1,,,
harman baweja,1,1,1,,,
harmonica,1,1,1,,,
harmony and honesty,1,1,1,,,
harold crooks,1,1,1,,,
harold d. schuster,1,1,1,,,
harold lang,1,1,1,,,
harold perrineau,1,1,1,,,
harold prince,1,1,1,,,
harold young,1,1,1,,,
harp,1,1,1,,,
harpoon,1,1,1,,,
harry andrews,1,1,1,,,
harry baweja,1,1,1,,,
harry carey,1,1,1,,,
harry connick jr,1,1,1,,,
harry d'abbadie d'arrast,1,1,1,,,
harry eden,1,1,1,,,
harry elfont,1,1,1,,,
harry falk,1,1,1,,,
harry harris,1,1,1,,,
harry kümel,1,1,1,,,
harry lloyd,1,1,1,,,
harry secombe,1,1,1,,,
harry thomason,1,1,1,,,
harry winer,1,1,1,,,
harve foster,1,1,1,,,
harvey hart,1,1,1,,,
harvey korman,1,1,1,,,
has a sort of lynchian mix of kitsch and horror,1,1,1,,,
has eddie izzard,1,1,1,,,
has everything i love in a movie: romance,1,1,1,,,
has no soul,1,1,1,,,
has the usual plot twists,1,1,1,,,
has-been,1,1,1,,,
hashish,1,1,1,,,
hasidic jews,1,1,1,,,
hasidic judaism,1,1,1,,,
haskell wexler,1,1,1,,,
hasta la vista,1,1,1,,,
hastur,1,1,1,,,
hate jim carrey,1,1,1,,,
hate love relationship,1,1,1,,,
hate this shit,1,1,1,,,
haters,1,1,1,,,
hates entitlement,1,1,1,,,
hates itself,1,1,1,,,
hates science,1,1,1,,,
hates the army,1,1,1,,,
haunting ending,1,1,1,,,
haunting soundtrack,1,1,1,,,
haunting visuals,1,1,1,,,
hauska ku mika,1,1,1,,,
havana marking,1,1,1,,,
"havde lidt lyst til at udvise forsoning tendenser med alfred, og give den en 4'er, men den kunne ikke helt strækkes til det. den strakte sig en anelse for langt ud i anden halvdel af filmen",1,1,1,,,
have,1,1,1,,,
haverstock arms,1,1,1,,,
haverstock hill,1,1,1,,,
hawaiian shirts,1,1,1,,,
hawley pratt,1,1,1,,,
hayden christiensen,1,1,1,,,
hayden schlossberg,1,1,1,,,
hayley mcfarland,1,1,1,,,
he's the bad guy,1,1,1,,,
head butt,1,1,1,,,
head injury,1,1,1,,,
head trauma,1,1,1,,,
head-of-state,1,1,1,,,
head-shot,1,1,1,,,
head-to-head combat,1,1,1,,,
headache-inducing,1,1,1,,,
headbanger,1,1,1,,,
headmaster,1,1,1,,,
headmistress,1,1,1,,,
healing by love,1,1,1,,,
health club,1,1,1,,,
health food,1,1,1,,,
hearing voices,1,1,1,,,
hearst,1,1,1,,,
heart break,1,1,1,,,
heart warming,1,1,1,,,
heart-warming,1,1,1,,,
heartache,1,1,1,,,
heartbreak,1,1,1,,,
heartbreaking end,1,1,1,,,
heartfelt.innocent,1,1,1,,,
hearthwarming,1,1,1,,,
heartless,1,1,1,,,
heartrending,1,1,1,,,
heath ladger,1,1,1,,,
heath ledger flabby ass,1,1,1,,,
heather juergensen,1,1,1,,,
heather locklear,1,1,1,,,
heather wahlquist,1,1,1,,,
heaven/hell/limbo,1,1,1,,,
heavily edited for american audiences,1,1,1,,,
heavy on cameos,1,1,1,,,
heavy rain,1,1,1,,,
heavy themes,1,1,1,,,
heavy-handed and plodding,1,1,1,,,
heavyhanded,1,1,1,,,
hedgehog,1,1,1,,,
hedonism,1,1,1,,,
hedorah,1,1,1,,,
heidi wittlinger,1,1,1,,,
heike makatsch,1,1,1,,,
heinrich giskes,1,1,1,,,
heinz dunkhase,1,1,1,,,
heinz hoenig,1,1,1,,,
heisman trophy,1,1,1,,,
heist scene,1,1,1,,,
helen buday,1,1,1,,,
helen mack,1,1,1,,,
helen parr,1,1,1,,,
helen reddy,1,1,1,,,
helen reddy ii,1,1,1,,,
helen slater,1,1,1,,,
helen stickler,1,1,1,,,
helene bergsholm,1,1,1,,,
hell naw,1,1,1,,,
hell ya!,1,1,1,,,
"hell!""",1,1,1,,,
hell's angels,1,1,1,,,
hello,1,1,1,,,
helma sanders-brahms,1,1,1,,,
helmet,1,1,1,,,
helmut dietl,1,1,1,,,
helmut griem,1,1,1,,,
helpful natives,1,1,1,,,
helpless heroine,1,1,1,,,
helsinki international film festival,1,1,1,,,
hendel butoy,1,1,1,,,
hendrik hölzemann,1,1,1,,,
hendry,1,1,1,,,
henning carlsen,1,1,1,,,
henriette mantel,1,1,1,,,
henriette steenstrup,1,1,1,,,
henry bean,1,1,1,,,
henry bromell,1,1,1,,,
henry cass,1,1,1,,,
henry daniell,1,1,1,,,
henry darger,1,1,1,,,
henry de sliva,1,1,1,,,
henry ian cusick,1,1,1,,,
henry kuttner,1,1,1,,,
henry stephenson,1,1,1,,,
henry thomas,1,1,1,,,
henry woolf,1,1,1,,,
henry wrinkler,1,1,1,,,
henson,1,1,1,,,
hentai,1,1,1,,,
herbert kline,1,1,1,,,
herbert marshall,1,1,1,,,
herbie hancock,1,1,1,,,
hereafter,1,1,1,,,
hereditary patriarchy,1,1,1,,,
herk harvey,1,1,1,,,
herman,1,1,1,,,
herman shumlin,1,1,1,,,
hermit,1,1,1,,,
hero is a jerk,1,1,1,,,
heroes in peril,1,1,1,,,
heroic fantasy,1,1,1,,,
heroin addiction,1,1,1,,,
herve villechaize,1,1,1,,,
herzog + kinsky!,1,1,1,,,
heteronormative,1,1,1,,,
hettie macdonald,1,1,1,,,
hexen,1,1,1,,,
hey gringo,1,1,1,,,
hey moron: stop tagging movies with stuff that's in the info section,1,1,1,,,
hi nic!,1,1,1,,,
hidden city,1,1,1,,,
hidden gem,1,1,1,,,
hidden identity,1,1,1,,,
hidden passages,1,1,1,,,
hidden plan,1,1,1,,,
hide,1,1,1,,,
hide this,1,1,1,,,
hideaki ito,1,1,1,,,
hideki takeuchi,1,1,1,,,
hideo sakaki,1,1,1,,,
hideous creatures,1,1,1,,,
hideya takahashi,1,1,1,,,
hideyuki hirayama,1,1,1,,,
hiding place; supreme court; professor; falsely accused,1,1,1,,,
hiff,1,1,1,,,
hiff. r&a,1,1,1,,,
high,1,1,1,,,
high end escort,1,1,1,,,
high finance,1,1,1,,,
high frame rate,1,1,1,,,
high intelligence,1,1,1,,,
high jumping,1,1,1,,,
high noon,1,1,1,,,
high octane,1,1,1,,,
high priest,1,1,1,,,
high romance,1,1,1,,,
high school requirement in 1997,1,1,1,,,
high-art trash,1,1,1,,,
high-tech firms,1,1,1,,,
highly derivative,1,1,1,,,
highly narrated,1,1,1,,,
highly symbolic,1,1,1,,,
hijack,1,1,1,,,
hilarious audio commentary,1,1,1,,,
hilarious spy spoof,1,1,1,,,
hilarious with heart,1,1,1,,,
hilary birmingham,1,1,1,,,
hilary swamk,1,1,1,,,
hillary swank,1,1,1,,,
hillbilly,1,1,1,,,
hilmi sã¶zer,1,1,1,,,
hilosophy,1,1,1,,,
himachal pradesh,1,1,1,,,
hindu,1,1,1,,,
hip hop montage,1,1,1,,,
hip-hop montages,1,1,1,,,
hippie bullshit,1,1,1,,,
hippos,1,1,1,,,
hipster movie,1,1,1,,,
hipster trash,1,1,1,,,
hirohito,1,1,1,,,
hironobu sakaguchi,1,1,1,,,
hiroshi matsuno,1,1,1,,,
hiroshi morioka,1,1,1,,,
hiroshi saitô,1,1,1,,,
hiroyuki miyasako,1,1,1,,,
hiroyuki nakano,1,1,1,,,
hiroyuki yamaga,1,1,1,,,
hisao kurosawa,1,1,1,,,
hisotrical,1,1,1,,,
histography,1,1,1,,,
historia,1,1,1,,,
historic austrialian outback,1,1,1,,,
historic building,1,1,1,,,
historic disaster,1,1,1,,,
historic drama,1,1,1,,,
historic footage,1,1,1,,,
historica,1,1,1,,,
historical china,1,1,1,,,
historical depiction,1,1,1,,,
historical grit,1,1,1,,,
historical lackluster,1,1,1,,,
historical opinion,1,1,1,,,
historical period drama,1,1,1,,,
historically accurate,1,1,1,,,
historically wrong,1,1,1,,,
historiograpghy and time travel,1,1,1,,,
historisch,1,1,1,,,
history archeology,1,1,1,,,
history of cinema,1,1,1,,,
history of disability,1,1,1,,,
history teacher,1,1,1,,,
histroy,1,1,1,,,
hit,1,1,1,,,
hit-and-miss,1,1,1,,,
hitchcock film,1,1,1,,,
hitchcock meant psycho to be a comedy!,1,1,1,,,
hitting a child,1,1,1,,,
hmmm,1,1,1,,,
hmmm i wonder how many counselors do their jobs like that!,1,1,1,,,
ho chi minh city,1,1,1,,,
hobbling,1,1,1,,,
hobgoblin,1,1,1,,,
holds interest,1,1,1,,,
holds up,1,1,1,,,
holiday themed,1,1,1,,,
holly goldberg sloan,1,1,1,,,
hollywood at its best,1,1,1,,,
hollywood babling,1,1,1,,,
hollywood bio,1,1,1,,,
hollywood ca,1,1,1,,,
hollywood classic,1,1,1,,,
hollywood corn,1,1,1,,,
hollywood playing it's part in 9/11,1,1,1,,,
hollywood story,1,1,1,,,
hollywood style acion,1,1,1,,,
hollywood thinks it's socially conscious,1,1,1,,,
hollywood witchhunt,1,1,1,,,
holographics,1,1,1,,,
holy bloodline,1,1,1,,,
holy christ it's fantastic in every way. watch subtitiled,1,1,1,,,
homages,1,1,1,,,
home movie,1,1,1,,,
home of their own,1,1,1,,,
home schooling,1,1,1,,,
homebuilding,1,1,1,,,
homeland security,1,1,1,,,
homeros,1,1,1,,,
homeschooling,1,1,1,,,
homi adajania,1,1,1,,,
homo sapiens,1,1,1,,,
homoerotic hobbit-on-hobbit action,1,1,1,,,
homogeneity,1,1,1,,,
homosexual evangelical church leader,1,1,1,,,
homosexual rape,1,1,1,,,
homosexulity,1,1,1,,,
honduras,1,1,1,,,
honest characterisations,1,1,1,,,
honey,1,1,1,,,
honeymoon,1,1,1,,,
hong khaou,1,1,1,,,
hong kong film,1,1,1,,,
hongkong style,1,1,1,,,
honoring nature,1,1,1,,,
honorless,1,1,1,,,
hood movie,1,1,1,,,
hooker boots,1,1,1,,,
hookers,1,1,1,,,
hooking up,1,1,1,,,
hoon-jung park,1,1,1,,,
hopeless ending,1,1,1,,,
horacio camandule,1,1,1,,,
horatiu malaele,1,1,1,,,
hordes of cannibals,1,1,1,,,
hormonal,1,1,1,,,
horny teenagers=funny :p,1,1,1,,,
horrible accident,1,1,1,,,
horrible boss,1,1,1,,,
horrible characters,1,1,1,,,
horrible climax,1,1,1,,,
horrible film,1,1,1,,,
horrible people,1,1,1,,,
horrible plot,1,1,1,,,
horribly awesome,1,1,1,,,
horribly edited,1,1,1,,,
horrid cast,1,1,1,,,
horrific,1,1,1,,,
horror flick,1,1,1,,,
horror hosts,1,1,1,,,
horror movie that doesn't rely on sexualised violence,1,1,1,,,
horror parody,1,1,1,,,
horror romance,1,1,1,,,
horror spoof,1,1,1,,,
horror von weiblicher regisseurin,1,1,1,,,
horror/comedy,1,1,1,,,
horror/sci fi,1,1,1,,,
horrorcomedy,1,1,1,,,
horruible movie,1,1,1,,,
horse riding,1,1,1,,,
horticulture,1,1,1,,,
hospitality,1,1,1,,,
hospitalization,1,1,1,,,
hospitals,1,1,1,,,
hossain emadeddin,1,1,1,,,
hossein amini,1,1,1,,,
host body,1,1,1,,,
host clubs,1,1,1,,,
hostage negotiations,1,1,1,,,
hot chocolate,1,1,1,,,
hot dance scene,1,1,1,,,
hot girl,1,1,1,,,
hot guys,1,1,1,,,
hot lead character,1,1,1,,,
hot male actor,1,1,1,,,
hot men,1,1,1,,,
hot outfit,1,1,1,,,
hot pants,1,1,1,,,
hot people,1,1,1,,,
hot pool scene,1,1,1,,,
hot scifi,1,1,1,,,
hot teenagers,1,1,1,,,
hot vampire,1,1,1,,,
hotel hallway,1,1,1,,,
hotel-like decor,1,1,1,,,
hotels,1,1,1,,,
hoth,1,1,1,,,
houdini,1,1,1,,,
house of cards,1,1,1,,,
houseguest,1,1,1,,,
housewives,1,1,1,,,
housing,1,1,1,,,
"hovedpersonen er simpelthen så smuk og sød. den langsomme udforskning af hende, uden at der altid sker så meget, kan være ret fin i sig selv.",1,1,1,,,
how can you not love clasic disney?,1,1,1,,,
how come charlize can play a serial killer but she can't show more skin oh come on!,1,1,1,,,
how embarassing to die after starring in this steaming pile,1,1,1,,,
how much killing there must be? and giamatti as a bad guy!!! those funny remarks??? sideways? i hope he got the money for nothing aand the wine for nothing,1,1,1,,,
how the fuck did he do that?,1,1,1,,,
how to rate?,1,1,1,,,
how was this funny?,1,1,1,,,
how world works,1,1,1,,,
how would life be,1,1,1,,,
how you like dem apples?,1,1,1,,,
how'd they make this so funny?,1,1,1,,,
howard bretherton,1,1,1,,,
howard cosell,1,1,1,,,
howard da silva,1,1,1,,,
howard franklin,1,1,1,,,
howard hall,1,1,1,,,
howard keel,1,1,1,,,
howie long,1,1,1,,,
howie mandel,1,1,1,,,
howling commandos,1,1,1,,,
hristo jivkov,1,1,1,,,
hristo shopov,1,1,1,,,
hsin-yen chang,1,1,1,,,
hsnu,1,1,1,,,
http://movielens.umn.edu/search?action=newsearch&referrer=movierow&tag=in%20netflix%20queue,1,1,1,,,
http://movielens.umn.edu/tagsearch?referrer=movierow&tag=jim%20carrey,1,1,1,,,
http://www.movielens.org/tagsearch?referrer=relatedsearch&tag=bad%20science,1,1,1,,,
http://www.tu.tv/videos/el-hombre-que-plantaba-arboles,1,1,1,,,
https://movielens.org/explore?tag=future&sortby=tagscore,1,1,1,,,
https://movielens.org/explore?tag=genetics&sortby=tagscore,1,1,1,,,
hubert sauper,1,1,1,,,
hubertus siegert,1,1,1,,,
hue rhodes,1,1,1,,,
huey long,1,1,1,,,
huffing,1,1,1,,,
huffing paint,1,1,1,,,
hugh bonneville,1,1,1,,,
hugh dillon,1,1,1,,,
hugh grant is cool,1,1,1,,,
hugh griffith,1,1,1,,,
hugh jackan,1,1,1,,,
hugh johnson,1,1,1,,,
hugh marlowe,1,1,1,,,
hugh munro neely,1,1,1,,,
hugo fregonese,1,1,1,,,
hugo rodríguez,1,1,1,,,
huh?,1,1,1,,,
huhcã¼lees! huhcã¼lees!... and i don't remember much of the rest.,1,1,1,,,
huhcãƒâ¼lees! huhcãƒâ¼lees!... and i don't remember much of the rest.,1,1,1,,,
huis-clos,1,1,1,,,
hulk graphics,1,1,1,,,
human animal relationship,1,1,1,,,
human behaviour,1,1,1,,,
human being,1,1,1,,,
human drama,1,1,1,,,
human fallibility,1,1,1,,,
human focus,1,1,1,,,
human interest,1,1,1,,,
human nature and social structure,1,1,1,,,
human nature depicted,1,1,1,,,
human prey,1,1,1,,,
human spirit,1,1,1,,,
human stories,1,1,1,,,
human testing,1,1,1,,,
human weakness,1,1,1,,,
humanising,1,1,1,,,
humanist sci-fi,1,1,1,,,
humanity of native americans,1,1,1,,,
humanizes adult men,1,1,1,,,
humanizes daisy,1,1,1,,,
humankind,1,1,1,,,
humanlike god,1,1,1,,,
humanoid alien,1,1,1,,,
humans as the bad guy,1,1,1,,,
humboldt county california,1,1,1,,,
humiliation as humour,1,1,1,,,
humor!,1,1,1,,,
humorous twist,1,1,1,,,
humorous. hello melissa.,1,1,1,,,
humping,1,1,1,,,
hun jang,1,1,1,,,
hungarians,1,1,1,,,
hunter,1,1,1,,,
hunter mccracken,1,1,1,,,
huo yuanjia,1,1,1,,,
hurt,1,1,1,,,
husbands and wives,1,1,1,,,
hush-hush projects,1,1,1,,,
hustle,1,1,1,,,
hustler,1,1,1,,,
hutus,1,1,1,,,
hutz,1,1,1,,,
hw comedy,1,1,1,,,
hw drama,1,1,1,,,
hye-ja kim,1,1,1,,,
hyena,1,1,1,,,
hyman,1,1,1,,,
hymns,1,1,1,,,
hyper masculine,1,1,1,,,
hyper-realism,1,1,1,,,
hyperbole,1,1,1,,,
hypertextual (mildly),1,1,1,,,
hypocritical,1,1,1,,,
hypodermic needle,1,1,1,,,
hyung-rae shim,1,1,1,,,
hyvã¤t henkilã¶hahmot,1,1,1,,,
hã¥kan hellstrã¶m,1,1,1,,,
hã©ctor alterio,1,1,1,,,
hã©ctor jimã©nez,1,1,1,,,
häjy,1,1,1,,,
härmä,1,1,1,,,
hélène giraud,1,1,1,,,
i am a big adrien brody fan and he did not dissappoint me here,1,1,1,,,
i came out loving it,1,1,1,,,
i can do without.,1,1,1,,,
i can't turn away,1,1,1,,,
i cant take this movie it makes me angry its so boring,1,1,1,,,
i cried,1,1,1,,,
i cried like a baby,1,1,1,,,
i despise documentaries like this.,1,1,1,,,
i didn't find it confusing,1,1,1,,,
i didn't return for the sequel,1,1,1,,,
i didnt feel like the king ever existed,1,1,1,,,
i don't get it: what's there to get? tell me...,1,1,1,,,
i don't have to explain my art to you warren,1,1,1,,,
i don't know,1,1,1,,,
i don't like documentaries,1,1,1,,,
i don't like war movies but this one was quite good,1,1,1,,,
i don't think arms dealers look anything like nick cage,1,1,1,,,
i don't think i got it; willing to try again,1,1,1,,,
i dont like tom cruise,1,1,1,,,
i fell on sleep...,1,1,1,,,
i felt sweded,1,1,1,,,
i get angry sad and confused about ending but it was good.,1,1,1,,,
i guess nude terminators can't kill a really bad film,1,1,1,,,
i had my doubts with that anti-republican talk - but i was just moody,1,1,1,,,
i hate eminem-- but this movie is good,1,1,1,,,
i hate indie culture,1,1,1,,,
i hate matthew mcconaughey,1,1,1,,,
i hate myself,1,1,1,,,
i hate summer,1,1,1,,,
i hate this movie. great casting,1,1,1,,,
i hate this pile of crap,1,1,1,,,
i have difficulty cheering for a hooker,1,1,1,,,
i heel toe on uday's house,1,1,1,,,
i just kept hearing massive attack after the car accident,1,1,1,,,
i knew the ending,1,1,1,,,
i know every word by heart,1,1,1,,,
i laughed.,1,1,1,,,
i like you,1,1,1,,,
i liked  it!!,1,1,1,,,
i love movies top pick,1,1,1,,,
i love the depth of love achieved without any physicality,1,1,1,,,
i love the man-machine myme of sci-fi,1,1,1,,,
i love the powerglove,1,1,1,,,
i loved it! seen it five times already!,1,1,1,,,
i loved it. well acted,1,1,1,,,
i miss jaime kennedy,1,1,1,,,
i need a time machine so i can stop myself from seeing this movie,1,1,1,,,
i never knew justice could be so funny. try this one,1,1,1,,,
i pelicula,1,1,1,,,
i see you,1,1,1,,,
i starten syntes jeg det stak meget i ã¸rerne. men det blev til tider ret morsomt. i ã¸vrigt var det vã¦sentligt at der kom noget substantielt narrativ pã¥ senere hen hvor starten var en bunke fragmenter,1,1,1,,,
i think i should watch this again with subtitles...,1,1,1,,,
i think i'm going to vomit,1,1,1,,,
i think there was one really good joke or two,1,1,1,,,
i thought it would never end,1,1,1,,,
i want i talking lion,1,1,1,,,
i want number 5.,1,1,1,,,
i wanted the bad guy to win.  sean bean out-bonds bond.,1,1,1,,,
i went to becuase there wasn't anything else,1,1,1,,,
i wish i could do that,1,1,1,,,
i wouldn't watch more than once - but it made me cry,1,1,1,,,
i'd like to live in this movie,1,1,1,,,
i'd of killed those people too if i were her,1,1,1,,,
i'll never watch this,1,1,1,,,
i'm devon butler!,1,1,1,,,
i'm embarassed to find this funny,1,1,1,,,
i'm my own grandpa,1,1,1,,,
i'm on a boat,1,1,1,,,
i'm sure there must be something clever here...,1,1,1,,,
iain forsyth,1,1,1,,,
iain morris,1,1,1,,,
ian bannen,1,1,1,,,
ian connacher,1,1,1,,,
ian curtis,1,1,1,,,
ian duncan,1,1,1,,,
ian fleming,1,1,1,,,
ian gomez,1,1,1,,,
ian mccrudden,1,1,1,,,
ian roumain,1,1,1,,,
ian ziering,1,1,1,,,
ian's fav,1,1,1,,,
ibiza,1,1,1,,,
ibrahim el-batout,1,1,1,,,
ice fishing,1,1,1,,,
ice queen,1,1,1,,,
ice world,1,1,1,,,
iceburg,1,1,1,,,
icelandic,1,1,1,,,
ichabod crane,1,1,1,,,
iconoclast,1,1,1,,,
icíar bollaín,1,1,1,,,
idealistic protagonist,1,1,1,,,
idealized characters,1,1,1,,,
ideals,1,1,1,,,
ideologically suspect,1,1,1,,,
idians,1,1,1,,,
idiolect,1,1,1,,,
idiosyncratic,1,1,1,,,
idiot ball,1,1,1,,,
idiot culprit,1,1,1,,,
idiot friend,1,1,1,,,
idiotic sidekick,1,1,1,,,
idiotic turn,1,1,1,,,
idle,1,1,1,,,
if i die before i wake,1,1,1,,,
if i see one more roast beef sandwich you will smell my reaction,1,1,1,,,
if only gibson was depressed enough to be just a little smarter than this...,1,1,1,,,
if the director doesn't care 2 flesh out a film why the hell should i care what happens 2 the characters?,1,1,1,,,
if you are in the mood to vomit,1,1,1,,,
if you like kaurismaki movies this movie might also be for you,1,1,1,,,
if you like the tv show,1,1,1,,,
"if you particularly valued the drama ingredients of this movie i recommend seeing ""the son's room"" (2001)",1,1,1,,,
if you want a more embellished story of prostitution watch pretty woman instead,1,1,1,,,
if your wife makes you see it you'll survive,1,1,1,,,
ifa isfansyah,1,1,1,,,
igen masser af gode karakterer,1,1,1,,,
ignacio ferreras,1,1,1,,,
ignores psychology,1,1,1,,,
igor kovalyov,1,1,1,,,
ihan katottava,1,1,1,,,
ihan ok. loppu oli vã¤hã¤n liian nopea.,1,1,1,,,
ihan ok. loppu oli vãƒâ¤hãƒâ¤n liian nopea.,1,1,1,,,
iian metev,1,1,1,,,
iii peli,1,1,1,,,
iii. var lige ved at se den igen. troede det var ca. en okay tre-en-halve,1,1,1,,,
ikke set fã¦rdig,1,1,1,,,
il,1,1,1,,,
il grande sonno,1,1,1,,,
il mistero del falco,1,1,1,,,
ilan ziv,1,1,1,,,
ilarion ciobanu,1,1,1,,,
ilinca calugareanu,1,1,1,,,
ilisa barbash,1,1,1,,,
ill,1,1,1,,,
illegal martial arts tournament,1,1,1,,,
illinois nazis,1,1,1,,,
illness.,1,1,1,,,
illogical world,1,1,1,,,
illuminati,1,1,1,,,
illusion-o,1,1,1,,,
ilm effects,1,1,1,,,
ilmar raag,1,1,1,,,
ilse steppat,1,1,1,,,
im gonna make him an offer he can't refuse. a true masterpiece,1,1,1,,,
image,1,1,1,,,
imaginary frined,1,1,1,,,
imagine,1,1,1,,,
imax dmr 3-d reissue in 2012,1,1,1,,,
imax dmr reissue in 2012,1,1,1,,,
imax dmr reissue in 2014,1,1,1,,,
imax version,1,1,1,,,
imbecilic,1,1,1,,,
imdb number 1,1,1,1,,,
imf,1,1,1,,,
immaculate conception,1,1,1,,,
immigration comedy,1,1,1,,,
immigration law,1,1,1,,,
immigration process in u.s.,1,1,1,,,
immodest father,1,1,1,,,
immune,1,1,1,,,
impartial,1,1,1,,,
implausible ending,1,1,1,,,
implausible romance,1,1,1,,,
implicit,1,1,1,,,
importanza del gruppo,1,1,1,,,
impossible to understand,1,1,1,,,
impressionistic,1,1,1,,,
impressive gut addage on clooney,1,1,1,,,
impressive imagery,1,1,1,,,
improved sequal,1,1,1,,,
improvident unwise imbecile liberal message,1,1,1,,,
imps,1,1,1,,,
in a married sort of way,1,1,1,,,
in depth,1,1,1,,,
in english (should be italian),1,1,1,,,
in poor taste,1,1,1,,,
in real time,1,1,1,,,
in the bunker,1,1,1,,,
in the hall of the mountain king,1,1,1,,,
in the name of the father,1,1,1,,,
in the nic of time,1,1,1,,,
in the true meaning of the word:awesome,1,1,1,,,
in-three dimensionalization,1,1,1,,,
in-vitro fecundation,1,1,1,,,
inaccuracies,1,1,1,,,
inaccurate historical account,1,1,1,,,
inaccurate rating,1,1,1,,,
inadvertently named after anal sex,1,1,1,,,
inama nushif,1,1,1,,,
inappropriate music cues,1,1,1,,,
incentive,1,1,1,,,
inception,1,1,1,,,
incest (scene),1,1,1,,,
inclusive,1,1,1,,,
incoherency,1,1,1,,,
incompetence,1,1,1,,,
incomplete,1,1,1,,,
incomprehensible protagonist,1,1,1,,,
inconsistent characters,1,1,1,,,
inconsistent plot,1,1,1,,,
inconsistent quality,1,1,1,,,
incorporation of feedback,1,1,1,,,
incorrectly labeled,1,1,1,,,
incredible chariot race,1,1,1,,,
incredible life story,1,1,1,,,
incredible makeup,1,1,1,,,
incredibly depressing,1,1,1,,,
incredibly predictable,1,1,1,,,
"incredibly stupid ""plot""",1,1,1,,,
incredibly troubled production,1,1,1,,,
incredibly watchable,1,1,1,,,
incubi,1,1,1,,,
ind spirit nom best dir,1,1,1,,,
indebted to godard,1,1,1,,,
indecisive,1,1,1,,,
independent spirit award,1,1,1,,,
indepth,1,1,1,,,
indian community,1,1,1,,,
indian ocean,1,1,1,,,
indian speeches,1,1,1,,,
indiana jones rip off treasure of the four crowns 3d jonas,1,1,1,,,
indiana jones ripoff,1,1,1,,,
indie horror,1,1,1,,,
indie rock,1,1,1,,,
indifference,1,1,1,,,
indigenous,1,1,1,,,
individual liberty,1,1,1,,,
industrial music,1,1,1,,,
industrialist,1,1,1,,,
industrialization,1,1,1,,,
industry,1,1,1,,,
ineffectual u.s. military,1,1,1,,,
inevitability,1,1,1,,,
inexperienced praying,1,1,1,,,
inexplicable music number,1,1,1,,,
inez van lamsweerde,1,1,1,,,
infant,1,1,1,,,
infantilism,1,1,1,,,
inferior remake,1,1,1,,,
infiltrados,1,1,1,,,
influencial,1,1,1,,,
inga swenson ii,1,1,1,,,
inge rademeyer,1,1,1,,,
ingenuity,1,1,1,,,
ingrid pitt,1,1,1,,,
ingrid thulin,1,1,1,,,
inherently dated,1,1,1,,,
inhuman,1,1,1,,,
inhumane,1,1,1,,,
inicom,1,1,1,,,
initial credits,1,1,1,,,
initiation,1,1,1,,,
injured animal,1,1,1,,,
inmate,1,1,1,,,
inmortal,1,1,1,,,
innacurrate,1,1,1,,,
inner growth,1,1,1,,,
inner monologue,1,1,1,,,
inner strength,1,1,1,,,
inner thoughts of a bull terrier,1,1,1,,,
inner thoughts voiced,1,1,1,,,
inner turmoil,1,1,1,,,
innocencne lost,1,1,1,,,
innocents killed,1,1,1,,,
innovative cinematography,1,1,1,,,
insanely funny,1,1,1,,,
inscrutable,1,1,1,,,
inside,1,1,1,,,
insignificance,1,1,1,,,
insignificant,1,1,1,,,
insincere,1,1,1,,,
insincerity,1,1,1,,,
insipid dialogue,1,1,1,,,
inspector grosky,1,1,1,,,
inspired by a book,1,1,1,,,
inspired by jane austen,1,1,1,,,
inspired by shakespeare,1,1,1,,,
inspired the joker,1,1,1,,,
inspiring story,1,1,1,,,
instant romance,1,1,1,,,
instead of noodity why not say 3-piece birthday suits much more graphic,1,1,1,,,
instills poor moral values,1,1,1,,,
insubordination,1,1,1,,,
insular,1,1,1,,,
insult to own genre,1,1,1,,,
insulting to persians with no humour,1,1,1,,,
insurance scam,1,1,1,,,
insurance scheme,1,1,1,,,
insurmountable odds,1,1,1,,,
intel,1,1,1,,,
intelegent,1,1,1,,,
inteligent,1,1,1,,,
inteligent and original,1,1,1,,,
intellectually insulting,1,1,1,,,
intellectualness,1,1,1,,,
intellectuals,1,1,1,,,
intelligent action,1,1,1,,,
intelligent epic,1,1,1,,,
intense action,1,1,1,,,
intense and realistic and funny and exciting,1,1,1,,,
intentionally annoying heroine,1,1,1,,,
intentionally funny,1,1,1,,,
inter-tribal marriage,1,1,1,,,
interaction with camera (apple part),1,1,1,,,
interconnection,1,1,1,,,
interdimensional travel,1,1,1,,,
interesting action,1,1,1,,,
interesting american culture,1,1,1,,,
interesting and unusual characters,1,1,1,,,
interesting camera work,1,1,1,,,
interesting effort,1,1,1,,,
interesting new way of film,1,1,1,,,
interesting personalities,1,1,1,,,
interesting plot about pharmaceutics leads nowhere,1,1,1,,,
interesting scenario,1,1,1,,,
interesting set-up,1,1,1,,,
interfaith marriage,1,1,1,,,
internal coherence,1,1,1,,,
international classic,1,1,1,,,
international relationships,1,1,1,,,
internet addiction,1,1,1,,,
internet chatting,1,1,1,,,
internet representation,1,1,1,,,
internet videos,1,1,1,,,
interplay between freeman and hackman.,1,1,1,,,
interracial,1,1,1,,,
interrelated sketches,1,1,1,,,
interrogation tactics,1,1,1,,,
interrupted sex,1,1,1,,,
intersex,1,1,1,,,
interspecies marriage,1,1,1,,,
intersting,1,1,1,,,
intersubjectivity,1,1,1,,,
intertwining storylines,1,1,1,,,
interview technique,1,1,1,,,
intervius,1,1,1,,,
interwar,1,1,1,,,
interweaving stories,1,1,1,,,
intifada,1,1,1,,,
intimacy,1,1,1,,,
intj,1,1,1,,,
intolerance,1,1,1,,,
intricate plot,1,1,1,,,
intrigante,1,1,1,,,
intrigo internazionale,1,1,1,,,
intrigues,1,1,1,,,
intro,1,1,1,,,
introducing characters,1,1,1,,,
introduction that doesn't say as much as i hoped,1,1,1,,,
introvabile,1,1,1,,,
introversion,1,1,1,,,
introvert,1,1,1,,,
invented language,1,1,1,,,
invercargill,1,1,1,,,
investigative,1,1,1,,,
investment scam,1,1,1,,,
invigorating,1,1,1,,,
invincible,1,1,1,,,
invisible,1,1,1,,,
invocation of trees,1,1,1,,,
iosif shapiro,1,1,1,,,
iouan gruffudd,1,1,1,,,
ira wohl,1,1,1,,,
iran-iraq war,1,1,1,,,
iranian actor,1,1,1,,,
ireland doesnt have hillbillys!!,1,1,1,,,
irene bedard,1,1,1,,,
irene cara,1,1,1,,,
irene papas,1,1,1,,,
iris apatow,1,1,1,,,
irish comedy,1,1,1,,,
irish conflict,1,1,1,,,
irish dark comedy,1,1,1,,,
irish gang,1,1,1,,,
irishmen,1,1,1,,,
irma p. hall,1,1,1,,,
iron,1,1,1,,,
iron curtain,1,1,1,,,
iron maiden,1,1,1,,,
ironc,1,1,1,,,
ironically ironic irony,1,1,1,,,
irrational wife,1,1,1,,,
irrealist,1,1,1,,,
irreconcilable main character,1,1,1,,,
irrelevant,1,1,1,,,
irrelevant plot,1,1,1,,,
irrepressible,1,1,1,,,
irs agent,1,1,1,,,
irsh,1,1,1,,,
irvin s. yeaworth jr.,1,1,1,,,
irvin willat,1,1,1,,,
irving lerner,1,1,1,,,
irving thalberg,1,1,1,,,
is available on netflix,1,1,1,,,
is it 5/5-worthy?,1,1,1,,,
is right fight fire with fire?,1,1,1,,,
is sean penn not too old?,1,1,1,,,
isa miranda,1,1,1,,,
isa nomination screenplay & supp actress,1,1,1,,,
isaac florentine,1,1,1,,,
isaac hayes,1,1,1,,,
isaach de bankolã©,1,1,1,,,
isabel tellerã­a,1,1,1,,,
isabella rosselini,1,1,1,,,
isabelle adjani,1,1,1,,,
isaiah,1,1,1,,,
isaiah thomas,1,1,1,,,
ishirô honda,1,1,1,,,
isis,1,1,1,,,
islamabad,1,1,1,,,
islamic hardliners,1,1,1,,,
islamic revolution of iran,1,1,1,,,
islamistic,1,1,1,,,
island commune,1,1,1,,,
isle of man: filmed in,1,1,1,,,
ismail merchant,1,1,1,,,
isn't renee russo like 100 years old? matt! what were you thinking?,1,1,1,,,
isreal,1,1,1,,,
isã¦r dens struktur er et fedt projekt: at man hele tiden fã¦lger nogle nye som de fã¸rste gã¥r forbi eller mã¸der,1,1,1,,,
isã¦r i starten. den bliver desvã¦rre lidt slap i det mod enden hvilket er meget ã¦rgerligt,1,1,1,,,
it aint funny,1,1,1,,,
it could happen,1,1,1,,,
it couldn't decide what it wanted to be,1,1,1,,,
it ends,1,1,1,,,
it has drama,1,1,1,,,
it has no saving graces,1,1,1,,,
it is a nice movie,1,1,1,,,
it just goes to show ya once the ring goes on it's just leftovers,1,1,1,,,
it just keeps getting better,1,1,1,,,
it just keeps getting weirder,1,1,1,,,
it ruined jaime kennedys career,1,1,1,,,
it shows exactly how people speak in that part of the country,1,1,1,,,
it starts,1,1,1,,,
it sucks,1,1,1,,,
it was a movie about growing up,1,1,1,,,
it was an absolutely lovely,1,1,1,,,
it was creepy,1,1,1,,,
it was only nice,1,1,1,,,
it was stupid,1,1,1,,,
it was very boring and awful,1,1,1,,,
it wasnt that long,1,1,1,,,
it's 1 part bad memories  1 part double cross add  a twist of slime & lots of good vibrations!,1,1,1,,,
it's a flavor of todays corruption,1,1,1,,,
it's a good movie but the end of 007 is always the same,1,1,1,,,
it's a real history,1,1,1,,,
it's biased when watanabe uses a 45 and kills himself,1,1,1,,,
it's just normal,1,1,1,,,
it's made of people!,1,1,1,,,
it's not just a phase it's really a way of life,1,1,1,,,
it's not size of your stick but why you keep on swingin' it!,1,1,1,,,
it's over and i'll never see it again,1,1,1,,,
it's really his own damn fault,1,1,1,,,
it's so bad it's actually good,1,1,1,,,
it's the journey not the destination that we should enjoy,1,1,1,,,
it's too bad brendan can't shake the encino man syndrome,1,1,1,,,
ital,1,1,1,,,
"italian ""postman always rings twice""",1,1,1,,,
italian history,1,1,1,,,
italian mafia,1,1,1,,,
italian mob,1,1,1,,,
italian people,1,1,1,,,
itching powder,1,1,1,,,
its a bore,1,1,1,,,
its fuuny,1,1,1,,,
its just bad,1,1,1,,,
its just genious,1,1,1,,,
itsurô kawasaki,1,1,1,,,
ivan andonov,1,1,1,,,
ivan zivkovic,1,1,1,,,
ivana baquero,1,1,1,,,
ivars seleckis,1,1,1,,,
ivy league,1,1,1,,,
iván zulueta,1,1,1,,,
iwerks 3-d,1,1,1,,,
izrael,1,1,1,,,
izumi inamori,1,1,1,,,
j. carrol naish,1,1,1,,,
j. mackye gruber,1,1,1,,,
j. pat o'malley,1,1,1,,,
j. r. r. tolkein,1,1,1,,,
j. s. bach prelude bwv1007,1,1,1,,,
j.-p. valkeapää,1,1,1,,,
j.a. howe,1,1,1,,,
j.d. roth,1,1,1,,,
j.j. cohn,1,1,1,,,
j.s. bach,1,1,1,,,
j.t.s. moore,1,1,1,,,
ja rule,1,1,1,,,
jaak kilmi,1,1,1,,,
jabberwocky,1,1,1,,,
jacek borcuch,1,1,1,,,
jack bender,1,1,1,,,
jack benny,1,1,1,,,
jack black ^_^,1,1,1,,,
jack carson,1,1,1,,,
jack cutting,1,1,1,,,
jack donohue,1,1,1,,,
jack doolan,1,1,1,,,
jack elam,1,1,1,,,
jack haley jr.,1,1,1,,,
jack hill,1,1,1,,,
jack hofsiss,1,1,1,,,
jack huston,1,1,1,,,
jack johnson,1,1,1,,,
jack murdock,1,1,1,,,
jack nicholson as the joker,1,1,1,,,
jack nicholson is great,1,1,1,,,
jack o'connell,1,1,1,,,
jack skellington,1,1,1,,,
jackboot science fiction,1,1,1,,,
jackie 'butch' jenkins,1,1,1,,,
jackie o,1,1,1,,,
jackson heights,1,1,1,,,
jackson pollock,1,1,1,,,
jacob appelbaum,1,1,1,,,
jacob hatley,1,1,1,,,
jacob kornbluth,1,1,1,,,
jacob wysocki,1,1,1,,,
jacob's ladder,1,1,1,,,
jacques deray,1,1,1,,,
jacques doillon,1,1,1,,,
jacques rivette,1,1,1,,,
jacqui morris,1,1,1,,,
jaded,1,1,1,,,
jae-yeong jeong,1,1,1,,,
jaffar mahmood,1,1,1,,,
jag corps,1,1,1,,,
jail movie,1,1,1,,,
jakarta,1,1,1,,,
jake busey,1,1,1,,,
jake clenell,1,1,1,,,
jake gylenhaal,1,1,1,,,
jake gyllenhaal ass,1,1,1,,,
jake gyllenhaal.,1,1,1,,,
jake lloyd,1,1,1,,,
jake schreier,1,1,1,,,
jake scott,1,1,1,,,
jake szymanski,1,1,1,,,
jake thomas,1,1,1,,,
jakie chan,1,1,1,,,
jalmari helander,1,1,1,,,
jamaican supplier,1,1,1,,,
james b. harris,1,1,1,,,
james badge dale,1,1,1,,,
james bobin,1,1,1,,,
james brolin,1,1,1,,,
james bulger murder,1,1,1,,,
james c. strouse,1,1,1,,,
james clavell,1,1,1,,,
james cox,1,1,1,,,
james cruze,1,1,1,,,
james cummings iii,1,1,1,,,
james d'arcy,1,1,1,,,
james d. stern,1,1,1,,,
james d.r. hickox,1,1,1,,,
james darren,1,1,1,,,
james dashner,1,1,1,,,
james demonaco,1,1,1,,,
james dirschberger,1,1,1,,,
james f. collier,1,1,1,,,
james fargo,1,1,1,,,
james faulkner,1,1,1,,,
james fennimore cooper,1,1,1,,,
james fleet,1,1,1,,,
james frain,1,1,1,,,
james frawley,1,1,1,,,
james gartner,1,1,1,,,
james gleason,1,1,1,,,
james griffith,1,1,1,,,
james heywood,1,1,1,,,
james isaac,1,1,1,,,
james j. kroupa,1,1,1,,,
james kirkwood,1,1,1,,,
james l. conway,1,1,1,,,
james lance,1,1,1,,,
james lipton,1,1,1,,,
james mcvoy,1,1,1,,,
james merendino,1,1,1,,,
james moll,1,1,1,,,
james napier robertson,1,1,1,,,
james nesbitt,1,1,1,,,
james newton howard,1,1,1,,,
james randi,1,1,1,,,
james rasin,1,1,1,,,
james river,1,1,1,,,
james strong,1,1,1,,,
james swirsky,1,1,1,,,
james tinling,1,1,1,,,
james tolkan,1,1,1,,,
james watkins,1,1,1,,,
james whitaker,1,1,1,,,
james whitmore,1,1,1,,,
james wilby,1,1,1,,,
james wong howe,1,1,1,,,
james yukich,1,1,1,,,
jami gertz,1,1,1,,,
jamie farr,1,1,1,,,
jamie forman,1,1,1,,,
jamie foxx head look like a box,1,1,1,,,
jamie meltzer,1,1,1,,,
jamin winans,1,1,1,,,
jan bucquoy,1,1,1,,,
jan farrar,1,1,1,,,
jan harlan,1,1,1,,,
jan josef liefers,1,1,1,,,
jan komasa,1,1,1,,,
jan kounen,1,1,1,,,
jan lindkvist,1,1,1,,,
jan ole gerster,1,1,1,,,
jan rubes,1,1,1,,,
jan sardi,1,1,1,,,
jan verheyen,1,1,1,,,
jan-willem breure,1,1,1,,,
jan/feb 2007,1,1,1,,,
jane adams,1,1,1,,,
jane austin,1,1,1,,,
jane curtin,1,1,1,,,
jane foster,1,1,1,,,
jane leeves,1,1,1,,,
jane pollard,1,1,1,,,
jane russel,1,1,1,,,
jane russell,1,1,1,,,
janet gaynor,1,1,1,,,
janet mcteer,1,1,1,,,
janette armand,1,1,1,,,
jango fett,1,1,1,,,
janis joplin,1,1,1,,,
janis nords,1,1,1,,,
janis streics,1,1,1,,,
jannicke systad jacobsen,1,1,1,,,
jannik hastrup,1,1,1,,,
janus metz pedersen,1,1,1,,,
janusz gajos,1,1,1,,,
japanese animation,1,1,1,,,
japanese horror rennaisance,1,1,1,,,
japanese humor,1,1,1,,,
japanese language,1,1,1,,,
japanese schoolgirl with flail,1,1,1,,,
japanese sci-fi,1,1,1,,,
japanese style animation,1,1,1,,,
japanese tourists,1,1,1,,,
japanese version is the shit,1,1,1,,,
japanesse horror,1,1,1,,,
jared drake,1,1,1,,,
jared gilman,1,1,1,,,
jared moshe,1,1,1,,,
jari halonen,1,1,1,,,
jaroslav dusek,1,1,1,,,
jarrad paul,1,1,1,,,
jarvier bardem,1,1,1,,,
jasmine dellal,1,1,1,,,
jason bloom,1,1,1,,,
jason buxton,1,1,1,,,
jason dasilva,1,1,1,,,
jason flemyng,1,1,1,,,
jason gary,1,1,1,,,
jason george,1,1,1,,,
jason in space,1,1,1,,,
jason james richter,1,1,1,,,
jason m. fitzpatrick,1,1,1,,,
jason mantzoukas,1,1,1,,,
jason miller,1,1,1,,,
jason osder,1,1,1,,,
jason priestley,1,1,1,,,
jason ritter,1,1,1,,,
jason shwartzman,1,1,1,,,
jason tippet,1,1,1,,,
jauka viegla filmiå†a,1,1,1,,,
javier botet,1,1,1,,,
javier cã¡mara,1,1,1,,,
javier fesser,1,1,1,,,
javier recio gracia,1,1,1,,,
javor gardev,1,1,1,,,
jaws (bond),1,1,1,,,
jaws rip-off,1,1,1,,,
jaws ripoff,1,1,1,,,
jay bulger,1,1,1,,,
jay cheel,1,1,1,,,
jay thomas,1,1,1,,,
jayne loader,1,1,1,,,
jean afanassieff,1,1,1,,,
jean bach,1,1,1,,,
jean epstein,1,1,1,,,
jean giraud,1,1,1,,,
jean grey,1,1,1,,,
jean le carre,1,1,1,,,
jean moreau,1,1,1,,,
jean paul gaultier,1,1,1,,,
jean rochefort,1,1,1,,,
jean rogers,1,1,1,,,
jean simmons,1,1,1,,,
jean sorel,1,1,1,,,
jean-baptiste mondino,1,1,1,,,
jean-christophe dessaint,1,1,1,,,
jean-claude lauzon,1,1,1,,,
jean-franã§ois richet,1,1,1,,,
jean-françois brient,1,1,1,,,
jean-françois laguionie,1,1,1,,,
jean-françois pouliot,1,1,1,,,
jean-louis barrault,1,1,1,,,
jean-marc vallã©e,1,1,1,,,
jean-marie straub,1,1,1,,,
jean-paul le chanois,1,1,1,,,
jean-philippe tremblay,1,1,1,,,
jean-pierre améris,1,1,1,,,
jean-pierre darroussin,1,1,1,,,
jean-pierre denis,1,1,1,,,
jeanette macdonald,1,1,1,,,
jeanette nolan,1,1,1,,,
jeanie drynan,1,1,1,,,
jeanne jordan,1,1,1,,,
jeanne tripplehorn,1,1,1,,,
jeannie stevens,1,1,1,,,
jeans,1,1,1,,,
jeethu joseph,1,1,1,,,
jeff baena,1,1,1,,,
jeff balsmeyer,1,1,1,,,
jeff dupre,1,1,1,,,
jeff fahey,1,1,1,,,
jeff feuerzeig,1,1,1,,,
jeff foxworthy,1,1,1,,,
jeff franklin,1,1,1,,,
jeff goldbloom,1,1,1,,,
jeff kanew,1,1,1,,,
jeff krulik,1,1,1,,,
jeff malmberg,1,1,1,,,
jeff margolis,1,1,1,,,
jeff mcqueen,1,1,1,,,
jeff nathanson,1,1,1,,,
jeff newitt,1,1,1,,,
jeff orlowski,1,1,1,,,
jeff sherman,1,1,1,,,
jeff stilson,1,1,1,,,
jeff york,1,1,1,,,
jeffers morning,1,1,1,,,
jeffery demunn,1,1,1,,,
jeffery donoven,1,1,1,,,
jeffery schwarz,1,1,1,,,
jeffrey,1,1,1,,,
jeffrey addiss,1,1,1,,,
jeffrey bloom,1,1,1,,,
jeffrey combs,1,1,1,,,
jeffrey james varab,1,1,1,,,
jeffrey jones,1,1,1,,,
jeffrey kimball,1,1,1,,,
jeffrey nachmanoff,1,1,1,,,
jeffrey nordling,1,1,1,,,
jeffrey schwarz,1,1,1,,,
jella haase,1,1,1,,,
jelousy,1,1,1,,,
jem cohen,1,1,1,,,
jemma dallender,1,1,1,,,
jena malone',1,1,1,,,
jennie,1,1,1,,,
jennie linden,1,1,1,,,
jennie livingston,1,1,1,,,
jennifer abbott,1,1,1,,,
jennifer baichwal,1,1,1,,,
jennifer burns,1,1,1,,,
jennifer connely,1,1,1,,,
jennifer connoly:topless,1,1,1,,,
jennifer coolidge,1,1,1,,,
jennifer jones,1,1,1,,,
jennifer kent,1,1,1,,,
jennifer morrison,1,1,1,,,
jennifer phang,1,1,1,,,
jennifer schwalbach smith,1,1,1,,,
jennifer westfeldt,1,1,1,,,
jennilyn merten,1,1,1,,,
jenniphr goodman,1,1,1,,,
jenny karezi,1,1,1,,,
jenny skavlan,1,1,1,,,
jenny wade,1,1,1,,,
jens lien,1,1,1,,,
jenõ koltai,1,1,1,,,
jeong-beom lee,1,1,1,,,
jeremiah chechik,1,1,1,,,
jeremy borash,1,1,1,,,
jeremy brock,1,1,1,,,
jeremy cooper,1,1,1,,,
jeremy grant,1,1,1,,,
jeremy jordan,1,1,1,,,
jeremy leven,1,1,1,,,
jeremy london,1,1,1,,,
jeremy lovering,1,1,1,,,
jeremy passmore,1,1,1,,,
jeremy podeswa,1,1,1,,,
jeremy renner is no matt damon,1,1,1,,,
jeremy saulnier,1,1,1,,,
jeremy seifert,1,1,1,,,
jeremy sumpter,1,1,1,,,
jeremy turner,1,1,1,,,
jerk,1,1,1,,,
jerod mixon,1,1,1,,,
jerry ciccoritti,1,1,1,,,
jerry nelson,1,1,1,,,
jerry reed,1,1,1,,,
jerry rees,1,1,1,,,
jerry rothwell,1,1,1,,,
jersey,1,1,1,,,
jerzy rose,1,1,1,,,
jerzy turek,1,1,1,,,
jesper huor,1,1,1,,,
jess feast,1,1,1,,,
jesse hibbs,1,1,1,,,
jesse moss,1,1,1,,,
jesse quinones,1,1,1,,,
jesse vaughan,1,1,1,,,
jesse vile,1,1,1,,,
jessica bendinger,1,1,1,,,
jessica brown findlay,1,1,1,,,
jessica haines,1,1,1,,,
jessica hausner,1,1,1,,,
jessica hundley,1,1,1,,,
jessica joy wise,1,1,1,,,
jessica lucas,1,1,1,,,
jessica mauboy,1,1,1,,,
jessica mcmanus,1,1,1,,,
jessica pare,1,1,1,,,
jessica sanders,1,1,1,,,
jessica sharzer,1,1,1,,,
jessica steen,1,1,1,,,
jessica stroup,1,1,1,,,
jessica woodworth,1,1,1,,,
jessica yu,1,1,1,,,
jessican lange,1,1,1,,,
jessie royce landis,1,1,1,,,
jesuit,1,1,1,,,
jesus as satan,1,1,1,,,
jesus dances with buddha,1,1,1,,,
jet,1,1,1,,,
jet tone,1,1,1,,,
jew,1,1,1,,,
jew fest,1,1,1,,,
jewel,1,1,1,,,
jewish friend,1,1,1,,,
jewish south america,1,1,1,,,
jiang wu,1,1,1,,,
jiangshi,1,1,1,,,
jiaxiang wu,1,1,1,,,
jigsaw puzzle,1,1,1,,,
jill culton,1,1,1,,,
jill haworth,1,1,1,,,
jill hennessy,1,1,1,,,
jill ritchie,1,1,1,,,
jill sprecher,1,1,1,,,
jillian schlesinger,1,1,1,,,
jilted,1,1,1,,,
jim cada,1,1,1,,,
jim capobianco,1,1,1,,,
jim carey is brilliantly funny,1,1,1,,,
jim carry on a sailing boat,1,1,1,,,
jim carter,1,1,1,,,
jim dale,1,1,1,,,
jim drake,1,1,1,,,
jim fall,1,1,1,,,
jim fields,1,1,1,,,
jim handley,1,1,1,,,
jim hanon,1,1,1,,,
jim hemphill,1,1,1,,,
jim kaufman,1,1,1,,,
jim kohlberg,1,1,1,,,
jim loach,1,1,1,,,
jim mallon,1,1,1,,,
jim o'hanlon,1,1,1,,,
jim rash,1,1,1,,,
jim stenstrum,1,1,1,,,
jim taihuttu,1,1,1,,,
jim uhls,1,1,1,,,
jimcarrey-on fire,1,1,1,,,
jimmy,1,1,1,,,
jimmy bennett,1,1,1,,,
jimmy hayward,1,1,1,,,
jimmy keen,1,1,1,,,
jimmy stewart puts forth a great performance,1,1,1,,,
jimmy webb,1,1,1,,,
jin yong,1,1,1,,,
jin yong story,1,1,1,,,
jin-young jang,1,1,1,,,
jinks,1,1,1,,,
jinyong's work,1,1,1,,,
jiu jitsu,1,1,1,,,
jive turkey,1,1,1,,,
jjoel hodgson,1,1,1,,,
joachiem trier,1,1,1,,,
joachim krã³l,1,1,1,,,
joachim krãƒâ³l,1,1,1,,,
joachim lafosse,1,1,1,,,
joan allen fantastic,1,1,1,,,
joan chen,1,1,1,,,
joan churchill,1,1,1,,,
joan greenwood,1,1,1,,,
joan leslie,1,1,1,,,
joan o'brien,1,1,1,,,
joan plowright,1,1,1,,,
joan sekler,1,1,1,,,
joann sfar,1,1,1,,,
joanna cassidy,1,1,1,,,
joanna kerns,1,1,1,,,
joanna lumley,1,1,1,,,
joanna merlin,1,1,1,,,
joanne dru,1,1,1,,,
joaquin de almeida,1,1,1,,,
job,1,1,1,,,
job hunting,1,1,1,,,
jobs verses environment,1,1,1,,,
jocelyn moorhouse,1,1,1,,,
jocks,1,1,1,,,
jocks vs. nerds,1,1,1,,,
jodhpur,1,1,1,,,
jodi foster,1,1,1,,,
jodie foster and sean bean - what's not to like,1,1,1,,,
jodie joster,1,1,1,,,
jody foster,1,1,1,,,
joe angio,1,1,1,,,
joe boyd,1,1,1,,,
joe chappelle,1,1,1,,,
joe cornish,1,1,1,,,
joe egender,1,1,1,,,
joe fab,1,1,1,,,
joe folau,1,1,1,,,
joe halderman,1,1,1,,,
joe layton,1,1,1,,,
joe lynch,1,1,1,,,
joe mantello,1,1,1,,,
joe massot,1,1,1,,,
joe medeiros,1,1,1,,,
joe morton,1,1,1,,,
joe pytka,1,1,1,,,
joe r. lansdale,1,1,1,,,
joe turkel,1,1,1,,,
joe viterelli,1,1,1,,,
joel courtney,1,1,1,,,
joel hershman,1,1,1,,,
joel mccrea,1,1,1,,,
joel murray,1,1,1,,,
joel schumacher could have made a better movie!,1,1,1,,,
joel zwick,1,1,1,,,
joey coyle,1,1,1,,,
joey lauren adams,1,1,1,,,
jogging,1,1,1,,,
johann wolfgang von goethe,1,1,1,,,
john a. davis,1,1,1,,,
john alexander,1,1,1,,,
john amos,1,1,1,,,
john amplas,1,1,1,,,
john astin,1,1,1,,,
john boles,1,1,1,,,
john bourgeois,1,1,1,,,
john bruno,1,1,1,,,
john bunyan,1,1,1,,,
john carl buechler,1,1,1,,,
john carroll lynch,1,1,1,,,
john connor,1,1,1,,,
john corigliano,1,1,1,,,
john cornell,1,1,1,,,
john d. hancock,1,1,1,,,
john dean,1,1,1,,,
john doe,1,1,1,,,
john donne,1,1,1,,,
john dower,1,1,1,,,
john dunsworth,1,1,1,,,
john elliotte,1,1,1,,,
john fielder,1,1,1,,,
john g. adolfi,1,1,1,,,
john garfield,1,1,1,,,
john gatins,1,1,1,,,
john getz,1,1,1,,,
john gilbert,1,1,1,,,
john gulager,1,1,1,,,
john halas,1,1,1,,,
john hamm,1,1,1,,,
john hay,1,1,1,,,
john head,1,1,1,,,
john henderson,1,1,1,,,
john herzfeld,1,1,1,,,
john heyn,1,1,1,,,
john hodiak,1,1,1,,,
john houseman,1,1,1,,,
john howard,1,1,1,,,
john jeffcoat,1,1,1,,,
john junkerman,1,1,1,,,
john kahrs,1,1,1,,,
john kander,1,1,1,,,
john kassir,1,1,1,,,
john kricfalusi,1,1,1,,,
john krish,1,1,1,,,
john laroche,1,1,1,,,
john leach,1,1,1,,,
john llewellyn moxey,1,1,1,,,
john luessenhop,1,1,1,,,
john lurie,1,1,1,,,
john mackay,1,1,1,,,
john mackenzie,1,1,1,,,
john malcovich,1,1,1,,,
john malkovitch,1,1,1,,,
john maybury,1,1,1,,,
john osborne,1,1,1,,,
john paizs,1,1,1,,,
john payne,1,1,1,,,
john payson,1,1,1,,,
john polson,1,1,1,,,
john puglisi,1,1,1,,,
john putch,1,1,1,,,
john r. leonetti,1,1,1,,,
john slattery,1,1,1,,,
john smith,1,1,1,,,
john srebalus,1,1,1,,,
john stevenson,1,1,1,,,
john swanbeck,1,1,1,,,
john travolta 's hair,1,1,1,,,
john trudell,1,1,1,,,
john updike,1,1,1,,,
john voight,1,1,1,,,
"john w. campbell, jr.",1,1,1,,,
john w. walter,1,1,1,,,
john walsh,1,1,1,,,
john warren,1,1,1,,,
john wayne is full of himself,1,1,1,,,
john williams music,1,1,1,,,
johnny cash. addictions,1,1,1,,,
johnny depp***,1,1,1,,,
johnny e. jensen,1,1,1,,,
johnny messner,1,1,1,,,
johnny o'hara,1,1,1,,,
johnny supernova,1,1,1,,,
joie lee,1,1,1,,,
joint,1,1,1,,,
joint police-news media investigation,1,1,1,,,
joint responsibility of nations,1,1,1,,,
joke about rape,1,1,1,,,
joke after joke,1,1,1,,,
joker is cool,1,1,1,,,
jokes script,1,1,1,,,
joko anwar,1,1,1,,,
jolie,1,1,1,,,
jolie delpy,1,1,1,,,
jon blair,1,1,1,,,
jon bon jovi,1,1,1,,,
jon finch,1,1,1,,,
jon foy,1,1,1,,,
jon gries,1,1,1,,,
jon gunn,1,1,1,,,
jon hurwitz,1,1,1,,,
jon lucas,1,1,1,,,
jon poll,1,1,1,,,
jon reiss,1,1,1,,,
jon shear,1,1,1,,,
jon shenk,1,1,1,,,
jon small,1,1,1,,,
jon voigt,1,1,1,,,
jonah markowitz,1,1,1,,,
jonas brothers,1,1,1,,,
jonas chernick,1,1,1,,,
jonas hill,1,1,1,,,
jonas mccord,1,1,1,,,
jonas mekas,1,1,1,,,
jonas pate,1,1,1,,,
jonathan bennett,1,1,1,,,
jonathan brandis,1,1,1,,,
jonathan freeman,1,1,1,,,
jonathan haze,1,1,1,,,
jonathan heap,1,1,1,,,
jonathan holmes,1,1,1,,,
jonathan karsh,1,1,1,,,
jonathan ke quan,1,1,1,,,
jonathan lipnicki,1,1,1,,,
jonathan lisecki,1,1,1,,,
jonathan loughran,1,1,1,,,
jonathan malen,1,1,1,,,
jonathan nolan,1,1,1,,,
jonathan paley,1,1,1,,,
jonathan prince,1,1,1,,,
jonathan teplitzky,1,1,1,,,
jonathan tucker,1,1,1,,,
jonestown,1,1,1,,,
jong-bin yun,1,1,1,,,
jong-sik nam,1,1,1,,,
jonny weston,1,1,1,,,
jonás cuarón,1,1,1,,,
joon-hwan jang,1,1,1,,,
joonas berghäll,1,1,1,,,
joonas neuvonen,1,1,1,,,
jordan,1,1,1,,,
jordan brady,1,1,1,,,
jordan fry,1,1,1,,,
jordan hinson,1,1,1,,,
jordan madley,1,1,1,,,
jordan melamed,1,1,1,,,
jordan rubin,1,1,1,,,
jordan scott,1,1,1,,,
jordan vogt-roberts,1,1,1,,,
jorfe fons,1,1,1,,,
jorge furtado,1,1,1,,,
jorge gaggero,1,1,1,,,
jose luis lopez vazquez,1,1,1,,,
jose padilha,1,1,1,,,
josee dayan,1,1,1,,,
josef fares,1,1,1,,,
josef sommer,1,1,1,,,
josep maria domènech,1,1,1,,,
joseph alfieri,1,1,1,,,
joseph b. vasquez,1,1,1,,,
joseph barbera,1,1,1,,,
joseph cedar,1,1,1,,,
joseph henabery,1,1,1,,,
joseph levy,1,1,1,,,
joseph mealey,1,1,1,,,
joseph melito,1,1,1,,,
joseph pevney,1,1,1,,,
joseph rigano,1,1,1,,,
joseph stantley,1,1,1,,,
joseph zito,1,1,1,,,
josephine hutchinson,1,1,1,,,
josh appignanesi,1,1,1,,,
josh aronson,1,1,1,,,
josh charles,1,1,1,,,
josh flitter,1,1,1,,,
josh groban,1,1,1,,,
josh holloway,1,1,1,,,
josh johnson,1,1,1,,,
josh leonard,1,1,1,,,
josh radnor,1,1,1,,,
joshua bell,1,1,1,,,
joshua goldin,1,1,1,,,
joshua leonard,1,1,1,,,
joshua michael stern,1,1,1,,,
joshua tree national park,1,1,1,,,
joss ackland,1,1,1,,,
joss acklund,1,1,1,,,
josã© garcia,1,1,1,,,
josé coronado,1,1,1,,,
josé ferrer,1,1,1,,,
josé luis cuerda,1,1,1,,,
josé luis garci,1,1,1,,,
josée dayan,1,1,1,,,
jounralism,1,1,1,,,
journalist as paragon,1,1,1,,,
journalist as superhuman,1,1,1,,,
jovial tone,1,1,1,,,
joy,1,1,1,,,
joy batchelor,1,1,1,,,
joy of dancing,1,1,1,,,
joyce hyser,1,1,1,,,
joyeaux noel (2005),1,1,1,,,
joyless,1,1,1,,,
joyride,1,1,1,,,
joão jardim,1,1,1,,,
jp is great,1,1,1,,,
jr,1,1,1,,,
juame collet-serra,1,1,1,,,
juan antonio bardem,1,1,1,,,
juan bustillo oro,1,1,1,,,
juan carlos maneglia,1,1,1,,,
juan carlos tabio,1,1,1,,,
judgemental of other cultures,1,1,1,,,
judism,1,1,1,,,
judith anderson,1,1,1,,,
judith ehrlich,1,1,1,,,
judith evelyn,1,1,1,,,
judith helfand,1,1,1,,,
judy davis,1,1,1,,,
judy freudberg,1,1,1,,,
judy geeson,1,1,1,,,
judy irving,1,1,1,,,
judy kuhn,1,1,1,,,
jukka-pekka siili,1,1,1,,,
jules,1,1,1,,,
jules verne wannabe,1,1,1,,,
julia benson,1,1,1,,,
julia hummer,1,1,1,,,
julia jentsch,1,1,1,,,
julia jã¤ger,1,1,1,,,
julia loktev,1,1,1,,,
julia roberts is stupid ugly and can't act,1,1,1,,,
julian assange,1,1,1,,,
julian farino,1,1,1,,,
julian fellowes,1,1,1,,,
julian glover,1,1,1,,,
julian petrillo,1,1,1,,,
julian sands,1,1,1,,,
julianna margulies,1,1,1,,,
juliano ribeiro salgado,1,1,1,,,
julie bertucelli,1,1,1,,,
julie christie was marvellous,1,1,1,,,
julie follansbhee,1,1,1,,,
julie gavras,1,1,1,,,
julie gayet,1,1,1,,,
julie hagerty,1,1,1,,,
julie kavner,1,1,1,,,
julie newmar,1,1,1,,,
julie roberts,1,1,1,,,
juliet binoche,1,1,1,,,
juliette binoche and daniel auteuil also together in hidden (a.k.a. cache) (2005),1,1,1,,,
julio iglesias,1,1,1,,,
julio oscar mechoso,1,1,1,,,
julius caesar,1,1,1,,,
jump out of your seat,1,1,1,,,
jump scare,1,1,1,,,
jump scares,1,1,1,,,
jumpscare horror,1,1,1,,,
jun ichikawa,1,1,1,,,
jungla de cristal 4.0,1,1,1,,,
jungla de cristal 5.0,1,1,1,,,
jungle girl,1,1,1,,,
junior high school,1,1,1,,,
junk food,1,1,1,,,
junkie,1,1,1,,,
junkies,1,1,1,,,
junkyard,1,1,1,,,
juris podnieks,1,1,1,,,
juris poskus,1,1,1,,,
just a pleasure to see paul playing pool again.,1,1,1,,,
just another f***ing a-hole!,1,1,1,,,
just another war movie,1,1,1,,,
just bad,1,1,1,,,
just bad and not in a good way,1,1,1,,,
just beautiful,1,1,1,,,
just chairs moving about by themselves,1,1,1,,,
just continue destroying our planet - science will fix it somehow,1,1,1,,,
just enough story to connect the action scenes,1,1,1,,,
just for fun.,1,1,1,,,
just great,1,1,1,,,
"just great. now every1 knows ewan is ""hooded""",1,1,1,,,
just in timber cake must die!,1,1,1,,,
just like the book...,1,1,1,,,
just normal,1,1,1,,,
just plain bad,1,1,1,,,
just plain stupid,1,1,1,,,
just plain wrong,1,1,1,,,
just right,1,1,1,,,
just see it,1,1,1,,,
just stupid,1,1,1,,,
just terrible,1,1,1,,,
just totally awful. bad dialogue,1,1,1,,,
just watch the original,1,1,1,,,
just-plain-bad,1,1,1,,,
justin benson,1,1,1,,,
justin chatwin,1,1,1,,,
justin kerrigan,1,1,1,,,
justin kirk,1,1,1,,,
justin lazard,1,1,1,,,
justin martinez,1,1,1,,,
justin meeks,1,1,1,,,
justin simien,1,1,1,,,
justus von dohnanyi,1,1,1,,,
justyna suwala,1,1,1,,,
juvanile,1,1,1,,,
juvenile pranks,1,1,1,,,
ján kadár,1,1,1,,,
jános szász,1,1,1,,,
jã?â¼rgen prochnow,1,1,1,,,
jã¡ vi james stewart bem melhor,1,1,1,,,
jã¶rg schã¼ttauf,1,1,1,,,
jã¼rgen prochnow,1,1,1,,,
jérémy clapin,1,1,1,,,
jörg bundschuh,1,1,1,,,
jörg schüttauf,1,1,1,,,
jørgen leth,1,1,1,,,
k'sun ray,1,1,1,,,
k.s. adiyaman,1,1,1,,,
ka-fai wai,1,1,1,,,
kaaaaaaaaaaaaaaahn!!!!,1,1,1,,,
kabbalah,1,1,1,,,
kabir bedi,1,1,1,,,
kaboom cereal,1,1,1,,,
kabuki mask,1,1,1,,,
kad merad,1,1,1,,,
kadeem hardison,1,1,1,,,
kafka meets oedipus rex,1,1,1,,,
kai lehtinen,1,1,1,,,
kaiju eiga,1,1,1,,,
kajol,1,1,1,,,
kaki king,1,1,1,,,
kal david,1,1,1,,,
kaley cuoco,1,1,1,,,
kali martial art and romance,1,1,1,,,
kama sutra,1,1,1,,,
kamacuras,1,1,1,,,
kamal tabrizi,1,1,1,,,
kamala,1,1,1,,,
kambuzia partovi,1,1,1,,,
kamera,1,1,1,,,
kamikaze,1,1,1,,,
kamiya,1,1,1,,,
kamyar sheisi,1,1,1,,,
kan godt lide det med at den desperate stadig går rundt i jakkesæt. det er på en måde typisk fransk,1,1,1,,,
"kan godt lide ham der spiller hoved rollen. må generelt sige at skuespillet er meget mere nuanceret og fint end jeg huskede hitchcock. breakupet med hans kæreste, den stakkels kvinde, var faktisk ret rørerende",1,1,1,,,
kan ikke finde den,1,1,1,,,
kan ikke helt se hvad det gik ud pã¥,1,1,1,,,
kanae sumida,1,1,1,,,
kaneto shindã´,1,1,1,,,
kansas history,1,1,1,,,
kaori momoi,1,1,1,,,
kar wai wong,1,1,1,,,
karan johar,1,1,1,,,
karate kid,1,1,1,,,
karel kachyna,1,1,1,,,
karen finley ii,1,1,1,,,
karen harley,1,1,1,,,
karen mok,1,1,1,,,
karen moncrieff,1,1,1,,,
karen soeters,1,1,1,,,
karey kirkpatrick,1,1,1,,,
kari skogland,1,1,1,,,
karin viard,1,1,1,,,
karine vanasse,1,1,1,,,
karine viard,1,1,1,,,
karl maldin,1,1,1,,,
karl michael vogler,1,1,1,,,
karl rove,1,1,1,,,
karl urban needs to pick better projects,1,1,1,,,
karl urban needs to pick better projects & he needs 2 pick-up his sword,1,1,1,,,
karlheinz boehm,1,1,1,,,
karlheinz hackl,1,1,1,,,
karolina gruszka,1,1,1,,,
karoline herfurth,1,1,1,,,
karrin's favorite,1,1,1,,,
karyn parsons,1,1,1,,,
karzan kader,1,1,1,,,
kasey jones,1,1,1,,,
kass pretto.,1,1,1,,,
kate home,1,1,1,,,
kate hudson looking hot in dream scene,1,1,1,,,
kate isitt,1,1,1,,,
kate logan,1,1,1,,,
kate moss,1,1,1,,,
kate tsui,1,1,1,,,
katee sackhoff,1,1,1,,,
katey sagal,1,1,1,,,
katharine mcphee,1,1,1,,,
katherine cunningham-eves,1,1,1,,,
katherine fairfax wright,1,1,1,,,
katherine helmond,1,1,1,,,
kathleen hanna,1,1,1,,,
kathleen marshall,1,1,1,,,
kathleen quinlan,1,1,1,,,
kathleen robertson,1,1,1,,,
kathryn beaumont,1,1,1,,,
kathryn erbe,1,1,1,,,
kathy baker,1,1,1,,,
katie chang,1,1,1,,,
katie dellamaggiore,1,1,1,,,
katie galloway,1,1,1,,,
katie green,1,1,1,,,
katie holmes should retire,1,1,1,,,
katie leung,1,1,1,,,
katja riemann,1,1,1,,,
katrina,1,1,1,,,
katsuhiro ãƒâ€?tomo,1,1,1,,,
katsuhisa yamada,1,1,1,,,
katt williams,1,1,1,,,
katy chevigny,1,1,1,,,
katya bankowsky,1,1,1,,,
katzanzakis,1,1,1,,,
kaufman-esque,1,1,1,,,
kawaii,1,1,1,,,
kay kay menon,1,1,1,,,
kay panabaker,1,1,1,,,
kay pollak,1,1,1,,,
kayaking,1,1,1,,,
kayo hatta,1,1,1,,,
kazajistan,1,1,1,,,
kazakhstan,1,1,1,,,
kazuhisa takenôchi,1,1,1,,,
kazuo ishiguro,1,1,1,,,
kazuya nakayama,1,1,1,,,
keanu reeves is a homo,1,1,1,,,
keegan kuhn,1,1,1,,,
keenan wynn,1,1,1,,,
keep you up at night,1,1,1,,,
keeping up appearances,1,1,1,,,
keeps you guessing,1,1,1,,,
keeps you wondering,1,1,1,,,
keira is awesome and so is her man,1,1,1,,,
keira knightly,1,1,1,,,
keishi ohtomo,1,1,1,,,
keith allen,1,1,1,,,
keith fulton,1,1,1,,,
keith haring,1,1,1,,,
kelly duane,1,1,1,,,
kelly mcgillis,1,1,1,,,
kelly reilly,1,1,1,,,
kelly rowland,1,1,1,,,
ken,1,1,1,,,
ken bevel,1,1,1,,,
ken finkleman,1,1,1,,,
ken howard,1,1,1,,,
ken kirzinger,1,1,1,,,
ken marshall,1,1,1,,,
ken ogata,1,1,1,,,
ken page,1,1,1,,,
ken perlin,1,1,1,,,
ken sansom,1,1,1,,,
ken shapiro,1,1,1,,,
ken utsui,1,1,1,,,
kenan and kel,1,1,1,,,
kenji miyazawa,1,1,1,,,
kenji uchida,1,1,1,,,
kenneth a. carlson,1,1,1,,,
kenneth bowser,1,1,1,,,
kenneth choi,1,1,1,,,
kenneth johnson,1,1,1,,,
kenneth mitchell,1,1,1,,,
kenneth more,1,1,1,,,
kenneth thomas,1,1,1,,,
kenneth welsh,1,1,1,,,
kenny baker,1,1,1,,,
kenny bee,1,1,1,,,
kenshin,1,1,1,,,
kent alterman,1,1,1,,,
kept man/gigolo,1,1,1,,,
kermit the frog,1,1,1,,,
kerry bishã©,1,1,1,,,
kerry conran,1,1,1,,,
keser soze,1,1,1,,,
ketamine,1,1,1,,,
kevin bacon is a beast,1,1,1,,,
kevin cockner & asstin goocher guarding each others happy holes,1,1,1,,,
kevin connor,1,1,1,,,
kevin dowling,1,1,1,,,
kevin dunn,1,1,1,,,
kevin durand,1,1,1,,,
kevin fagner,1,1,1,,,
kevin janssens,1,1,1,,,
kevin o'connor,1,1,1,,,
kevin pederast,1,1,1,,,
kevin sorbo,1,1,1,,,
kevin spacey is soze,1,1,1,,,
kevin spacey was on a roll,1,1,1,,,
kevin tomlinson,1,1,1,,,
kevin tostado,1,1,1,,,
kevin vanhook,1,1,1,,,
key,1,1,1,,,
keyser sã¶ze,1,1,1,,,
keystone,1,1,1,,,
kgb,1,1,1,,,
khaaaaaaaaaaaaaaaaaaaaaaaaaaaaaaaaaaaaan,1,1,1,,,
khalid abdalla,1,1,1,,,
khan! (distant echo: khan!),1,1,1,,,
khulan chuluun,1,1,1,,,
khwaja ahmad abbas,1,1,1,,,
khyentse norbu,1,1,1,,,
ki-young kim,1,1,1,,,
kibbutz,1,1,1,,,
kick 'em like a girl!,1,1,1,,,
kick ass main character,1,1,1,,,
kickass fight scene,1,1,1,,,
kickass jackie chan film,1,1,1,,,
kicked into a huge fucking pit,1,1,1,,,
kicker,1,1,1,,,
kid dance scene,1,1,1,,,
kid on his own,1,1,1,,,
kid's movie,1,1,1,,,
kid's perspective,1,1,1,,,
kid's story,1,1,1,,,
kiddy,1,1,1,,,
kidlat tahimik,1,1,1,,,
kidnap,1,1,1,,,
kids cursing,1,1,1,,,
kids in the hall,1,1,1,,,
kids only,1,1,1,,,
kids these days,1,1,1,,,
kids with guns,1,1,1,,,
kief davidson,1,1,1,,,
kiernan shipka,1,1,1,,,
kierston wareing,1,1,1,,,
kieślowski,1,1,1,,,
kilian riedhof,1,1,1,,,
kiling,1,1,1,,,
kill it and it comes back anyway,1,1,1,,,
kill me,1,1,1,,,
killer animal,1,1,1,,,
killer crocodile,1,1,1,,,
killer fish,1,1,1,,,
killer pigs,1,1,1,,,
killer robots,1,1,1,,,
killer squirrel,1,1,1,,,
killer wind,1,1,1,,,
killer-as-protagonist(?),1,1,1,,,
killer/cop mind games,1,1,1,,,
killing an animal,1,1,1,,,
killing people,1,1,1,,,
killing the president,1,1,1,,,
killing time and others,1,1,1,,,
killing with kindness,1,1,1,,,
kilts,1,1,1,,,
kim bartley,1,1,1,,,
kim dickens,1,1,1,,,
kim friedman,1,1,1,,,
kim han-min,1,1,1,,,
kim hunter,1,1,1,,,
kim hyeong-joon,1,1,1,,,
kim mordaunt,1,1,1,,,
kim nguyen,1,1,1,,,
kim richards,1,1,1,,,
kimberly elise,1,1,1,,,
kimberly peirce,1,1,1,,,
kimmo koskela,1,1,1,,,
kind of slow,1,1,1,,,
kinderfilm,1,1,1,,,
kinetic,1,1,1,,,
king done right,1,1,1,,,
king henry; henry ii; england; royalty; pope;,1,1,1,,,
king lear,1,1,1,,,
king vidor had something to do with this film,1,1,1,,,
kingdom of heaven,1,1,1,,,
kino im film,1,1,1,,,
kinski got dubbed,1,1,1,,,
kip anderson,1,1,1,,,
kir bulychov,1,1,1,,,
kira miró,1,1,1,,,
kira solis,1,1,1,,,
kirby heyborne,1,1,1,,,
kirk baltz,1,1,1,,,
kirk de micco,1,1,1,,,
kirk jones,1,1,1,,,
kirk wise disney,1,1,1,,,
kirk wong,1,1,1,,,
kirsten dunst sex scene,1,1,1,,,
kirsten johnson,1,1,1,,,
kirsten prout,1,1,1,,,
kirsten sheridan,1,1,1,,,
kiss my anthea,1,1,1,,,
kissing,1,1,1,,,
kiszã¡mã­thatã³,1,1,1,,,
kitchen sink,1,1,1,,,
kiwi,1,1,1,,,
kizo nagashima,1,1,1,,,
kjell sundvall,1,1,1,,,
kjell-åke andersson,1,1,1,,,
klasky-csupo,1,1,1,,,
kleber mendonça filho,1,1,1,,,
klimt,1,1,1,,,
klling of a friend,1,1,1,,,
knee in groin,1,1,1,,,
knife crime,1,1,1,,,
knights of ni,1,1,1,,,
knocked up in highschool,1,1,1,,,
knowledge of end at beginning,1,1,1,,,
knuckle puck time,1,1,1,,,
knut hamsun,1,1,1,,,
ko ah-sung,1,1,1,,,
kobe bryant,1,1,1,,,
kobernick,1,1,1,,,
kobo abe,1,1,1,,,
kohtuu hyvã¤ :d,1,1,1,,,
kohtuullisen tylsã¤ks meni,1,1,1,,,
koji yakusho,1,1,1,,,
koji yamamura,1,1,1,,,
koki mitani,1,1,1,,,
komediodramat,1,1,1,,,
"konflikten mellem religion og videnskab kan godt tangere trivialitet nogen gange, men det er ikke så slemt i filmens helhed",1,1,1,,,
kong looks pretty real,1,1,1,,,
kongfu,1,1,1,,,
konrad wolf,1,1,1,,,
konstantin khabensky,1,1,1,,,
konstantin yershov,1,1,1,,,
koran,1,1,1,,,
korkoro,1,1,1,,,
kornél mundruczó,1,1,1,,,
kosovo,1,1,1,,,
kostym,1,1,1,,,
krakow,1,1,1,,,
kresten vestbjerg andersen,1,1,1,,,
kreuzberg,1,1,1,,,
krill,1,1,1,,,
kris elgstrand,1,1,1,,,
kris isacsson,1,1,1,,,
kris pearn,1,1,1,,,
kris swanberg,1,1,1,,,
kristallnacht,1,1,1,,,
kristian manchester,1,1,1,,,
kristin chenoweth,1,1,1,,,
kristin davis,1,1,1,,,
kristin kreuk,1,1,1,,,
kristina borjesson,1,1,1,,,
kristina lindström,1,1,1,,,
kristina wayborn,1,1,1,,,
krisztina deák,1,1,1,,,
krsto papic,1,1,1,,,
krystyn lambert,1,1,1,,,
krzysztof skiba,1,1,1,,,
kuala lumpur,1,1,1,,,
kubrick-like,1,1,1,,,
kuitenkin maailma ja hahmot mielenkiintoisia.,1,1,1,,,
kumiho,1,1,1,,,
kumma,1,1,1,,,
kummeli,1,1,1,,,
kundan shah,1,1,1,,,
kung fu fighting,1,1,1,,,
kungfu,1,1,1,,,
kunihiko ikuhara,1,1,1,,,
kunihiko yuyama,1,1,1,,,
kuningas,1,1,1,,,
kunio katô,1,1,1,,,
kunio watanabe,1,1,1,,,
kurt kuenne,1,1,1,,,
kurt miller,1,1,1,,,
kurt neumann,1,1,1,,,
kurt russell < rda,1,1,1,,,
kurt voss,1,1,1,,,
kurtwood smith,1,1,1,,,
kuwait war,1,1,1,,,
kwang-shik kim,1,1,1,,,
kyle balda,1,1,1,,,
kyle chandler,1,1,1,,,
kyle newman,1,1,1,,,
kyle richards,1,1,1,,,
kylie minogue,1,1,1,,,
kylie travis,1,1,1,,,
kynaston reeves,1,1,1,,,
kyoka suzuki,1,1,1,,,
"kyotess aren't evil and black cows aren't ""black"". boooo",1,1,1,,,
kyu-dong min,1,1,1,,,
kyungmin woo,1,1,1,,,
kyuss,1,1,1,,,
károly makk,1,1,1,,,
kátia lund,1,1,1,,,
kã¡tia lund (co-director),1,1,1,,,
kô nakahira,1,1,1,,,
kôhei oguri,1,1,1,,,
l,1,1,1,,,
l'appartement,1,1,1,,,
l'auberge espagnole part 2,1,1,1,,,
l'effrontee,1,1,1,,,
l'ombra del dubbio,1,1,1,,,
l'ultimo squalo,1,1,1,,,
l.m. montgomery,1,1,1,,,
la cosa nostra,1,1,1,,,
la fiamma del peccato,1,1,1,,,
la mancha,1,1,1,,,
la vie en rose,1,1,1,,,
la-puta,1,1,1,,,
laberinto,1,1,1,,,
labour class,1,1,1,,,
lacan,1,1,1,,,
lack of depth,1,1,1,,,
lack of frag grenades,1,1,1,,,
lack of guns,1,1,1,,,
lack of investment,1,1,1,,,
lack of requisites,1,1,1,,,
lack of subtlety,1,1,1,,,
lack of tron,1,1,1,,,
lacked substance,1,1,1,,,
lacking emotion,1,1,1,,,
lacking female perspective,1,1,1,,,
lacking necessary subtlety,1,1,1,,,
lacking something,1,1,1,,,
lacking tension,1,1,1,,,
lacklustre,1,1,1,,,
lacks edge,1,1,1,,,
lacks story,1,1,1,,,
ladies man,1,1,1,,,
ladri di biciclette,1,1,1,,,
lady and the tramp,1,1,1,,,
laestadianism,1,1,1,,,
laetitia casta,1,1,1,,,
laetitia colombani,1,1,1,,,
laetitia masson,1,1,1,,,
laid back,1,1,1,,,
laid back guy,1,1,1,,,
lake forest,1,1,1,,,
lake powell az,1,1,1,,,
lake superior,1,1,1,,,
lakota,1,1,1,,,
lambert wilson,1,1,1,,,
lamberto bava,1,1,1,,,
lambros konstantaras,1,1,1,,,
lame acting,1,1,1,,,
lame death,1,1,1,,,
lame everything,1,1,1,,,
lame fight scenes,1,1,1,,,
lame gags,1,1,1,,,
lame kamamaha wave,1,1,1,,,
lame kills,1,1,1,,,
lame name,1,1,1,,,
lame plot twists,1,1,1,,,
lame twist,1,1,1,,,
lame villain,1,1,1,,,
lame war scenes,1,1,1,,,
lame!,1,1,1,,,
lamer,1,1,1,,,
lamont johnson,1,1,1,,,
lamp,1,1,1,,,
lana del rey,1,1,1,,,
lana wilson,1,1,1,,,
lance hammer,1,1,1,,,
land,1,1,1,,,
land development,1,1,1,,,
land mine,1,1,1,,,
lands end,1,1,1,,,
lane smith,1,1,1,,,
language experiment,1,1,1,,,
laos,1,1,1,,,
lappland,1,1,1,,,
laptop computer,1,1,1,,,
large,1,1,1,,,
large amount of film contributed nothing to the story,1,1,1,,,
large blue man-arse,1,1,1,,,
large cast but characters are distinct,1,1,1,,,
larisa oleynik,1,1,1,,,
larp,1,1,1,,,
larry bagby,1,1,1,,,
larry cohen,1,1,1,,,
larry elikann,1,1,1,,,
larry flynt,1,1,1,,,
larry hagman,1,1,1,,,
larry roemer,1,1,1,,,
larry wachowski,1,1,1,,,
laserdisc,1,1,1,,,
lasse spang olsen,1,1,1,,,
lasse ã…berg,1,1,1,,,
lasse åberg,1,1,1,,,
last 20 minutes have bad special effects,1,1,1,,,
last act of the movie,1,1,1,,,
last minute re-write,1,1,1,,,
last performance,1,1,1,,,
last resort,1,1,1,,,
last scene,1,1,1,,,
last symphony,1,1,1,,,
last tango in buenos aires,1,1,1,,,
last will,1,1,1,,,
laszlo benedek,1,1,1,,,
laszlo krasznahorkai,1,1,1,,,
lataappa,1,1,1,,,
latch key kids,1,1,1,,,
latest,1,1,1,,,
latin,1,1,1,,,
latin films,1,1,1,,,
latin rhytms,1,1,1,,,
latios,1,1,1,,,
latvian animators,1,1,1,,,
laughably bad in places,1,1,1,,,
laughed so hard i wet my pants,1,1,1,,,
laughter,1,1,1,,,
laundromat,1,1,1,,,
laura chiatti,1,1,1,,,
laura drasbã¦k,1,1,1,,,
laura harring,1,1,1,,,
laura israel,1,1,1,,,
laura neiva,1,1,1,,,
laura san giacomo,1,1,1,,,
laurel canyon,1,1,1,,,
laurel&hardy,1,1,1,,,
lauren c. mayhew,1,1,1,,,
lauren greenfield,1,1,1,,,
lauren hutton,1,1,1,,,
lauren lazin,1,1,1,,,
lauren macmullan,1,1,1,,,
lauren montogomery,1,1,1,,,
lauren tom,1,1,1,,,
laurence malkin,1,1,1,,,
laurence sterne,1,1,1,,,
laurent bouzereau,1,1,1,,,
laurent firode,1,1,1,,,
laurent lafitte,1,1,1,,,
laurent stocker,1,1,1,,,
laurent tirard,1,1,1,,,
laurent witz,1,1,1,,,
laurentine ten bosch,1,1,1,,,
laurie holden,1,1,1,,,
laurie mitchell,1,1,1,,,
lav diaz,1,1,1,,,
lava,1,1,1,,,
law company,1,1,1,,,
law court,1,1,1,,,
lawlessness,1,1,1,,,
lawn bowls,1,1,1,,,
lawrence grant,1,1,1,,,
lawrence guterman,1,1,1,,,
lawrence jordan,1,1,1,,,
lawrence o'neil,1,1,1,,,
lawrence olivier,1,1,1,,,
lawrence shapiro,1,1,1,,,
lawyer as protagonist?,1,1,1,,,
lays it on thick,1,1,1,,,
lazer,1,1,1,,,
lazy ending,1,1,1,,,
lazy story,1,1,1,,,
ldschoolcool,1,1,1,,,
le carre's best film,1,1,1,,,
le corbusier,1,1,1,,,
le plus beau des films,1,1,1,,,
le plus grand des films,1,1,1,,,
lea salonga,1,1,1,,,
leading female in venice,1,1,1,,,
leading men,1,1,1,,,
leandra leal,1,1,1,,,
leanne rowe ii,1,1,1,,,
learning,1,1,1,,,
learning from student,1,1,1,,,
learning to accept yourself,1,1,1,,,
leatherface,1,1,1,,,
leaves you smiling,1,1,1,,,
lebanon,1,1,1,,,
lech majewski,1,1,1,,,
lecter remarries & kills his insulting wife & butts heds with hotshot d.a.,1,1,1,,,
lecture style,1,1,1,,,
led zepellin,1,1,1,,,
lee david zlotoff,1,1,1,,,
lee evans,1,1,1,,,
lee hwan-kyung,1,1,1,,,
lee kresel,1,1,1,,,
lee richardson,1,1,1,,,
lee sholem,1,1,1,,,
leeds,1,1,1,,,
leehom wang,1,1,1,,,
left-wing writers,1,1,1,,,
legal defense,1,1,1,,,
legal drama,1,1,1,,,
legless person,1,1,1,,,
legnica,1,1,1,,,
lego(tm),1,1,1,,,
leia,1,1,1,,,
leisha hailey,1,1,1,,,
leitmotiv,1,1,1,,,
lemon,1,1,1,,,
lena dunham,1,1,1,,,
leni tanzer,1,1,1,,,
lenny kravitz daughter,1,1,1,,,
lenny mclean,1,1,1,,,
lenovo,1,1,1,,,
lens flare,1,1,1,,,
lense flare,1,1,1,,,
lent (religion),1,1,1,,,
lenta i criticada,1,1,1,,,
leo c. popkin,1,1,1,,,
leo g. carroll,1,1,1,,,
leo mckern,1,1,1,,,
leon ames,1,1,1,,,
leonard dicaprio's acting,1,1,1,,,
leonard kastle,1,1,1,,,
leonard retel helmrich,1,1,1,,,
leonard schrader,1,1,1,,,
leonardo de caprio,1,1,1,,,
leonardo di caprio,1,1,1,,,
leonardo di caprio; con man,1,1,1,,,
leonardo nam,1,1,1,,,
leone,1,1,1,,,
leonid bykov,1,1,1,,,
leonid gaidai,1,1,1,,,
leonid trauberg,1,1,1,,,
leopard,1,1,1,,,
leopoldine konstantin,1,1,1,,,
leprosy,1,1,1,,,
les nuls,1,1,1,,,
les plantes es converteixen en l'enemic per protegirse,1,1,1,,,
lesbian relationship,1,1,1,,,
lesbian subplot,1,1,1,,,
lesbien,1,1,1,,,
lesley manville,1,1,1,,,
leslie bibb,1,1,1,,,
leslie easterbrook,1,1,1,,,
leslie harter zemeckis,1,1,1,,,
leslie iwerks,1,1,1,,,
leslie woodhead,1,1,1,,,
leslie-ann brandt,1,1,1,,,
leslye headland,1,1,1,,,
less artistic than it thinks,1,1,1,,,
less fx,1,1,1,,,
less fx and more storyline please,1,1,1,,,
less subtle,1,1,1,,,
lesson on acting for all,1,1,1,,,
lestat,1,1,1,,,
lester bangs,1,1,1,,,
leszek burzynski,1,1,1,,,
leszek mozdzer,1,1,1,,,
let me out,1,1,1,,,
lethal,1,1,1,,,
lets forget about the moose,1,1,1,,,
lev anderson,1,1,1,,,
lev kuleshov,1,1,1,,,
levent semerci,1,1,1,,,
levi peretic,1,1,1,,,
levitating/flying/ascending/possible abduction,1,1,1,,,
levitation,1,1,1,,,
lew landers,1,1,1,,,
lewd larceny,1,1,1,,,
lewis guns,1,1,1,,,
lewis john carlino,1,1,1,,,
lewis seiler,1,1,1,,,
lexi alexander,1,1,1,,,
leyland van helsing,1,1,1,,,
lgbt stereotypes,1,1,1,,,
li gong,1,1,1,,,
liam cunningham,1,1,1,,,
liam hemsworth,1,1,1,,,
liam lynch,1,1,1,,,
liam neesan,1,1,1,,,
liam nesson,1,1,1,,,
liane balaban,1,1,1,,,
liberal idiots,1,1,1,,,
liberal viewpoint,1,1,1,,,
liberal vs. uptight conservative,1,1,1,,,
libertarians,1,1,1,,,
liberty rights,1,1,1,,,
library (scene),1,1,1,,,
lichen,1,1,1,,,
lie,1,1,1,,,
life affirming,1,1,1,,,
life after death,1,1,1,,,
life crisis,1,1,1,,,
life death choice,1,1,1,,,
life imitating art,1,1,1,,,
life in arts,1,1,1,,,
life in space,1,1,1,,,
life in the arts,1,1,1,,,
life lessons learned..through humor.,1,1,1,,,
life of noted author,1,1,1,,,
life positive,1,1,1,,,
life through death,1,1,1,,,
life-long relationship,1,1,1,,,
lifebuoy,1,1,1,,,
lifeguard,1,1,1,,,
lifestyle,1,1,1,,,
lifetime movie,1,1,1,,,
lift,1,1,1,,,
lifting the veil,1,1,1,,,
ligeti,1,1,1,,,
light and fluffy,1,1,1,,,
light bulb,1,1,1,,,
light flares,1,1,1,,,
light mood,1,1,1,,,
light saber,1,1,1,,,
light sabers,1,1,1,,,
light weight script,1,1,1,,,
lightly-sketched,1,1,1,,,
lightsaber duel,1,1,1,,,
lijo jose pellissery,1,1,1,,,
likable,1,1,1,,,
like a comic book,1,1,1,,,
like a poem,1,1,1,,,
like a tv show,1,1,1,,,
like an udssr film but good,1,1,1,,,
like crack,1,1,1,,,
like long music video,1,1,1,,,
like lotr,1,1,1,,,
like lynch's films but with an ending,1,1,1,,,
like michael crichton sez help stop gene patenting! or sooner than later you won't even own your cells!,1,1,1,,,
like the graduate only not,1,1,1,,,
likeable lead,1,1,1,,,
likeable main caracter,1,1,1,,,
likeable villains,1,1,1,,,
liked the other two better,1,1,1,,,
likeness to real life,1,1,1,,,
lilian franck,1,1,1,,,
liliana cavani,1,1,1,,,
lille 3 en halle.,1,1,1,,,
lille 4. den slasker lidt ud i slutningen,1,1,1,,,
lille fille,1,1,1,,,
lille fille.,1,1,1,,,
lillete dubey,1,1,1,,,
lillian hellman,1,1,1,,,
limbo,1,1,1,,,
limited,1,1,1,,,
limited in scope,1,1,1,,,
lincoln,1,1,1,,,
lincoln ruchti,1,1,1,,,
linda blair,1,1,1,,,
linda bloodworth-thomason,1,1,1,,,
linda cardellini,1,1,1,,,
linda darnell,1,1,1,,,
linda hunt,1,1,1,,,
linda larkin,1,1,1,,,
linda lee,1,1,1,,,
linda manz,1,1,1,,,
linda miller,1,1,1,,,
lindsay barrymore,1,1,1,,,
lindsay crouse,1,1,1,,,
lindsay sloane,1,1,1,,,
lindy hop,1,1,1,,,
linguistics,1,1,1,,,
linklater films,1,1,1,,,
linkoping,1,1,1,,,
linsey lohan,1,1,1,,,
lionel coleman,1,1,1,,,
lionel jeffries,1,1,1,,,
lionel stander,1,1,1,,,
lip synchronized,1,1,1,,,
lisa,1,1,1,,,
lisa ann walter,1,1,1,,,
lisa barros d'sa,1,1,1,,,
lisa blount,1,1,1,,,
lisa bonet,1,1,1,,,
lisa eilbacher,1,1,1,,,
lisa gerrard,1,1,1,,,
lisa immordino vreeland,1,1,1,,,
lisa krueger,1,1,1,,,
lisa leeman,1,1,1,,,
lisa marie,1,1,1,,,
lisa r. cohen,1,1,1,,,
lisa ryder,1,1,1,,,
lisa waltz,1,1,1,,,
lisandro alonso,1,1,1,,,
lisanne pajot,1,1,1,,,
lisbeen,1,1,1,,,
lithium,1,1,1,,,
lithuania,1,1,1,,,
litigation,1,1,1,,,
litterature adaptation,1,1,1,,,
little actual knowledge of music,1,1,1,,,
little background,1,1,1,,,
little britain,1,1,1,,,
little brother,1,1,1,,,
little character development,1,1,1,,,
little girl horror,1,1,1,,,
little john,1,1,1,,,
little league,1,1,1,,,
little people,1,1,1,,,
little plot development,1,1,1,,,
little rascals,1,1,1,,,
little slow,1,1,1,,,
little walter,1,1,1,,,
liv tyler's mouth,1,1,1,,,
live action,1,1,1,,,
live action cartoon,1,1,1,,,
live action role-playing games,1,1,1,,,
live sounds,1,1,1,,,
live truck,1,1,1,,,
livin,1,1,1,,,
living a lie,1,1,1,,,
living body parts,1,1,1,,,
living in the past and the future,1,1,1,,,
living puppets,1,1,1,,,
living with aids,1,1,1,,,
living with parents,1,1,1,,,
lixin fan,1,1,1,,,
liz,1,1,1,,,
liz marshall,1,1,1,,,
liz phair,1,1,1,,,
lizabeth scott,1,1,1,,,
lizzy borden,1,1,1,,,
llife choices,1,1,1,,,
lluis homar,1,1,1,,,
lluã­s homar,1,1,1,,,
lmao,1,1,1,,,
loarre,1,1,1,,,
lobby massacre scene,1,1,1,,,
lobbyist,1,1,1,,,
lobo,1,1,1,,,
location:macinac island,1,1,1,,,
locked-in,1,1,1,,,
lodge kerrigan,1,1,1,,,
logical flaws,1,1,1,,,
lois smith,1,1,1,,,
lold,1,1,1,,,
londo,1,1,1,,,
lone mercenary,1,1,1,,,
lone wolf,1,1,1,,,
long act 2,1,1,1,,,
long but fun,1,1,1,,,
long length,1,1,1,,,
long nose,1,1,1,,,
long satisfying scenes,1,1,1,,,
long setup,1,1,1,,,
long take,1,1,1,,,
long time no see,1,1,1,,,
long-distance relationship,1,1,1,,,
long-winded,1,1,1,,,
longest tag ever,1,1,1,,,
look,1,1,1,,,
look alike,1,1,1,,,
look at me i'm being all edgy,1,1,1,,,
look'it the moon!,1,1,1,,,
looking for himself,1,1,1,,,
looking forward about it,1,1,1,,,
looks fake,1,1,1,,,
looks interesting -- atmosphere,1,1,1,,,
looks like megan fox,1,1,1,,,
looks like texas,1,1,1,,,
looks made for tv,1,1,1,,,
loooooooooooooong,1,1,1,,,
loosely adapted,1,1,1,,,
loosely based on a historical event,1,1,1,,,
loosely based on the novel,1,1,1,,,
looser,1,1,1,,,
looses alot of momentum in 2nd half,1,1,1,,,
lope de vega,1,1,1,,,
lord dunsany,1,1,1,,,
lord jim,1,1,1,,,
lordi,1,1,1,,,
loren dean,1,1,1,,,
lorene scafaria,1,1,1,,,
lorenzo garzella,1,1,1,,,
loretta alper,1,1,1,,,
loretta devine,1,1,1,,,
loretta lynn,1,1,1,,,
loretta young,1,1,1,,,
lori heuring,1,1,1,,,
lori singer,1,1,1,,,
lorraine bayly,1,1,1,,,
lorraine levy,1,1,1,,,
los anges,1,1,1,,,
loses steam,1,1,1,,,
loses the girl,1,1,1,,,
losing,1,1,1,,,
losing a hat,1,1,1,,,
losing loved ones,1,1,1,,,
losing your mind,1,1,1,,,
loss of daughter,1,1,1,,,
loss of eye,1,1,1,,,
loss of loved one,1,1,1,,,
lost boys,1,1,1,,,
lost in time,1,1,1,,,
lost love,1,1,1,,,
lost nature opportunity,1,1,1,,,
lost sight of original intention,1,1,1,,,
lot of laugh,1,1,1,,,
lothario,1,1,1,,,
lots of fighting,1,1,1,,,
lots of heart,1,1,1,,,
lots of memories,1,1,1,,,
lots of rats,1,1,1,,,
lots of swearing :d,1,1,1,,,
lots of toplessness,1,1,1,,,
lou barlow,1,1,1,,,
lou ferigno,1,1,1,,,
lou gossett jr.,1,1,1,,,
lou taylor pucci,1,1,1,,,
loud as shit,1,1,1,,,
loud eccentric character,1,1,1,,,
louie psihoyos,1,1,1,,,
louis calhern,1,1,1,,,
louis de funã¨s,1,1,1,,,
louis j. gasnier,1,1,1,,,
louis king,1,1,1,,,
louis mandylor,1,1,1,,,
louis milestone,1,1,1,,,
louis pepe,1,1,1,,,
louis prima,1,1,1,,,
louis r. loeffler,1,1,1,,,
louis xiv,1,1,1,,,
louise archambault,1,1,1,,,
louise osmond,1,1,1,,,
louise palanker,1,1,1,,,
lour gehrig's disease,1,1,1,,,
lousy acting,1,1,1,,,
lousy camerawork/cinematography,1,1,1,,,
lousy narration script,1,1,1,,,
lousy sex scenes,1,1,1,,,
lousy soundtrack score,1,1,1,,,
lovable loser,1,1,1,,,
love at first sight,1,1,1,,,
love is not enough,1,1,1,,,
love it or hate it,1,1,1,,,
love krum,1,1,1,,,
love letter to rock,1,1,1,,,
love overcomes all,1,1,1,,,
love parade,1,1,1,,,
love potion,1,1,1,,,
love the bush cameos,1,1,1,,,
love triangle not threesome,1,1,1,,,
love vs sex,1,1,1,,,
love wins,1,1,1,,,
love-hate relationship,1,1,1,,,
loved the mouse wake-up,1,1,1,,,
loved tom hanks,1,1,1,,,
lovely film,1,1,1,,,
lovestory,1,1,1,,,
loving kindness,1,1,1,,,
low audience iq,1,1,1,,,
low blow,1,1,1,,,
low budget horror,1,1,1,,,
low lights,1,1,1,,,
low paced,1,1,1,,,
low speed,1,1,1,,,
low-fi concert footage,1,1,1,,,
lower upper class,1,1,1,,,
lsd,1,1,1,,,
lt dan,1,1,1,,,
luc picard,1,1,1,,,
luci della citta',1,1,1,,,
lucia moniz,1,1,1,,,
lucian pintilie,1,1,1,,,
lucidity,1,1,1,,,
lucile hadzihalilovic,1,1,1,,,
lucky mckee,1,1,1,,,
lucy bailey,1,1,1,,,
lucy davis,1,1,1,,,
lucy gutteridge,1,1,1,,,
lucy lawless,1,1,1,,,
lucy mulloy,1,1,1,,,
ludditism,1,1,1,,,
ludo (board game),1,1,1,,,
ludwig berger,1,1,1,,,
ludwig stossel,1,1,1,,,
ludwig van beethoven,1,1,1,,,
luigi bazzoni,1,1,1,,,
luigi falorni,1,1,1,,,
luis garcía berlanga,1,1,1,,,
luis guzman,1,1,1,,,
luis guzmã¡n,1,1,1,,,
luis luque,1,1,1,,,
luis puenzo,1,1,1,,,
luis tosar,1,1,1,,,
luis trenker,1,1,1,,,
luis valdez,1,1,1,,,
luiz fernando carvalho,1,1,1,,,
lukas gregorowicz,1,1,1,,,
luke edwards,1,1,1,,,
luke ford,1,1,1,,,
luke meyer,1,1,1,,,
luke perry,1,1,1,,,
luke triton,1,1,1,,,
lukewarm,1,1,1,,,
lulcille bremer,1,1,1,,,
lulu,1,1,1,,,
lumberyard,1,1,1,,,
lunatics,1,1,1,,,
lung cancer,1,1,1,,,
lusia strus,1,1,1,,,
lust turns into love,1,1,1,,,
lustig,1,1,1,,,
luv ranjan,1,1,1,,,
lycans,1,1,1,,,
lyndall hobbs,1,1,1,,,
lynn fox,1,1,1,,,
lynn hung,1,1,1,,,
lynn novick,1,1,1,,,
lynn shores,1,1,1,,,
lynne littman,1,1,1,,,
lyricist,1,1,1,,,
lysette anthony,1,1,1,,,
lã¡zaro ramos,1,1,1,,,
lã©onide massine,1,1,1,,,
léa pool,1,1,1,,,
m,1,1,1,,,
m.night,1,1,1,,,
m.s. sathyu,1,1,1,,,
mabrouk el mechri,1,1,1,,,
mac guy,1,1,1,,,
mac startup sound,1,1,1,,,
macau,1,1,1,,,
macauly culkin,1,1,1,,,
macedonia,1,1,1,,,
machine gun joe,1,1,1,,,
machining,1,1,1,,,
maciej stuhr,1,1,1,,,
maciek szczerbowski,1,1,1,,,
macintosh,1,1,1,,,
mack sennett,1,1,1,,,
mackenzie crook,1,1,1,,,
mackintosh muggleton,1,1,1,,,
maclachlan,1,1,1,,,
maclain way,1,1,1,,,
macross like,1,1,1,,,
mad hatter,1,1,1,,,
mad science,1,1,1,,,
madagascar,1,1,1,,,
madc,1,1,1,,,
made an impression,1,1,1,,,
made for $150.000 aussie dolars,1,1,1,,,
made for television feel,1,1,1,,,
made it less creepily abusive than the book,1,1,1,,,
made look better than it is,1,1,1,,,
made me feel like i'm not doing nothing - and then the film's over (so quick),1,1,1,,,
made me jump,1,1,1,,,
made my childhood,1,1,1,,,
made plane flight longer,1,1,1,,,
made-to-order cult movie,1,1,1,,,
made-up language,1,1,1,,,
madeline carroll,1,1,1,,,
madhouse,1,1,1,,,
madhur mittal,1,1,1,,,
madison pettis,1,1,1,,,
madly in love,1,1,1,,,
madmax,1,1,1,,,
madredeus,1,1,1,,,
mads matthiesen,1,1,1,,,
madsen,1,1,1,,,
mae whitman,1,1,1,,,
maeve dermody,1,1,1,,,
maeve quinlan,1,1,1,,,
maffia,1,1,1,,,
mafia vendetta,1,1,1,,,
magazine,1,1,1,,,
maggie first real word!!! she say it after all titles!!,1,1,1,,,
maggie greenwald,1,1,1,,,
maggots,1,1,1,,,
magic thinking,1,1,1,,,
magical hair,1,1,1,,,
magical horse,1,1,1,,,
magier,1,1,1,,,
magne,1,1,1,,,
magnetism,1,1,1,,,
magnicide,1,1,1,,,
magnificent performances,1,1,1,,,
magnifilm,1,1,1,,,
mahesh manjrekar,1,1,1,,,
mahiro maeda,1,1,1,,,
maia morgenstern,1,1,1,,,
maid marrion,1,1,1,,,
maiming,1,1,1,,,
main character dislikeable,1,1,1,,,
main character doesn't masturbate,1,1,1,,,
main character is a total shit,1,1,1,,,
main character:woman,1,1,1,,,
mainstream.,1,1,1,,,
mairzee almas,1,1,1,,,
maja milos,1,1,1,,,
maja ostaszewska,1,1,1,,,
major reshooting,1,1,1,,,
major scientific flaw,1,1,1,,,
maka kotto,1,1,1,,,
make love to it,1,1,1,,,
make over,1,1,1,,,
make people act like lunatics,1,1,1,,,
make up,1,1,1,,,
make up your own mind. see it,1,1,1,,,
make-up,1,1,1,,,
makeover,1,1,1,,,
maker of akira,1,1,1,,,
makes christians look like boobs,1,1,1,,,
makes fun of disabled people,1,1,1,,,
makes sense,1,1,1,,,
makes you jump,1,1,1,,,
makes you really scared,1,1,1,,,
makes you think about the light and heavy,1,1,1,,,
makes you throw-up,1,1,1,,,
makiko esumi,1,1,1,,,
making a difference,1,1,1,,,
making out,1,1,1,,,
mako,1,1,1,,,
malandragem,1,1,1,,,
malaria,1,1,1,,,
malaysia,1,1,1,,,
malcolm d. lee,1,1,1,,,
malcolm ingram,1,1,1,,,
malcolm mcdonald,1,1,1,,,
malcolm mowbray,1,1,1,,,
malcom x,1,1,1,,,
male bondage,1,1,1,,,
male front nudity,1,1,1,,,
male frontal nudity,1,1,1,,,
male perspective,1,1,1,,,
male underwear,1,1,1,,,
malena,1,1,1,,,
malevolence,1,1,1,,,
malgorzata szumowska,1,1,1,,,
mali,1,1,1,,,
malibu,1,1,1,,,
malicious,1,1,1,,,
malick bowens,1,1,1,,,
malik,1,1,1,,,
malik bendjelloul,1,1,1,,,
malika zouhali-worrall,1,1,1,,,
malin bjã¸rhovde,1,1,1,,,
malkovich,1,1,1,,,
mallorca,1,1,1,,,
malmö,1,1,1,,,
malnutrition,1,1,1,,,
malos tratos,1,1,1,,,
malta,1,1,1,,,
malthusianism,1,1,1,,,
malware,1,1,1,,,
mama,1,1,1,,,
mami sunada,1,1,1,,,
man against nature,1,1,1,,,
man eating lions,1,1,1,,,
man facing southeast rip-off,1,1,1,,,
man has legs horribly broken,1,1,1,,,
man inside suitcase,1,1,1,,,
man justice,1,1,1,,,
man lost family,1,1,1,,,
man må virkelig sige det er en atypisk rohmer-film. narrativet er for one thing ikke af romantisk karakter. æstetisk minder den måske om nogle af de første kortfilm i de moralske fortællinger.,1,1,1,,,
man of constant sorrow,1,1,1,,,
man of mystery,1,1,1,,,
man power,1,1,1,,,
man with no name,1,1,1,,,
man-dog friendship,1,1,1,,,
man-to-man friendship,1,1,1,,,
man..... sandals,1,1,1,,,
mana ashida,1,1,1,,,
mandala,1,1,1,,,
mandarin twist,1,1,1,,,
mandrake,1,1,1,,,
mandy stein,1,1,1,,,
manga adaptation,1,1,1,,,
manhatten,1,1,1,,,
mani haghighi,1,1,1,,,
manic,1,1,1,,,
manicheaist,1,1,1,,,
manifold storyline,1,1,1,,,
manish acharya,1,1,1,,,
mannerisms,1,1,1,,,
manny coto,1,1,1,,,
manny rodriguez,1,1,1,,,
manuel von stürler,1,1,1,,,
manufacturing,1,1,1,,,
many uncorrelated plots,1,1,1,,,
maori wars,1,1,1,,,
maputo,1,1,1,,,
maquinas,1,1,1,,,
mara hobel,1,1,1,,,
mara wilson,1,1,1,,,
marathi,1,1,1,,,
marc connelly,1,1,1,,,
marc daniels,1,1,1,,,
marc evans,1,1,1,,,
marc francis,1,1,1,,,
marc maron,1,1,1,,,
marc munden,1,1,1,,,
marc rocco,1,1,1,,,
marc rothemund,1,1,1,,,
marc warren,1,1,1,,,
marcel camus,1,1,1,,,
marcel iures,1,1,1,,,
marcel ophüls,1,1,1,,,
marcel rasquin,1,1,1,,,
marcell jankovics,1,1,1,,,
marcello fondato,1,1,1,,,
marcello macchia,1,1,1,,,
"marcello mastroianni,",1,1,1,,,
marcellus shale,1,1,1,,,
marcelo piã±eyro,1,1,1,,,
marcelo piñeyro,1,1,1,,,
march hair,1,1,1,,,
marcin dorocinski,1,1,1,,,
marco berger,1,1,1,,,
marco martins,1,1,1,,,
marco tullio giordana,1,1,1,,,
marcos carnevale,1,1,1,,,
marcos jorge,1,1,1,,,
marcos siega,1,1,1,,,
marcus carl franklin,1,1,1,,,
marcus dunstan,1,1,1,,,
marcus h. rosenmüller,1,1,1,,,
marcus raboy,1,1,1,,,
mare winningham,1,1,1,,,
marek kanievska,1,1,1,,,
marek koterski,1,1,1,,,
marg helgenberger,1,1,1,,,
margaret brown,1,1,1,,,
margaret whitton,1,1,1,,,
margarete schon,1,1,1,,,
margarita isabel,1,1,1,,,
marguerite abouet,1,1,1,,,
maria callas,1,1,1,,,
maria conchita alonso,1,1,1,,,
maria flor,1,1,1,,,
maria p. petruolo,1,1,1,,,
maria schrader,1,1,1,,,
maria valverde,1,1,1,,,
mariana chenillo,1,1,1,,,
marianne faithfull,1,1,1,,,
marianne sã¤gebrecht,1,1,1,,,
maribel verdu,1,1,1,,,
marie dubois,1,1,1,,,
marie pérennou,1,1,1,,,
marie zielcke,1,1,1,,,
mariel hemingway,1,1,1,,,
marielle heller,1,1,1,,,
marilu henner,1,1,1,,,
marilyn agrelo,1,1,1,,,
marilyn manson,1,1,1,,,
marina zenovich,1,1,1,,,
marine,1,1,1,,,
mario muñoz,1,1,1,,,
mario van peebles gets eaten,1,1,1,,,
marion byron,1,1,1,,,
marion cajori,1,1,1,,,
marion ramsey,1,1,1,,,
marisa miller wolfson,1,1,1,,,
marisa tomei nudity (again),1,1,1,,,
marisa tormei,1,1,1,,,
marissa character underdeveloped,1,1,1,,,
marital duties,1,1,1,,,
marital love,1,1,1,,,
marital problems,1,1,1,,,
marital stress,1,1,1,,,
maritime travel,1,1,1,,,
marius a. markevicius,1,1,1,,,
marius goring,1,1,1,,,
marjorie reynolds,1,1,1,,,
mark a. walsh,1,1,1,,,
mark a.z. dippé,1,1,1,,,
mark addy,1,1,1,,,
mark brady,1,1,1,,,
mark buffalo,1,1,1,,,
mark critch,1,1,1,,,
mark dindal,1,1,1,,,
mark disalle,1,1,1,,,
mark fergus,1,1,1,,,
mark goldblatt,1,1,1,,,
mark hammill,1,1,1,,,
mark hammond,1,1,1,,,
mark henderson,1,1,1,,,
mark illsley,1,1,1,,,
mark joffe,1,1,1,,,
mark jones,1,1,1,,,
mark kassen,1,1,1,,,
mark kitchell,1,1,1,,,
mark landsman,1,1,1,,,
mark lester,1,1,1,,,
mark levinson,1,1,1,,,
mark linfield,1,1,1,,,
mark malone,1,1,1,,,
mark margolis,1,1,1,,,
mark mendonca,1,1,1,,,
mark moskowitz,1,1,1,,,
mark mylod,1,1,1,,,
mark n. hopkins,1,1,1,,,
mark palansky,1,1,1,,,
mark piznarski,1,1,1,,,
mark rappaport,1,1,1,,,
mark raso,1,1,1,,,
mark rosman,1,1,1,,,
mark verkerk,1,1,1,,,
mark vicente,1,1,1,,,
mark walberg,1,1,1,,,
mark walton,1,1,1,,,
mark webber,1,1,1,,,
mark zuckerberg,1,1,1,,,
market economy,1,1,1,,,
markie post,1,1,1,,,
markus goller,1,1,1,,,
markus imhoof,1,1,1,,,
markus knã¼fken,1,1,1,,,
markus schleinzer,1,1,1,,,
marla singer,1,1,1,,,
marlboro man,1,1,1,,,
marly horse,1,1,1,,,
marriage counseling,1,1,1,,,
mars callahan,1,1,1,,,
marseilles,1,1,1,,,
marshall brickman,1,1,1,,,
marshall cook,1,1,1,,,
marshall hershkovitz,1,1,1,,,
marta cunningham,1,1,1,,,
marta etura,1,1,1,,,
marten persiel,1,1,1,,,
martha holmes,1,1,1,,,
martha macisaac,1,1,1,,,
martha shane,1,1,1,,,
martial arts training,1,1,1,,,
martin balsam,1,1,1,,,
martin compston,1,1,1,,,
martin cruz smith,1,1,1,,,
martin gero,1,1,1,,,
martin hynes,1,1,1,,,
martin luther king,1,1,1,,,
martin luther king jr.,1,1,1,,,
martin provost,1,1,1,,,
martin rodriguez,1,1,1,,,
martin weisz,1,1,1,,,
martine carol,1,1,1,,,
martine mccutcheon,1,1,1,,,
marton csokas,1,1,1,,,
marty belafsky,1,1,1,,,
martyn green,1,1,1,,,
marxist,1,1,1,,,
mary,1,1,1,,,
mary boland,1,1,1,,,
mary gibbs,1,1,1,,,
mary pickford,1,1,1,,,
marzieh makhmalbaf,1,1,1,,,
maría ripoll,1,1,1,,,
masaaki yuasa,1,1,1,,,
masahiro hosoda,1,1,1,,,
masaki dômoto,1,1,1,,,
masanori hata,1,1,1,,,
masayuki kojima,1,1,1,,,
masculine,1,1,1,,,
maserati,1,1,1,,,
mass hysteria,1,1,1,,,
mass scenes,1,1,1,,,
massacre of civilians,1,1,1,,,
massimo dallamano,1,1,1,,,
master criminals,1,1,1,,,
master of disguise,1,1,1,,,
master villain,1,1,1,,,
masterful,1,1,1,,,
masterplan,1,1,1,,,
match point has the characters make the decisions but this has the director make the decisions).,1,1,1,,,
matchmakers,1,1,1,,,
matej minac,1,1,1,,,
mateo gil,1,1,1,,,
maternity,1,1,1,,,
mathematician,1,1,1,,,
mathematicians,1,1,1,,,
mathew broderick,1,1,1,,,
mathew mcconaughey,1,1,1,,,
mathias malzieu,1,1,1,,,
mathieu amalric,1,1,1,,,
mathieu roy,1,1,1,,,
matias myren,1,1,1,,,
matress,1,1,1,,,
matriculated,1,1,1,,,
matrilinial,1,1,1,,,
matrin lawrecne,1,1,1,,,
matrix influence,1,1,1,,,
matrix-inspired action,1,1,1,,,
matrx copy,1,1,1,,,
matt 'overrated' damon,1,1,1,,,
matt bettinelli-olpin,1,1,1,,,
matt dallas,1,1,1,,,
matt damon;,1,1,1,,,
matt harlock,1,1,1,,,
matt johnson,1,1,1,,,
matt mahurin,1,1,1,,,
matt mochary,1,1,1,,,
matt muir,1,1,1,,,
matt o'casey,1,1,1,,,
matt piedmont,1,1,1,,,
matt schulze,1,1,1,,,
matt walsh,1,1,1,,,
matt weston,1,1,1,,,
matthew akers,1,1,1,,,
matthew barney,1,1,1,,,
matthew bright,1,1,1,,,
matthew cooke,1,1,1,,,
matthew diamond,1,1,1,,,
matthew fox,1,1,1,,,
matthew o'neill,1,1,1,,,
matthew porterfield,1,1,1,,,
matthew rhys,1,1,1,,,
matthew robbins,1,1,1,,,
matthew robinson,1,1,1,,,
matthew ryan hoge,1,1,1,,,
matthew warchus,1,1,1,,,
matthew whiteman,1,1,1,,,
matthieu delaporte,1,1,1,,,
matthieu lietaert,1,1,1,,,
mature theme,1,1,1,,,
mature women will like,1,1,1,,,
matías piñeiro,1,1,1,,,
maud nycander,1,1,1,,,
maude's braids,1,1,1,,,
maureen lipman,1,1,1,,,
maureen o'sullivan,1,1,1,,,
mauri kunnas,1,1,1,,,
maurice chevallier,1,1,1,,,
maurice hunt,1,1,1,,,
maurice noble,1,1,1,,,
mauro bolognini,1,1,1,,,
max brand,1,1,1,,,
max casella,1,1,1,,,
max cavalera,1,1,1,,,
max ernst,1,1,1,,,
max fã¤rberbã¶ck,1,1,1,,,
max färberböck,1,1,1,,,
max minghella,1,1,1,,,
max records,1,1,1,,,
max reinhardt,1,1,1,,,
max riemelt,1,1,1,,,
max von sydow - good photography,1,1,1,,,
maxim gaudette,1,1,1,,,
maxim gorky,1,1,1,,,
maxim pozdorovkin,1,1,1,,,
maxine trump,1,1,1,,,
may 1968,1,1,1,,,
may cause brain tumors,1,1,1,,,
may need to see again,1,1,1,,,
may whitty,1,1,1,,,
maya angelou,1,1,1,,,
maya language,1,1,1,,,
maybe true survival tale,1,1,1,,,
mayhem,1,1,1,,,
mayhem band,1,1,1,,,
maynard holmes,1,1,1,,,
maziar bahari,1,1,1,,,
maïwenn le besco,1,1,1,,,
mc donnald's product,1,1,1,,,
mcarthyism,1,1,1,,,
mccarthy hearings,1,1,1,,,
mcdonald's,1,1,1,,,
mcnabb 3-d,1,1,1,,,
meagan good,1,1,1,,,
mean corn,1,1,1,,,
meaning,1,1,1,,,
meaning lost in adaptation,1,1,1,,,
meaning of family,1,1,1,,,
meaningless title,1,1,1,,,
meaningless violence,1,1,1,,,
meaninglessness,1,1,1,,,
mear cats,1,1,1,,,
mechanic,1,1,1,,,
medallion,1,1,1,,,
mediacentralism,1,1,1,,,
medic chick,1,1,1,,,
medical problems,1,1,1,,,
medical study,1,1,1,,,
medicien,1,1,1,,,
medieval tale,1,1,1,,,
medieval times,1,1,1,,,
mediocre hollywood agenda movie,1,1,1,,,
meditation about war,1,1,1,,,
medium to low predictability level,1,1,1,,,
medschool,1,1,1,,,
meek,1,1,1,,,
meesa,1,1,1,,,
meeting again and again,1,1,1,,,
meeting god,1,1,1,,,
meg fake orgasm,1,1,1,,,
meg ryans tits,1,1,1,,,
meg white,1,1,1,,,
megadeth,1,1,1,,,
megalon,1,1,1,,,
megan burns,1,1,1,,,
megan ward,1,1,1,,,
meget fin lille fortã¦lling. har i ã¸vrigt den prã¦cis samme struktur som le collectioneuse,1,1,1,,,
meget lille tre en halve,1,1,1,,,
megumi ogata,1,1,1,,,
mehdi ben attia,1,1,1,,,
meiko kaji,1,1,1,,,
meirelles no esterior,1,1,1,,,
mel brooks at his worst,1,1,1,,,
mel eating dog food,1,1,1,,,
mel gibson down grade,1,1,1,,,
mel smith,1,1,1,,,
melancholic girl,1,1,1,,,
melancholie,1,1,1,,,
melee,1,1,1,,,
melissa joan hart,1,1,1,,,
melissa sagemiller,1,1,1,,,
melissa whitmire,1,1,1,,,
melodic soundtrack,1,1,1,,,
melodrama over true drama,1,1,1,,,
melora hardin,1,1,1,,,
melville,1,1,1,,,
melvin pervo didn't commit suicide he just offed hiself 'cleaning' his barrel,1,1,1,,,
memorable animation,1,1,1,,,
memoria,1,1,1,,,
memory erased,1,1,1,,,
memory guy,1,1,1,,,
memory implants,1,1,1,,,
memory remains,1,1,1,,,
memory/amnesia,1,1,1,,,
men > women,1,1,1,,,
men alligevel ender med at vã¦re et vildt fedt portrã¦t,1,1,1,,,
men det var som om det ã¦bede lidt ud til sidst,1,1,1,,,
men dropper stã¸rre potentiale mod slutningen,1,1,1,,,
men endte med at slã¥ de sã¦dvanlige gode krã¸ller som trã¦kker en ind i spã¦ndede drama. dog ikke sã¥ medrivende som mange af de andre,1,1,1,,,
men in uniforms,1,1,1,,,
men shown as monsters,1,1,1,,,
men's friendships,1,1,1,,,
men-women conflict,1,1,1,,,
meng hua ho,1,1,1,,,
mengele-types getting killed,1,1,1,,,
mennan yapo,1,1,1,,,
menswear - outstanding,1,1,1,,,
mental asylum,1,1,1,,,
mental disorder,1,1,1,,,
mental illnesses vs. sanity,1,1,1,,,
mentally impared character,1,1,1,,,
mentiras,1,1,1,,,
mentiroso,1,1,1,,,
mentorship,1,1,1,,,
merab ninidze,1,1,1,,,
mercedes morã¡n,1,1,1,,,
mercedes s-class,1,1,1,,,
mercenary,1,1,1,,,
mercenary as protagonist,1,1,1,,,
merchandising,1,1,1,,,
merchants of death,1,1,1,,,
mercy,1,1,1,,,
merde!,1,1,1,,,
merengue,1,1,1,,,
merger,1,1,1,,,
merle oberon,1,1,1,,,
merritt nelson,1,1,1,,,
mesmerising,1,1,1,,,
message of book mostly lost,1,1,1,,,
messed up,1,1,1,,,
messed up character,1,1,1,,,
messed up in a good way,1,1,1,,,
messy idealism,1,1,1,,,
messy script,1,1,1,,,
meta society,1,1,1,,,
meta-commentary,1,1,1,,,
metal disability,1,1,1,,,
metal soudtrack,1,1,1,,,
metallica one video,1,1,1,,,
metaphisics,1,1,1,,,
metaphores,1,1,1,,,
metaphoric,1,1,1,,,
metaphorically underrated,1,1,1,,,
metin erksan,1,1,1,,,
metronome,1,1,1,,,
metropolis,1,1,1,,,
metrosexual,1,1,1,,,
metrovision tri-dee,1,1,1,,,
mexian wrestler,1,1,1,,,
mexians,1,1,1,,,
mexican immigrant,1,1,1,,,
mi mejor enemigo (2005),1,1,1,,,
mi6,1,1,1,,,
mia,1,1,1,,,
miagi,1,1,1,,,
mic rodgers,1,1,1,,,
micahel fassbender,1,1,1,,,
michael  j. fox,1,1,1,,,
michael angarano,1,1,1,,,
michael arias,1,1,1,,,
michael bay action,1,1,1,,,
michael bay free,1,1,1,,,
michael bolton,1,1,1,,,
michael boydstun,1,1,1,,,
michael byrne,1,1,1,,,
michael carman,1,1,1,,,
michael caton,1,1,1,,,
michael cera is hot,1,1,1,,,
michael chabon,1,1,1,,,
michael chang,1,1,1,,,
michael dinner,1,1,1,,,
michael douglas & kathleen turner & danny devito,1,1,1,,,
michael drumm,1,1,1,,,
michael dudikof,1,1,1,,,
michael ealy,1,1,1,,,
michael earl davis,1,1,1,,,
michael fassbinder,1,1,1,,,
michael french,1,1,1,,,
michael fuith,1,1,1,,,
michael galinsky,1,1,1,,,
michael goorjian,1,1,1,,,
michael gramaglia,1,1,1,,,
michael greenspan,1,1,1,,,
michael grossman,1,1,1,,,
michael gunton,1,1,1,,,
michael haigney,1,1,1,,,
michael haley,1,1,1,,,
michael henry wilson,1,1,1,,,
michael hui,1,1,1,,,
michael j. bassett,1,1,1,,,
michael j. nelson,1,1,1,,,
michael j. reynolds,1,1,1,,,
michael j. sheridan,1,1,1,,,
michael jeter is great in this movie,1,1,1,,,
michael kang,1,1,1,,,
michael karbelnikoff,1,1,1,,,
michael katleman,1,1,1,,,
michael kitchen,1,1,1,,,
michael lerner,1,1,1,,,
michael lindsay-hogg,1,1,1,,,
michael mccullers,1,1,1,,,
michael miller,1,1,1,,,
michael morrissey,1,1,1,,,
michael noer,1,1,1,,,
michael nouri,1,1,1,,,
michael o. sajbel,1,1,1,,,
michael parks,1,1,1,,,
michael patrick carter,1,1,1,,,
michael pollan,1,1,1,,,
michael powell and emeric pressburger,1,1,1,,,
michael ray rhodes,1,1,1,,,
michael rennie,1,1,1,,,
michael reynolds,1,1,1,,,
michael roemer,1,1,1,,,
michael roskam,1,1,1,,,
michael schwartz,1,1,1,,,
michael schwarz,1,1,1,,,
michael shoob,1,1,1,,,
michael smiley,1,1,1,,,
michael spierig,1,1,1,,,
michael stephenson,1,1,1,,,
michael stillwater,1,1,1,,,
michael strong,1,1,1,,,
michael tollin,1,1,1,,,
michael traeger,1,1,1,,,
michael webber,1,1,1,,,
michael youn,1,1,1,,,
michael zimbalist,1,1,1,,,
michalis koutsogiannakis,1,1,1,,,
michaël r. roskam,1,1,1,,,
micheal bay,1,1,1,,,
michel audiard,1,1,1,,,
michel aumont,1,1,1,,,
michel blanc,1,1,1,,,
michel comte,1,1,1,,,
michel filippi,1,1,1,,,
michel leclerc,1,1,1,,,
michel negroponte,1,1,1,,,
michel ocelot,1,1,1,,,
michelangelo frammartino,1,1,1,,,
michele placido,1,1,1,,,
michell rodriguez,1,1,1,,,
michelle caputo,1,1,1,,,
michelle ferre,1,1,1,,,
michelle forbes,1,1,1,,,
michelle lee,1,1,1,,,
michelle ryan,1,1,1,,,
michigan; hunting; deer; woods; southern comedy;,1,1,1,,,
michio akiyama,1,1,1,,,
michiyo ookusu,1,1,1,,,
mick foley,1,1,1,,,
mick garris,1,1,1,,,
mickey 'the stretch' rourke,1,1,1,,,
microcosm,1,1,1,,,
mid-life love,1,1,1,,,
middle aged,1,1,1,,,
middle america,1,1,1,,,
middle class,1,1,1,,,
middle east conflict,1,1,1,,,
middle segment,1,1,1,,,
middlebrow,1,1,1,,,
midfuck,1,1,1,,,
midnight movie,1,1,1,,,
midsummer,1,1,1,,,
midwest,1,1,1,,,
midwife,1,1,1,,,
mifan!,1,1,1,,,
might dislike,1,1,1,,,
might not like,1,1,1,,,
migraine headache,1,1,1,,,
migrants,1,1,1,,,
miguel cohan,1,1,1,,,
miguel de cervantes,1,1,1,,,
miguel gomes,1,1,1,,,
miguel gonçalves mendes,1,1,1,,,
mihalis kakogiannis,1,1,1,,,
mika hotakainen,1,1,1,,,
mika kaurismã¤ki,1,1,1,,,
mika nakashima,1,1,1,,,
mikael marcimain,1,1,1,,,
mikael persbrandt,1,1,1,,,
mike birbiglia,1,1,1,,,
mike bonanno,1,1,1,,,
mike colter,1,1,1,,,
mike disa,1,1,1,,,
mike ditka,1,1,1,,,
mike epps,1,1,1,,,
mike fleiss,1,1,1,,,
mike gabriel,1,1,1,,,
mike johnson,1,1,1,,,
mike lerner,1,1,1,,,
mike o'malley,1,1,1,,,
mike piscitelli,1,1,1,,,
mike starr,1,1,1,,,
mike super recs,1,1,1,,,
mike tyson,1,1,1,,,
mike van diem,1,1,1,,,
mike white,1,1,1,,,
mikhail kozakov,1,1,1,,,
mikhail romm,1,1,1,,,
mikkel munch-fals,1,1,1,,,
mila turajlic,1,1,1,,,
milcho manchevski,1,1,1,,,
mildred natwick,1,1,1,,,
miles davis,1,1,1,,,
milf,1,1,1,,,
miliki,1,1,1,,,
militarism,1,1,1,,,
military base,1,1,1,,,
military combat,1,1,1,,,
military coup,1,1,1,,,
military experiments,1,1,1,,,
military hero,1,1,1,,,
military regime,1,1,1,,,
military training,1,1,1,,,
military-industrial complex,1,1,1,,,
militsiya,1,1,1,,,
milk,1,1,1,,,
milkman,1,1,1,,,
milkshake,1,1,1,,,
millard mitchell,1,1,1,,,
millenium falcon,1,1,1,,,
millie perkins,1,1,1,,,
millionare,1,1,1,,,
millions,1,1,1,,,
millions of dollars in drugs or one hot girlfriend...you choose,1,1,1,,,
milton berle,1,1,1,,,
mimi kozakura,1,1,1,,,
mimicry,1,1,1,,,
mimis fotopoulos,1,1,1,,,
mina shum,1,1,1,,,
mind power,1,1,1,,,
mind twister,1,1,1,,,
mind-blowing,1,1,1,,,
mind-melting,1,1,1,,,
mind-numbing,1,1,1,,,
mindless vampires,1,1,1,,,
minecraft,1,1,1,,,
minery,1,1,1,,,
ming dynasty,1,1,1,,,
mini  series (not movie),1,1,1,,,
mini cooper,1,1,1,,,
minimal budget,1,1,1,,,
minimal music,1,1,1,,,
minimal plot development,1,1,1,,,
miniserie,1,1,1,,,
minister father,1,1,1,,,
minnesota accents,1,1,1,,,
minnsota,1,1,1,,,
minoru kawasaki,1,1,1,,,
minstrel show,1,1,1,,,
minus the short story with elijah woods...that was just odd....,1,1,1,,,
minutes to live,1,1,1,,,
miraculous events,1,1,1,,,
miramax,1,1,1,,,
miraz bezar,1,1,1,,,
mircea albulescu,1,1,1,,,
mircea veroiu,1,1,1,,,
mirei oguchi,1,1,1,,,
miriam yeung chin wah,1,1,1,,,
miriama smith,1,1,1,,,
miroslav slaboshpitsky,1,1,1,,,
mis en scene,1,1,1,,,
mis-rated,1,1,1,,,
misadventures,1,1,1,,,
misbehavior,1,1,1,,,
miscast,1,1,1,,,
mischa auer,1,1,1,,,
mischief,1,1,1,,,
mise-en-scene,1,1,1,,,
miser,1,1,1,,,
misfit,1,1,1,,,
mishap,1,1,1,,,
misinformation: disability,1,1,1,,,
misinterpretation,1,1,1,,,
misleading synopsis,1,1,1,,,
misogynist,1,1,1,,,
misogyny disguised as empowerment,1,1,1,,,
misotheistic,1,1,1,,,
misrepresentation,1,1,1,,,
misrepresented on dvd,1,1,1,,,
misses the point,1,1,1,,,
missing child,1,1,1,,,
missing daughter,1,1,1,,,
missing in action,1,1,1,,,
missing some of the charm of the show,1,1,1,,,
missionary; christian; inspiring,1,1,1,,,
missle launher,1,1,1,,,
missplaced actor,1,1,1,,,
mistakes,1,1,1,,,
misunderstood character,1,1,1,,,
misunderstood comedy,1,1,1,,,
misuse of characters,1,1,1,,,
mit anna!,1,1,1,,,
mitch pileggi,1,1,1,,,
mitchell lichtenstein,1,1,1,,,
mitchell whitfield,1,1,1,,,
mitsuo yanagimachi,1,1,1,,,
mivk jagger 'look/soundalike',1,1,1,,,
miwako ichikawa,1,1,1,,,
mix of action and romance,1,1,1,,,
mixed genre,1,1,1,,,
mixed marriage,1,1,1,,,
mixed martial arts,1,1,1,,,
mixed messages,1,1,1,,,
mixed race family,1,1,1,,,
mixed up,1,1,1,,,
mixed-message,1,1,1,,,
miyuki kuwano,1,1,1,,,
mlk,1,1,1,,,
mlp,1,1,1,,,
moaning myrtle,1,1,1,,,
mob rule,1,1,1,,,
mob spoof,1,1,1,,,
mocking it's own genre,1,1,1,,,
mocks black stereotypes,1,1,1,,,
mocku horror,1,1,1,,,
mockumentry,1,1,1,,,
mod,1,1,1,,,
model train,1,1,1,,,
moderate violence,1,1,1,,,
modern acting in classic story,1,1,1,,,
modern architecture,1,1,1,,,
modern christianity,1,1,1,,,
modern culture,1,1,1,,,
modern dance,1,1,1,,,
modern fairytale,1,1,1,,,
modern girls,1,1,1,,,
modern living,1,1,1,,,
modern male friendship,1,1,1,,,
modern slavery,1,1,1,,,
modern technology,1,1,1,,,
modern warefare,1,1,1,,,
modern western classics,1,1,1,,,
modernisation,1,1,1,,,
modernity,1,1,1,,,
modest,1,1,1,,,
mods and rockers,1,1,1,,,
mohamed al daradji,1,1,1,,,
mohamed amin benamraoui,1,1,1,,,
mohawk,1,1,1,,,
mohit suri,1,1,1,,,
moira,1,1,1,,,
moira armstrong,1,1,1,,,
moira kelly,1,1,1,,,
moira redmond,1,1,1,,,
moisés kaufman,1,1,1,,,
mojtaba mirtahmasb,1,1,1,,,
mole rats,1,1,1,,,
moliã©re,1,1,1,,,
molly bernstein,1,1,1,,,
molly milton,1,1,1,,,
molt_infantil,1,1,1,,,
molt_lenta,1,1,1,,,
mom dies right off the bat!,1,1,1,,,
"moment of silence for that corporation prick who said ""we're part of the problem and solution"" and got fired",1,1,1,,,
moms,1,1,1,,,
monetary policy,1,1,1,,,
money laundering,1,1,1,,,
moneypenny,1,1,1,,,
mongo brownlee,1,1,1,,,
mongolia,1,1,1,,,
mongoloid,1,1,1,,,
monica bârladeanu,1,1,1,,,
monika lewinsky,1,1,1,,,
monk,1,1,1,,,
monk's gate,1,1,1,,,
monkeys flying around on kites,1,1,1,,,
monsoon,1,1,1,,,
monster child,1,1,1,,,
monster design,1,1,1,,,
monster design poor,1,1,1,,,
monster make-up,1,1,1,,,
monster:furniture,1,1,1,,,
monster:giant mole,1,1,1,,,
monster:invisible,1,1,1,,,
monster:tree,1,1,1,,,
monsterous,1,1,1,,,
monsters hunter,1,1,1,,,
monta bell,1,1,1,,,
monte,1,1,1,,,
monte carlo,1,1,1,,,
monterrey,1,1,1,,,
montgomery cliff,1,1,1,,,
montgomery clift,1,1,1,,,
monthy python,1,1,1,,,
moochers,1,1,1,,,
moody's eye unbelievable,1,1,1,,,
moomins,1,1,1,,,
moon river,1,1,1,,,
moores,1,1,1,,,
moors,1,1,1,,,
mora stephens,1,1,1,,,
moral blindness,1,1,1,,,
moral choice,1,1,1,,,
morality play,1,1,1,,,
morally ambiguous,1,1,1,,,
morally simplistic,1,1,1,,,
morbid,1,1,1,,,
mordern day robin hood,1,1,1,,,
more back-story needed,1,1,1,,,
more boring than purgatory,1,1,1,,,
more intresting for american audiences,1,1,1,,,
more like a werewolf,1,1,1,,,
more like plothunters or why did i watch this?,1,1,1,,,
"more queasy than ""funny""",1,1,1,,,
more storyline,1,1,1,,,
more style than substance,1,1,1,,,
more than 300 ratings,1,1,1,,,
more than expected,1,1,1,,,
mores,1,1,1,,,
morgaine,1,1,1,,,
morgan freeman slumming,1,1,1,,,
morgan neville,1,1,1,,,
morgan paull,1,1,1,,,
mormon propaganda,1,1,1,,,
mormons,1,1,1,,,
morpheus,1,1,1,,,
morris birdyellowhead,1,1,1,,,
morris chestnut,1,1,1,,,
morrow,1,1,1,,,
mort ransen,1,1,1,,,
mosaic,1,1,1,,,
mosque,1,1,1,,,
mosquito,1,1,1,,,
most annoying sound?,1,1,1,,,
most brilliant screenplay ever!! might as well add...best movie ever!,1,1,1,,,
mostly martha will always be the best. aron eckhart? ninja pleaze!,1,1,1,,,
mostly nonsense,1,1,1,,,
moth,1,1,1,,,
mother and daughter,1,1,1,,,
mother love,1,1,1,,,
mother nature,1,1,1,,,
mother russia,1,1,1,,,
mother-daughter,1,1,1,,,
mothership,1,1,1,,,
motifs,1,1,1,,,
motivational,1,1,1,,,
moto sakakibara (co-director),1,1,1,,,
motorbike,1,1,1,,,
motorbike helmets,1,1,1,,,
motorbike race,1,1,1,,,
motorboat,1,1,1,,,
motorhome,1,1,1,,,
mountain music,1,1,1,,,
move it football head,1,1,1,,,
movie,1,1,1,,,
movie about smug,1,1,1,,,
movie based on a theme park ride,1,1,1,,,
movie bore no resemblance to book,1,1,1,,,
movie for the stupid masses,1,1,1,,,
movie hell,1,1,1,,,
movie industry,1,1,1,,,
movie innovator,1,1,1,,,
movie is very good. i like the combination of history and modern times. also,1,1,1,,,
movie lens mis-recommendation (1.5),1,1,1,,,
movie mets projections: browncoats will fall in love,1,1,1,,,
movie of its time,1,1,1,,,
movie poster,1,1,1,,,
movie set,1,1,1,,,
movie that you forget easily,1,1,1,,,
movie to sees,1,1,1,,,
movie version is about judas,1,1,1,,,
movieid=128991,1,1,1,,,
movies 6,1,1,1,,,
movies about love,1,1,1,,,
movies i've watched,1,1,1,,,
movies to watch,1,1,1,,,
moving  inspire,1,1,1,,,
moving classical music,1,1,1,,,
mozambique,1,1,1,,,
mozart's music,1,1,1,,,
mr.bean,1,1,1,,,
mrs. jones distracted me the whole movie,1,1,1,,,
ms,1,1,1,,,
mts,1,1,1,,,
mtstery,1,1,1,,,
mtv aesthetic,1,1,1,,,
mtv influence,1,1,1,,,
mtv pop style,1,1,1,,,
mu,1,1,1,,,
mu fei,1,1,1,,,
much better than i thought!,1,1,1,,,
"much better than the 2012 ""the avengers""",1,1,1,,,
much better than the sequel.,1,1,1,,,
much like gilliam's brasil,1,1,1,,,
much overrated,1,1,1,,,
muddled message,1,1,1,,,
muddled motivations,1,1,1,,,
muddled plot,1,1,1,,,
muddy waters,1,1,1,,,
muder,1,1,1,,,
muezzin,1,1,1,,,
muffie meyer,1,1,1,,,
mugging,1,1,1,,,
muhammed ali,1,1,1,,,
muitas cores! mistã©rio,1,1,1,,,
muito drama,1,1,1,,,
mulas,1,1,1,,,
mulhouse,1,1,1,,,
mullet,1,1,1,,,
mullets everywhere,1,1,1,,,
multi language,1,1,1,,,
multi-dimensional characters,1,1,1,,,
multi-generational,1,1,1,,,
multi-generational respect,1,1,1,,,
multiethnic,1,1,1,,,
multiphobic,1,1,1,,,
multiple camera/crowd shoot,1,1,1,,,
multiple characters,1,1,1,,,
multiple dissociative personality disorder,1,1,1,,,
multiple parts,1,1,1,,,
multiple povs,1,1,1,,,
multiple storyline,1,1,1,,,
multiple villains,1,1,1,,,
multiracial children,1,1,1,,,
multiracial family,1,1,1,,,
mumbly,1,1,1,,,
munchausen syndrome,1,1,1,,,
mundane,1,1,1,,,
munehisa sakai,1,1,1,,,
municipal administration,1,1,1,,,
murakami,1,1,1,,,
murder investigation,1,1,1,,,
murder trial,1,1,1,,,
murders,1,1,1,,,
muscial,1,1,1,,,
muscial band,1,1,1,,,
muscial:rock and roll (1960s),1,1,1,,,
muscles from brussels,1,1,1,,,
mushie,1,1,1,,,
mushrooms,1,1,1,,,
music & acting pull you in; fine contrast between june born to show biz vs cash new & somewhat battered by it.,1,1,1,,,
music by plaid,1,1,1,,,
music by tangerine dream,1,1,1,,,
music by vangelis,1,1,1,,,
music history,1,1,1,,,
music is only good in context,1,1,1,,,
music store scene,1,1,1,,,
music sucks,1,1,1,,,
music teacher,1,1,1,,,
music video,1,1,1,,,
music video was better,1,1,1,,,
music:bluegrass,1,1,1,,,
music:cole porter,1,1,1,,,
music:gospel,1,1,1,,,
music:metal,1,1,1,,,
music:soul,1,1,1,,,
musica,1,1,1,,,
musical band:david bowie,1,1,1,,,
musical cues,1,1,1,,,
musical score drives me crazy!,1,1,1,,,
musical score:maurice jarre,1,1,1,,,
musical/book better,1,1,1,,,
musicologist,1,1,1,,,
musicology,1,1,1,,,
musikal,1,1,1,,,
must be bilingual to watch,1,1,1,,,
must be seen more than once,1,1,1,,,
must like musicals,1,1,1,,,
must must,1,1,1,,,
must see all in order,1,1,1,,,
must see more than once,1,1,1,,,
must watch,1,1,1,,,
must watch tv show first,1,1,1,,,
must watch/own!,1,1,1,,,
mustangs,1,1,1,,,
mutant enemy,1,1,1,,,
mute secretive child,1,1,1,,,
muted,1,1,1,,,
mutual assured destruction,1,1,1,,,
mutually assured destruction,1,1,1,,,
muyahidin,1,1,1,,,
my 1st ever,1,1,1,,,
my all-time favorite,1,1,1,,,
my child let me show you how firm my faith is,1,1,1,,,
my favorite movie,1,1,1,,,
my favorite movie of all time,1,1,1,,,
my favorite reviewers disliked this film: that's when i started to trust them less,1,1,1,,,
my favourite character,1,1,1,,,
my favourite kids movie,1,1,1,,,
my history,1,1,1,,,
myan,1,1,1,,,
myanmar,1,1,1,,,
myanna buring,1,1,1,,,
myball,1,1,1,,,
myeh,1,1,1,,,
mykelti williamson,1,1,1,,,
myron meisel,1,1,1,,,
mysterious benefactor,1,1,1,,,
mysterious dissapearance,1,1,1,,,
mysterious ending,1,1,1,,,
mysterious organization,1,1,1,,,
mystery killer,1,1,1,,,
mystic&violence,1,1,1,,,
mystical,1,1,1,,,
mythical,1,1,1,,,
mã©nage ã  trois,1,1,1,,,
mã´vielens bug?,1,1,1,,,
mãƒâ©lanie laurent,1,1,1,,,
mãƒâƒã‚â©lanie laurent,1,1,1,,,
måns mårlind,1,1,1,,,
mötley crüe,1,1,1,,,
na,1,1,1,,,
na cd,1,1,1,,,
nabokov,1,1,1,,,
nacional,1,1,1,,,
nadav schirman,1,1,1,,,
nadezhda kosheverova,1,1,1,,,
nadia tass,1,1,1,,,
nadsat,1,1,1,,,
nagato,1,1,1,,,
nagging wife,1,1,1,,,
nagraj manjule,1,1,1,,,
nai-hoi yau,1,1,1,,,
nair,1,1,1,,,
nairobi,1,1,1,,,
naive look at war; half-baked script,1,1,1,,,
naja,1,1,1,,,
naked men,1,1,1,,,
nakedness,1,1,1,,,
nalin pan,1,1,1,,,
naming bond movies during the end credits,1,1,1,,,
nan yu,1,1,1,,,
nana dzhordzhadze,1,1,1,,,
nana ekvtimishvili,1,1,1,,,
nanar,1,1,1,,,
nancy allen,1,1,1,,,
nancy buirski,1,1,1,,,
nancy kyes,1,1,1,,,
nancy marchand,1,1,1,,,
nancy meckler,1,1,1,,,
nancy olson,1,1,1,,,
nanites,1,1,1,,,
napa valley,1,1,1,,,
napolean,1,1,1,,,
napoleon,1,1,1,,,
napoleon dynamite female version,1,1,1,,,
narcs,1,1,1,,,
narf,1,1,1,,,
narration of the 1945 version written and spoken by chaplin himself,1,1,1,,,
narrative,1,1,1,,,
narrative device,1,1,1,,,
narrative pisstake,1,1,1,,,
narrator: shaun parkes,1,1,1,,,
narrow,1,1,1,,,
naseeruddin shah,1,1,1,,,
nasty characters,1,1,1,,,
nat sharman,1,1,1,,,
natalia andreadis,1,1,1,,,
natalia tena,1,1,1,,,
natalie portman touching herself,1,1,1,,,
natalie portman with bob haircut,1,1,1,,,
natalism,1,1,1,,,
natasha wightman,1,1,1,,,
nathalie baye,1,1,1,,,
nathalie press,1,1,1,,,
nathan baesel,1,1,1,,,
nathan filion,1,1,1,,,
nathan greno,1,1,1,,,
nathan hope,1,1,1,,,
nathan juran,1,1,1,,,
nathaniel kahn,1,1,1,,,
nathaniel lees,1,1,1,,,
nation,1,1,1,,,
national board of review of motion pictures award for breakthrough performance by an actress,1,1,1,,,
national board of review top ten best films,1,1,1,,,
national geographic,1,1,1,,,
national hero,1,1,1,,,
national lampoon's,1,1,1,,,
native,1,1,1,,,
native american language,1,1,1,,,
native american stereotypes,1,1,1,,,
native mexicans,1,1,1,,,
native people,1,1,1,,,
native tribe,1,1,1,,,
nato,1,1,1,,,
natural acting,1,1,1,,,
natural dialogue,1,1,1,,,
natural gas,1,1,1,,,
natural lighting,1,1,1,,,
natural resources,1,1,1,,,
natural vision 3-dimension,1,1,1,,,
natural vision [hd],1,1,1,,,
natural vs. artificial enhancement,1,1,1,,,
naturalism,1,1,1,,,
naturalistic,1,1,1,,,
naturalistic setting,1,1,1,,,
nature gods,1,1,1,,,
nature of heroism,1,1,1,,,
nauseating,1,1,1,,,
nazi hunting,1,1,1,,,
nazi paradoy,1,1,1,,,
nazi satire,1,1,1,,,
nazis by any other name,1,1,1,,,
nazism,1,1,1,,,
neal jimenez,1,1,1,,,
neal mcdonough,1,1,1,,,
neanderthal,1,1,1,,,
near death experience,1,1,1,,,
nearly perfect,1,1,1,,,
neck breaking,1,1,1,,,
necklace,1,1,1,,,
need a bit more action,1,1,1,,,
need more fukasaku films,1,1,1,,,
need to rate,1,1,1,,,
need to see again,1,1,1,,,
need to watch whole thing,1,1,1,,,
needless gratuitous violence,1,1,1,,,
needless violence,1,1,1,,,
needlessly bleak,1,1,1,,,
needlessly expanded,1,1,1,,,
needs editing,1,1,1,,,
needs subtitles!,1,1,1,,,
negative depiction of disability,1,1,1,,,
negative gay jokes,1,1,1,,,
neglected children,1,1,1,,,
neglected family,1,1,1,,,
neighbours,1,1,1,,,
neil armfield,1,1,1,,,
neil berkeley,1,1,1,,,
neil flynn,1,1,1,,,
neil gainman,1,1,1,,,
neil maskell,1,1,1,,,
neil peart,1,1,1,,,
neil young,1,1,1,,,
neko,1,1,1,,,
nelly,1,1,1,,,
nelson eddy,1,1,1,,,
nelson mandela,1,1,1,,,
neo-blaxploitation,1,1,1,,,
neo-capitalism,1,1,1,,,
neoliberalism,1,1,1,,,
neon,1,1,1,,,
neonazis,1,1,1,,,
nepal,1,1,1,,,
nerd wins,1,1,1,,,
nerds revolution,1,1,1,,,
nero,1,1,1,,,
net,1,1,1,,,
netflix instant watching,1,1,1,,,
netwatch,1,1,1,,,
neutral politics,1,1,1,,,
never,1,1,1,,,
never again eli roth,1,1,1,,,
never ever discuss your lack of game to wild bears!,1,1,1,,,
never lie,1,1,1,,,
never lost my interest,1,1,1,,,
never rooted for these two as a couple,1,1,1,,,
never trust euro-looking a-holes @ the airport.com,1,1,1,,,
never watch again,1,1,1,,,
neverland,1,1,1,,,
new  nior,1,1,1,,,
new boss,1,1,1,,,
new concept horror,1,1,1,,,
new favorite movie,1,1,1,,,
new flesh,1,1,1,,,
new german cinemy,1,1,1,,,
new identity,1,1,1,,,
new information about eichmann,1,1,1,,,
new love,1,1,1,,,
new material that does not belong,1,1,1,,,
new pinhead,1,1,1,,,
new romantic take on historical figures,1,1,1,,,
new south wales,1,1,1,,,
new story,1,1,1,,,
new suit,1,1,1,,,
new tag,1,1,1,,,
new take on a classic story.,1,1,1,,,
new version classical,1,1,1,,,
new wave action comedy,1,1,1,,,
new year eve,1,1,1,,,
new yo,1,1,1,,,
new york sports,1,1,1,,,
new york state,1,1,1,,,
newport on the levee,1,1,1,,,
news reel,1,1,1,,,
newspaper editor,1,1,1,,,
newt,1,1,1,,,
newt arnold,1,1,1,,,
newyork,1,1,1,,,
nex mexican cinema,1,1,1,,,
next of kin,1,1,1,,,
ngai kai lam,1,1,1,,,
ni ni,1,1,1,,,
niall johnson,1,1,1,,,
niall maccormick,1,1,1,,,
nice (france),1,1,1,,,
nice action,1,1,1,,,
nice and campy!,1,1,1,,,
nice effort,1,1,1,,,
nice enough to see again,1,1,1,,,
nice fight choreography,1,1,1,,,
nice film,1,1,1,,,
nice guy,1,1,1,,,
nice pace,1,1,1,,,
nice script,1,1,1,,,
nice shots,1,1,1,,,
nice song,1,1,1,,,
nice soundtrack,1,1,1,,,
nice transitions,1,1,1,,,
nicely minimalistic,1,1,1,,,
nicholar cage,1,1,1,,,
nicholas art,1,1,1,,,
nicholas d'agosto,1,1,1,,,
nicholas d. wrathall,1,1,1,,,
nicholas hooper,1,1,1,,,
nicholas jarecki,1,1,1,,,
nicholas jasenovec,1,1,1,,,
nicholas mastandrea,1,1,1,,,
nicholaus goossen,1,1,1,,,
nicholson style,1,1,1,,,
nick cannon,1,1,1,,,
nick copus,1,1,1,,,
nick francis,1,1,1,,,
nick gomez,1,1,1,,,
nick grinde,1,1,1,,,
nick knight,1,1,1,,,
nick moran,1,1,1,,,
nick noe,1,1,1,,,
nick read,1,1,1,,,
nick rosen,1,1,1,,,
nick swardson,1,1,1,,,
nickelodeon,1,1,1,,,
nicko mcbrain,1,1,1,,,
nickolas perry,1,1,1,,,
nicky whelan,1,1,1,,,
nico,1,1,1,,,
nicola cook,1,1,1,,,
nicolae ceausescu,1,1,1,,,
nicolaj coster-waldau,1,1,1,,,
nicolas cage:time god,1,1,1,,,
nicolas philibert,1,1,1,,,
nicolas sarkozy,1,1,1,,,
nicole dehuff,1,1,1,,,
nicole kassell,1,1,1,,,
nicole newnham,1,1,1,,,
nicole rittenmeyer,1,1,1,,,
nicolo donato,1,1,1,,,
nicolson,1,1,1,,,
nietzsche,1,1,1,,,
nigel finch,1,1,1,,,
nigel walk,1,1,1,,,
niggers,1,1,1,,,
night at the opera,1,1,1,,,
night club,1,1,1,,,
night shift,1,1,1,,,
nightlife,1,1,1,,,
nightmares,1,1,1,,,
nightmarish,1,1,1,,,
nikhil advani,1,1,1,,,
nikki reed,1,1,1,,,
nikolai tesla,1,1,1,,,
nikolaj arcel,1,1,1,,,
nikolaus kage,1,1,1,,,
nilbog,1,1,1,,,
nils asther,1,1,1,,,
nils gaup,1,1,1,,,
nimble old guys,1,1,1,,,
nimrat kaur,1,1,1,,,
nimrã³d antal,1,1,1,,,
nina conti,1,1,1,,,
nina paley,1,1,1,,,
nine inch nails,1,1,1,,,
nine inch nails soundtrack,1,1,1,,,
ninja witches,1,1,1,,,
nino castelnuovo,1,1,1,,,
nino manfredi,1,1,1,,,
ninotchka remake,1,1,1,,,
nintendo,1,1,1,,,
nipple suits,1,1,1,,,
nir bergman,1,1,1,,,
nisha pahuja,1,1,1,,,
nnothing,1,1,1,,,
no aliens,1,1,1,,,
no amount of silly cone can save a steaming pile of shitzu like this,1,1,1,,,
no arguement,1,1,1,,,
no ark,1,1,1,,,
no backstory,1,1,1,,,
no blood and gore,1,1,1,,,
no boobs,1,1,1,,,
no brakes,1,1,1,,,
no bullshit,1,1,1,,,
no cage-fu,1,1,1,,,
no character development.,1,1,1,,,
no character relations,1,1,1,,,
no charm,1,1,1,,,
no clear happy ending,1,1,1,,,
no clear sense of time,1,1,1,,,
no climax,1,1,1,,,
no comic relief,1,1,1,,,
no confrontation with facts,1,1,1,,,
no dinosaurs,1,1,1,,,
no dissenting voices,1,1,1,,,
no dvd at netflix,1,1,1,,,
no dvd release,1,1,1,,,
no emotional attachment,1,1,1,,,
no english dub,1,1,1,,,
no escape,1,1,1,,,
no explanation for success,1,1,1,,,
no exposition,1,1,1,,,
no fatalities,1,1,1,,,
no films that have been similarly rated,1,1,1,,,
no game,1,1,1,,,
no gaunts,1,1,1,,,
no ghouls,1,1,1,,,
no girl-girl scene,1,1,1,,,
no girls,1,1,1,,,
no gollum,1,1,1,,,
no idea,1,1,1,,,
no inspiration.,1,1,1,,,
no kaboom cereal,1,1,1,,,
no limits,1,1,1,,,
no love story,1,1,1,,,
no main character,1,1,1,,,
no matter what century it is jungle fever is very contagious!,1,1,1,,,
no momentum,1,1,1,,,
no monster,1,1,1,,,
no moral,1,1,1,,,
no moral dilema,1,1,1,,,
no morale,1,1,1,,,
no movies that are similarly rated,1,1,1,,,
no need to see,1,1,1,,,
no one to root for,1,1,1,,,
no please god no!,1,1,1,,,
no plotholes!,1,1,1,,,
no product placement,1,1,1,,,
no profanity,1,1,1,,,
no progress,1,1,1,,,
no rating yet,1,1,1,,,
no realistic cop's freedom to act,1,1,1,,,
no reception,1,1,1,,,
no research,1,1,1,,,
no resolutions,1,1,1,,,
no sense,1,1,1,,,
no sense on timing and rhythm,1,1,1,,,
no shadows,1,1,1,,,
no spoken words,1,1,1,,,
no subtitles,1,1,1,,,
no swordfighting,1,1,1,,,
no theme,1,1,1,,,
no title at beginning,1,1,1,,,
no traditional villain,1,1,1,,,
no vision,1,1,1,,,
no way charles grodin,1,1,1,,,
no women no children,1,1,1,,,
no wonder carneys love the life,1,1,1,,,
no!,1,1,1,,,
no-brainer,1,1,1,,,
noah buschel,1,1,1,,,
noah emmerich,1,1,1,,,
noah huntley,1,1,1,,,
noah ringer,1,1,1,,,
noah segan,1,1,1,,,
noble,1,1,1,,,
nobody gets that it's based on mircea eliade's fiction,1,1,1,,,
nobuo nakagawa,1,1,1,,,
noel black,1,1,1,,,
noget tid siden jeg sã¥ den. men husker den som meget flot,1,1,1,,,
"nogle af de første scener hvor de to møder hinanden er noget af det mest corny jeg har set, men i kraft af fortællerforholdene i filmen er der måske en grund til dette. de er utroværdige finder man nemlig ud af",1,1,1,,,
noire,1,1,1,,,
noiva nervosa,1,1,1,,,
noivo neurã³tico,1,1,1,,,
nolstalga,1,1,1,,,
non actors,1,1,1,,,
non judgemental,1,1,1,,,
non squitur,1,1,1,,,
non-actors,1,1,1,,,
non-closed ending,1,1,1,,,
non-conventional love stroy,1,1,1,,,
non-discrimination,1,1,1,,,
non-dramatic parts,1,1,1,,,
non-existant storyline,1,1,1,,,
non-interactive video-game,1,1,1,,,
non-judgemental,1,1,1,,,
non-narrative,1,1,1,,,
non-obvious,1,1,1,,,
non-peronal,1,1,1,,,
non-professional acting,1,1,1,,,
non-sci-fi types will flame it. what else is new.,1,1,1,,,
non-sensical,1,1,1,,,
non-sequential,1,1,1,,,
non-stereotypical,1,1,1,,,
non-traditional family,1,1,1,,,
non-us,1,1,1,,,
non-western culture,1,1,1,,,
noncohesive,1,1,1,,,
nonlin,1,1,1,,,
nonlinear storyline,1,1,1,,,
nonlinear surrealism,1,1,1,,,
nonnarative,1,1,1,,,
nonresistance,1,1,1,,,
nonsensical plot,1,1,1,,,
nonviolence,1,1,1,,,
noo!,1,1,1,,,
noodling,1,1,1,,,
nopt bad,1,1,1,,,
nora twomey,1,1,1,,,
nora zehetner,1,1,1,,,
norberto barba,1,1,1,,,
nordic,1,1,1,,,
nordic mytholigy raped,1,1,1,,,
norio tsuruta,1,1,1,,,
noriyuki abe,1,1,1,,,
norma!,1,1,1,,,
norman bates,1,1,1,,,
norman chancer,1,1,1,,,
norman mailer,1,1,1,,,
norman rené,1,1,1,,,
norman stone,1,1,1,,,
normandie,1,1,1,,,
north africa,1,1,1,,,
north sea,1,1,1,,,
northern community,1,1,1,,,
northern england,1,1,1,,,
norwich,1,1,1,,,
nose kiss,1,1,1,,,
nose ring,1,1,1,,,
nostalia,1,1,1,,,
nostaligic,1,1,1,,,
nostra,1,1,1,,,
not  great,1,1,1,,,
not a boy scout,1,1,1,,,
not a disney,1,1,1,,,
not a family movie,1,1,1,,,
not a goog movie,1,1,1,,,
not a great movie,1,1,1,,,
not a horror,1,1,1,,,
not a lot chemistry,1,1,1,,,
not a love story,1,1,1,,,
not a series ending,1,1,1,,,
not a single wrong note,1,1,1,,,
not a very inteligent comedy film,1,1,1,,,
not about ice hockey,1,1,1,,,
not according to the truth,1,1,1,,,
not action driven,1,1,1,,,
not actually scary,1,1,1,,,
not an easy movie to understand,1,1,1,,,
not an ironic title,1,1,1,,,
not analytic enough,1,1,1,,,
not another herzog schwarzenneger egomentary,1,1,1,,,
not another mingella stretcher! we hates them!,1,1,1,,,
not as dreamy,1,1,1,,,
not as funny,1,1,1,,,
not as funny as expected,1,1,1,,,
not as funny as i expected,1,1,1,,,
not as funny as the previous ones,1,1,1,,,
not as good as 1 or 3,1,1,1,,,
not as good as delirious...still pretty funny,1,1,1,,,
not as good as heat,1,1,1,,,
not as good as infernal affairs,1,1,1,,,
not as good as lotr,1,1,1,,,
not as good as miniseries,1,1,1,,,
not as good as other rocky films,1,1,1,,,
not as good as part troll,1,1,1,,,
not as good as saw 2,1,1,1,,,
not as good as shrek,1,1,1,,,
not as good as the originals,1,1,1,,,
not as good as the show,1,1,1,,,
not bad not good,1,1,1,,,
not badass,1,1,1,,,
not based on a book,1,1,1,,,
not black-or-white story,1,1,1,,,
not bollywood,1,1,1,,,
not british,1,1,1,,,
not by book,1,1,1,,,
not children,1,1,1,,,
not coen brothers,1,1,1,,,
not comedy,1,1,1,,,
not cool,1,1,1,,,
not dark enough,1,1,1,,,
not depp/binoche - different movie,1,1,1,,,
not depressing,1,1,1,,,
not disney,1,1,1,,,
not dubbed!,1,1,1,,,
not engaging,1,1,1,,,
not enough bilbo,1,1,1,,,
not enough blood,1,1,1,,,
not enough bruce willis,1,1,1,,,
not enough elsa,1,1,1,,,
not enough emphasis on babies,1,1,1,,,
not enough hit girl back-story,1,1,1,,,
not enough kaiju action,1,1,1,,,
not enough lee van cleef,1,1,1,,,
not enough like it,1,1,1,,,
not enough nonoko,1,1,1,,,
not enough nudity,1,1,1,,,
not enough robots,1,1,1,,,
not eugene o'neill - s. africa,1,1,1,,,
not even remotely dramatic,1,1,1,,,
not even trying,1,1,1,,,
not exactly a blockbuster,1,1,1,,,
not for dummies,1,1,1,,,
not found,1,1,1,,,
not found footage,1,1,1,,,
not good at all,1,1,1,,,
not good for youth,1,1,1,,,
not hawaii library,1,1,1,,,
not hollywood!,1,1,1,,,
not horrible,1,1,1,,,
not horror!,1,1,1,,,
not impressive,1,1,1,,,
not in library,1,1,1,,,
not intresting enough,1,1,1,,,
not ireland,1,1,1,,,
not jonny depp,1,1,1,,,
not just the funniest movie of the year but one of the best movies period this year.,1,1,1,,,
not letting go,1,1,1,,,
not mark hamill,1,1,1,,,
not michael shanks and rda,1,1,1,,,
not moving,1,1,1,,,
not much character development,1,1,1,,,
not much of a movie,1,1,1,,,
not much of a mystery,1,1,1,,,
not much of a story,1,1,1,,,
not much of an ending,1,1,1,,,
not much screaming,1,1,1,,,
not my cup of tea. it is so sad. well the world is not perfect,1,1,1,,,
not mystery or thriller!,1,1,1,,,
not near being a masterpiece,1,1,1,,,
not nearly as good as the book,1,1,1,,,
not nearly as interesting as it could be. token americana.,1,1,1,,,
not nearly as oscar-worthy as they hyped it up to be.,1,1,1,,,
not new,1,1,1,,,
not okay,1,1,1,,,
not original in any sense,1,1,1,,,
not pixar!!,1,1,1,,,
not predictive humour,1,1,1,,,
not questioning the obvious lies,1,1,1,,,
not real,1,1,1,,,
not real jason,1,1,1,,,
not realistic,1,1,1,,,
not really a thriller,1,1,1,,,
not really black comedy,1,1,1,,,
not really for kids,1,1,1,,,
not really interested',1,1,1,,,
not really multilingual,1,1,1,,,
not romero,1,1,1,,,
not sci-fi,1,1,1,,,
not self-aware,1,1,1,,,
not serious,1,1,1,,,
not so good,1,1,1,,,
not so good as back then,1,1,1,,,
not stylish,1,1,1,,,
not sure about ending it was so sudden,1,1,1,,,
not sure if ironic,1,1,1,,,
not tendentious,1,1,1,,,
not terrible,1,1,1,,,
not terrifying,1,1,1,,,
not that bad,1,1,1,,,
not that funny,1,1,1,,,
not that special,1,1,1,,,
not the best from the saga,1,1,1,,,
not the best kitano but good,1,1,1,,,
not the best seqeul for the classic original.,1,1,1,,,
not the movie with matt damon,1,1,1,,,
not to be confused with feature,1,1,1,,,
not too bad but rdjr ' s character was got little under my expectations.,1,1,1,,,
not too many characters like the old one! beautiful to watch,1,1,1,,,
not too much funny,1,1,1,,,
not too scary,1,1,1,,,
not too silly,1,1,1,,,
not too thrilled,1,1,1,,,
not true,1,1,1,,,
not true tale,1,1,1,,,
not true to life,1,1,1,,,
not true to original version,1,1,1,,,
not very deep or insightful,1,1,1,,,
not very moving though,1,1,1,,,
not very much of a plot,1,1,1,,,
not very scientific,1,1,1,,,
not very subtle,1,1,1,,,
not well done,1,1,1,,,
not well researched,1,1,1,,,
not worth armageddon,1,1,1,,,
not worth it,1,1,1,,,
not-plot-holes-as-much-as-gaping-wounds,1,1,1,,,
notable scene:fashion show,1,1,1,,,
notable scene:orchestral intro,1,1,1,,,
notable:beautiful forest (scene),1,1,1,,,
notable:cinematography,1,1,1,,,
notable:doorman/bouncer (scene),1,1,1,,,
notable:fashion designer (scene),1,1,1,,,
notable:foot massage,1,1,1,,,
notable:golf course (scene),1,1,1,,,
notable:ice hockey (scene),1,1,1,,,
notable:motorcycle,1,1,1,,,
notable:pollywog,1,1,1,,,
nothing makes sense,1,1,1,,,
nothing spectacular,1,1,1,,,
nour eddine lakhmari,1,1,1,,,
nouveau riche,1,1,1,,,
now idea why people like this one,1,1,1,,,
nowhere near as good as the series,1,1,1,,,
noã«l coward,1,1,1,,,
nph,1,1,1,,,
nra,1,1,1,,,
nsa,1,1,1,,,
nuanced counterpoint,1,1,1,,,
nuclear bunker,1,1,1,,,
nuclear explosion,1,1,1,,,
nuclear fusion,1,1,1,,,
nuclear holocaust,1,1,1,,,
nuclear waste,1,1,1,,,
nuclear weapon,1,1,1,,,
nuda,1,1,1,,,
nude bathing,1,1,1,,,
nude brooke shields,1,1,1,,,
nude fight,1,1,1,,,
nude modeling,1,1,1,,,
nude with a gun,1,1,1,,,
nudism,1,1,1,,,
nudity shown in schools,1,1,1,,,
nudity topless,1,1,1,,,
nueve reinas,1,1,1,,,
number johnny 5,1,1,1,,,
numerous inaccuracies,1,1,1,,,
nun (scene),1,1,1,,,
nunnery,1,1,1,,,
nuns (brief scene),1,1,1,,,
nuremberg,1,1,1,,,
nurses,1,1,1,,,
nut,1,1,1,,,
nutcase,1,1,1,,,
nymphet,1,1,1,,,
nã¦sten,1,1,1,,,
o melhor d todos. uma historia inteira dentro de um galpã£o,1,1,1,,,
o-dog,1,1,1,,,
oakland ca,1,1,1,,,
oasis,1,1,1,,,
oaxaca,1,1,1,,,
obamacare,1,1,1,,,
obejr,1,1,1,,,
obeying to dominance,1,1,1,,,
obfuscated,1,1,1,,,
obi wan,1,1,1,,,
obi wan kenobi,1,1,1,,,
objectification of people,1,1,1,,,
obnoxious audio,1,1,1,,,
obnoxious character,1,1,1,,,
obscenities,1,1,1,,,
obscure,1,1,1,,,
obscured plot,1,1,1,,,
observational,1,1,1,,,
obsession over one object,1,1,1,,,
obsessive boyfriend,1,1,1,,,
obvious allegory,1,1,1,,,
"obviously hillary had a different meaning for ""secret service""",1,1,1,,,
occupational accident,1,1,1,,,
ocean adventure,1,1,1,,,
ocean cruise,1,1,1,,,
ocean liner,1,1,1,,,
octave figuren genial,1,1,1,,,
octopus as hero,1,1,1,,,
odd characters,1,1,1,,,
odd couple,1,1,1,,,
odd framing,1,1,1,,,
odd songs,1,1,1,,,
oddball,1,1,1,,,
oddesy rip-off,1,1,1,,,
odette joyeux,1,1,1,,,
odysseus,1,1,1,,,
oedipus,1,1,1,,,
of course it's rigid! the dude's in full rigor!,1,1,1,,,
of course you keep seeing dead people...they're all dying!,1,1,1,,,
off beat romance. truly charming.,1,1,1,,,
off screen rape,1,1,1,,,
offbeat subculture detective action,1,1,1,,,
offboard,1,1,1,,,
offensive humour,1,1,1,,,
offensive treatment of women,1,1,1,,,
office life,1,1,1,,,
office space,1,1,1,,,
officers,1,1,1,,,
official selection of the venice film festival,1,1,1,,,
offroad,1,1,1,,,
offspring,1,1,1,,,
ogden,1,1,1,,,
oh dear,1,1,1,,,
oh ja,1,1,1,,,
oh no,1,1,1,,,
oh so dramatic!,1,1,1,,,
oh so sexy,1,1,1,,,
ohana,1,1,1,,,
oilmen,1,1,1,,,
oiwa,1,1,1,,,
oj,1,1,1,,,
ojai,1,1,1,,,
ok computer,1,1,1,,,
ok drama,1,1,1,,,
ok type historical comedy,1,1,1,,,
okay gribende og solidt drama,1,1,1,,,
"okay, jeg vil måske gerne medgive at den også viser det beskidte, fattige paris, men primært i den anden del af filmen",1,1,1,,,
oksana akinshina,1,1,1,,,
olaf,1,1,1,,,
olaf deriglasoff,1,1,1,,,
old agent,1,1,1,,,
old brick,1,1,1,,,
old england,1,1,1,,,
old fashion romance,1,1,1,,,
old fashioned,1,1,1,,,
old graet,1,1,1,,,
old hollywood,1,1,1,,,
old hollywood actress goes nuts,1,1,1,,,
old lady telling a heartwarming story,1,1,1,,,
old maid,1,1,1,,,
old man,1,1,1,,,
old man's story,1,1,1,,,
old people that is actually funny,1,1,1,,,
old salt,1,1,1,,,
old school comedy,1,1,1,,,
old school spy thriller,1,1,1,,,
old story,1,1,1,,,
old vs new,1,1,1,,,
old war movie,1,1,1,,,
old western,1,1,1,,,
old women,1,1,1,,,
older man younger man,1,1,1,,,
older man younger man relationship,1,1,1,,,
older woman younger man relationship,1,1,1,,,
oldie,1,1,1,,,
oldie but goodie,1,1,1,,,
ole,1,1,1,,,
ole christian madsen,1,1,1,,,
oleg vidov,1,1,1,,,
oliver hockenhull,1,1,1,,,
oliver hodge,1,1,1,,,
oliver james,1,1,1,,,
oliver sachs,1,1,1,,,
oliver schmitz,1,1,1,,,
oliver stone screenplay,1,1,1,,,
olivia coleman,1,1,1,,,
olivia crociccia,1,1,1,,,
olivia dehavilland,1,1,1,,,
olivia munn,1,1,1,,,
olivia thirldy,1,1,1,,,
olivier dahan,1,1,1,,,
olivier gondry,1,1,1,,,
olle hellbom,1,1,1,,,
olvidate de mi,1,1,1,,,
om puri,1,1,1,,,
omar naim,1,1,1,,,
omfg its a konspirisy!,1,1,1,,,
omigawd!,1,1,1,,,
ominous music,1,1,1,,,
omits crucial passages from the book,1,1,1,,,
on location,1,1,1,,,
on purpose confusing,1,1,1,,,
on the battlefield of life itself,1,1,1,,,
on the campaign trail,1,1,1,,,
on the fence,1,1,1,,,
ona grauer,1,1,1,,,
ona munson,1,1,1,,,
ondi timoner,1,1,1,,,
ondrej trojan,1,1,1,,,
one character insight,1,1,1,,,
one location,1,1,1,,,
one man show.,1,1,1,,,
one night,1,1,1,,,
one of disney's best,1,1,1,,,
one of hitcocks best,1,1,1,,,
one of miyazaki's finest,1,1,1,,,
one of my all time favorite movies,1,1,1,,,
one of the best,1,1,1,,,
one of the best comedies i've ever seen extemelly and historically rich,1,1,1,,,
one of the best comedy i have seen!! unforgetable- even after all this years i still enjoy when i remember it.,1,1,1,,,
one of the best fucking movies ever!!!!!,1,1,1,,,
one of the best of it's genre,1,1,1,,,
one of the best scenes in filmmaking history,1,1,1,,,
one of the bests movies have i seen,1,1,1,,,
one of the greatest films of all time! (says me),1,1,1,,,
one of the greatest scripts of the last 10 years,1,1,1,,,
one of the most hopeless movies,1,1,1,,,
one of the most overrated comedies of all time,1,1,1,,,
one of the most overrated comedies of all time and one of the first films i walked out in the middle of.,1,1,1,,,
one of the most romantic kisses in films,1,1,1,,,
one of the most tense and suspenseful movies ever made,1,1,1,,,
one of the most underated comedies,1,1,1,,,
one of the very best about politics,1,1,1,,,
one of the worst ever,1,1,1,,,
one tom's better movies,1,1,1,,,
one watch only,1,1,1,,,
one word title,1,1,1,,,
one-sided nudity,1,1,1,,,
one-way time travel,1,1,1,,,
oneness of religions,1,1,1,,,
oninous,1,1,1,,,
onirism,1,1,1,,,
online,1,1,1,,,
online dating,1,1,1,,,
"only 2.5 stars for vanilla ice's ""go ninja"" song",1,1,1,,,
only a few laughs,1,1,1,,,
only because of kristen bell,1,1,1,,,
only censored version is available,1,1,1,,,
only child,1,1,1,,,
only for dogpeople,1,1,1,,,
only gets the full 5 stars if viewed at the castro theater,1,1,1,,,
only half of a story,1,1,1,,,
only part of the trilogy xd,1,1,1,,,
only released about five times. but it's  pretty good at what it does.,1,1,1,,,
only three characters with any stand-out qualities or background story,1,1,1,,,
onryo,1,1,1,,,
onryo-dead girl,1,1,1,,,
ontology,1,1,1,,,
oostvaardersplassen,1,1,1,,,
open communication,1,1,1,,,
open mided,1,1,1,,,
open mind,1,1,1,,,
open range,1,1,1,,,
open-matte transfer,1,1,1,,,
opening,1,1,1,,,
opening action scene,1,1,1,,,
opening sequence,1,1,1,,,
opening song,1,1,1,,,
opera prima,1,1,1,,,
opera soundtrack,1,1,1,,,
operatic,1,1,1,,,
operation bernhard,1,1,1,,,
opossums,1,1,1,,,
opportunity,1,1,1,,,
oppressive soundtrack,1,1,1,,,
opretta,1,1,1,,,
or how the last of the mohican killed the predator escaping from the thunderdome,1,1,1,,,
or you'll go...too late',1,1,1,,,
oracle,1,1,1,,,
oral,1,1,1,,,
orange ponytail,1,1,1,,,
orc,1,1,1,,,
orca,1,1,1,,,
order,1,1,1,,,
ordinary events,1,1,1,,,
ordinary people,1,1,1,,,
oreet rees,1,1,1,,,
oren moverman,1,1,1,,,
oreo,1,1,1,,,
orestis makris,1,1,1,,,
organ music,1,1,1,,,
organic cafe,1,1,1,,,
orgiginal,1,1,1,,,
orginal,1,1,1,,,
orient express,1,1,1,,,
oriental western,1,1,1,,,
orientalism,1,1,1,,,
origin,1,1,1,,,
origin of darth vader,1,1,1,,,
original anime is better,1,1,1,,,
original dramatic score),1,1,1,,,
original medium was better (but both were good),1,1,1,,,
original not remake,1,1,1,,,
original subject,1,1,1,,,
original version of usa 2008 remake,1,1,1,,,
originals are best,1,1,1,,,
originator,1,1,1,,,
oriol paulo,1,1,1,,,
orion pictures,1,1,1,,,
orlando von einsiedel,1,1,1,,,
orpan,1,1,1,,,
orriginal screenplay,1,1,1,,,
orson wells,1,1,1,,,
orthodox,1,1,1,,,
osaka,1,1,1,,,
oscar (best actor in a leading role),1,1,1,,,
oscar (best music,1,1,1,,,
oscar (best original score),1,1,1,,,
oscar (best writing story and screenplay),1,1,1,,,
oscar 2004,1,1,1,,,
oscar best actor,1,1,1,,,
oscar best director,1,1,1,,,
oscar grant,1,1,1,,,
oscar levant,1,1,1,,,
oscar movie,1,1,1,,,
oscar nominee: best documentary feature,1,1,1,,,
oscar nominee: best screenplay,1,1,1,,,
oscar nominee: best song,1,1,1,,,
oscar nominee: foreign language (germany),1,1,1,,,
oscar nominee: foreign language (hong kong),1,1,1,,,
oscar nominee: foreign language (palestine),1,1,1,,,
oscar nominee: music - score - drama,1,1,1,,,
oscar nominee: production design,1,1,1,,,
oscar nominee: screenwriting,1,1,1,,,
oscar nunez,1,1,1,,,
oscar romero,1,1,1,,,
oscar wilde story,1,1,1,,,
oscar worthy,1,1,1,,,
oscar:best picture,1,1,1,,,
oscar:directing,1,1,1,,,
oscar:documentary,1,1,1,,,
oscar:editing,1,1,1,,,
oskar roehler,1,1,1,,,
ostalgie,1,1,1,,,
ostensibly for kids but: prejudice:sexism,1,1,1,,,
ostensibly for kids but: prejudice:sexism; promotion of dictatorship,1,1,1,,,
ostrich farm,1,1,1,,,
oswaldo castillo,1,1,1,,,
otakar vávra,1,1,1,,,
otaku,1,1,1,,,
other movies quotes,1,1,1,,,
other people,1,1,1,,,
other planet,1,1,1,,,
other side of the 60s,1,1,1,,,
other title redemption,1,1,1,,,
other-wordly,1,1,1,,,
others opinions,1,1,1,,,
othmar schmiderer,1,1,1,,,
otto brower,1,1,1,,,
ouch,1,1,1,,,
ouija,1,1,1,,,
ousmane sembene,1,1,1,,,
out of character,1,1,1,,,
out of control androids,1,1,1,,,
out of sequence,1,1,1,,,
out of the frying pan into the fire,1,1,1,,,
out-of-character incompetence,1,1,1,,,
outdoor,1,1,1,,,
outpatients,1,1,1,,,
outrageous gore,1,1,1,,,
outré,1,1,1,,,
outside the box,1,1,1,,,
outsmarting,1,1,1,,,
outsource,1,1,1,,,
outsourcing,1,1,1,,,
outstanding,1,1,1,,,
outstanding lead performance,1,1,1,,,
ova,1,1,1,,,
over expositive,1,1,1,,,
over long,1,1,1,,,
over simplistic,1,1,1,,,
over the top acting,1,1,1,,,
over the top ending,1,1,1,,,
over use of stereotypes,1,1,1,,,
over-cut action,1,1,1,,,
over-explaining,1,1,1,,,
overall stupidity,1,1,1,,,
overambitious,1,1,1,,,
overblown,1,1,1,,,
overboard,1,1,1,,,
overcome tragedy,1,1,1,,,
overcoming,1,1,1,,,
overcoming own demons,1,1,1,,,
overcoming prejudice,1,1,1,,,
overdone story,1,1,1,,,
overdramatization,1,1,1,,,
overemphasis,1,1,1,,,
overload,1,1,1,,,
overlooked classic,1,1,1,,,
overly brutal,1,1,1,,,
overly long,1,1,1,,,
overly medicated,1,1,1,,,
overly-dramatic,1,1,1,,,
overprotective mother,1,1,1,,,
overreaching,1,1,1,,,
overrevealling trailer,1,1,1,,,
overrrated,1,1,1,,,
oversimplification,1,1,1,,,
oversize clothing,1,1,1,,,
overt propaganda,1,1,1,,,
overtly ideological,1,1,1,,,
overtone singing,1,1,1,,,
overture,1,1,1,,,
overuse of coloring,1,1,1,,,
overuse of profanity,1,1,1,,,
"overvejede at give en gavmild 3'er, men så sluttede med en række af de værste klicheer fra hollywood. jeg er ikke havende det lort",1,1,1,,,
"overvejer om det er den bedste woody a film jeg har set. den er oppe mod manhattan, men jeg tror det næsten.",1,1,1,,,
ovidiu iuliu moldovan,1,1,1,,,
ow well...,1,1,1,,,
ow! my ass! indeed - hardly funny,1,1,1,,,
owatonna mn,1,1,1,,,
owen harris,1,1,1,,,
owen wilson is woody allen,1,1,1,,,
owen wilson. paris. soundtrack. marion cotillard.,1,1,1,,,
owenwilson,1,1,1,,,
owes everything to kilmer,1,1,1,,,
own universe,1,1,1,,,
oxford university,1,1,1,,,
oxide pang chun,1,1,1,,,
oxycontin,1,1,1,,,
oy vey,1,1,1,,,
ozon,1,1,1,,,
ozone layer,1,1,1,,,
ozploitation,1,1,1,,,
ozu,1,1,1,,,
ozu tribute,1,1,1,,,
ozuka,1,1,1,,,
p k dick,1,1,1,,,
p t anderson,1,1,1,,,
p.s.h as a priest? oh you know he's guilty!,1,1,1,,,
pablo berger,1,1,1,,,
pablo giorgelli,1,1,1,,,
pablo larraín,1,1,1,,,
pacho velez,1,1,1,,,
pacino delivers a passionate performance as a nyc detective who holds his own after learning that not everything is as it seems in his profession.,1,1,1,,,
paco plaza,1,1,1,,,
padre e hijo,1,1,1,,,
pagan cult,1,1,1,,,
paganism,1,1,1,,,
pageantry,1,1,1,,,
pain ballet,1,1,1,,,
painfully banal,1,1,1,,,
paintball,1,1,1,,,
painterly,1,1,1,,,
pajamas,1,1,1,,,
pal clv,1,1,1,,,
palacio,1,1,1,,,
palahniuk's twisted worlds taken to the screen,1,1,1,,,
paleontologist as protagonist,1,1,1,,,
palermo,1,1,1,,,
palestinian territories,1,1,1,,,
palestinians,1,1,1,,,
palm beach,1,1,1,,,
palm d'or,1,1,1,,,
palo alto,1,1,1,,,
pals,1,1,1,,,
paltrow,1,1,1,,,
pam ferris,1,1,1,,,
pamela anderson,1,1,1,,,
pamela franklin,1,1,1,,,
pamela tola,1,1,1,,,
pampa,1,1,1,,,
pamplona,1,1,1,,,
pancakes,1,1,1,,,
panic attack,1,1,1,,,
panis angelicus,1,1,1,,,
panna rittikrai,1,1,1,,,
panoramic,1,1,1,,,
panties,1,1,1,,,
paola di florio,1,1,1,,,
paola mendoza,1,1,1,,,
paolo roberto,1,1,1,,,
papagiannopoulos,1,1,1,,,
papamichael,1,1,1,,,
paper lantern,1,1,1,,,
paperboy,1,1,1,,,
papers,1,1,1,,,
papier mache cave,1,1,1,,,
parable,1,1,1,,,
paradoxical,1,1,1,,,
paradoxically tedious sex scenes,1,1,1,,,
parall,1,1,1,,,
parallelism,1,1,1,,,
parallels,1,1,1,,,
paranormal horror,1,1,1,,,
parasitic dragons,1,1,1,,,
parent-children,1,1,1,,,
parental love,1,1,1,,,
parents killing children,1,1,1,,,
parents made to look stupid,1,1,1,,,
pariah entertainment,1,1,1,,,
paris 68,1,1,1,,,
parisian setting,1,1,1,,,
park ranger,1,1,1,,,
parking space,1,1,1,,,
parliament hill,1,1,1,,,
parochialism,1,1,1,,,
parodies,1,1,1,,,
parody and homage,1,1,1,,,
parody of fantasy genre,1,1,1,,,
parody: horror film episodes,1,1,1,,,
parody:busby berkley (scene),1,1,1,,,
parodylike,1,1,1,,,
parris patton,1,1,1,,,
parrot,1,1,1,,,
part animated,1,1,1,,,
part of trilogy,1,1,1,,,
partial nudity (male),1,1,1,,,
partially photographed with digital imax 3d cameras,1,1,1,,,
partialy lenghty,1,1,1,,,
particle accelerator,1,1,1,,,
parties thrown by outcast children for families,1,1,1,,,
partisan,1,1,1,,,
partisanship,1,1,1,,,
partition,1,1,1,,,
partners,1,1,1,,,
party film,1,1,1,,,
party while you can,1,1,1,,,
pascal laugier,1,1,1,,,
passes the bechdel test,1,1,1,,,
passion crime,1,1,1,,,
passiveness,1,1,1,,,
past,1,1,1,,,
pastelosa,1,1,1,,,
pat boone,1,1,1,,,
pat buttram,1,1,1,,,
pat jackson,1,1,1,,,
pat proft,1,1,1,,,
pat robertson,1,1,1,,,
patema's director,1,1,1,,,
pathetic main villian performance,1,1,1,,,
pathetic people,1,1,1,,,
pathology,1,1,1,,,
patience,1,1,1,,,
patrice chéreau,1,1,1,,,
patricia arquette is amazing,1,1,1,,,
patricia cardoso,1,1,1,,,
patricia tallman,1,1,1,,,
patricio guzmán,1,1,1,,,
patrick alessandrin,1,1,1,,,
patrick barlow,1,1,1,,,
patrick bouchitey,1,1,1,,,
patrick brice,1,1,1,,,
patrick bruel,1,1,1,,,
patrick gallagher,1,1,1,,,
patrick meaney,1,1,1,,,
patrick o'brian,1,1,1,,,
patrick wayne,1,1,1,,,
patrickbergin,1,1,1,,,
patriot act,1,1,1,,,
patronizing,1,1,1,,,
patsy kensit,1,1,1,,,
patti smith,1,1,1,,,
patty jenkins,1,1,1,,,
patty mccormack,1,1,1,,,
paul adelstein,1,1,1,,,
paul anderson,1,1,1,,,
paul bartel,1,1,1,,,
paul brickman,1,1,1,,,
paul brizzi,1,1,1,,,
paul cox,1,1,1,,,
paul czinner,1,1,1,,,
paul dinello,1,1,1,,,
paul dooley,1,1,1,,,
paul fierlinger,1,1,1,,,
paul flaherty,1,1,1,,,
paul ford,1,1,1,,,
paul gleason,1,1,1,,,
paul goddard,1,1,1,,,
paul grignon,1,1,1,,,
paul grimault,1,1,1,,,
paul guilfoyle,1,1,1,,,
paul harather,1,1,1,,,
paul hiamatti,1,1,1,,,
paul higgins,1,1,1,,,
paul hoen,1,1,1,,,
paul hunter,1,1,1,,,
paul jay,1,1,1,,,
paul justman,1,1,1,,,
paul katis,1,1,1,,,
paul krasny,1,1,1,,,
paul l. smith,1,1,1,,,
paul machliss,1,1,1,,,
paul mcgann,1,1,1,,,
paul mcgillion,1,1,1,,,
paul miller,1,1,1,,,
paul owens,1,1,1,,,
paul pavlikovsky,1,1,1,,,
paul quinn,1,1,1,,,
paul satterfield,1,1,1,,,
paul scheer,1,1,1,,,
paul schrader screenplay,1,1,1,,,
paul sen,1,1,1,,,
paul seydor,1,1,1,,,
paul soter,1,1,1,,,
paul thomas,1,1,1,,,
paul westerberg,1,1,1,,,
paul white,1,1,1,,,
paul wilmshurst,1,1,1,,,
paul winfield,1,1,1,,,
paula garcã©s,1,1,1,,,
paulie,1,1,1,,,
paulie shore,1,1,1,,,
pauline collins,1,1,1,,,
paulo coelho,1,1,1,,,
paulo costanzo,1,1,1,,,
paulo josã©,1,1,1,,,
paulo morelli,1,1,1,,,
paulo rocha,1,1,1,,,
paulus manker,1,1,1,,,
pavel arsenov,1,1,1,,,
pawan kumar,1,1,1,,,
pawel edelman,1,1,1,,,
paycheck,1,1,1,,,
paz,1,1,1,,,
pcp,1,1,1,,,
peace corp,1,1,1,,,
peaceful,1,1,1,,,
peak-oil,1,1,1,,,
peanuts,1,1,1,,,
pearl,1,1,1,,,
pearl harbor,1,1,1,,,
pearl s buck,1,1,1,,,
pecados intimos,1,1,1,,,
pedestrian performances,1,1,1,,,
pedo,1,1,1,,,
pedofile,1,1,1,,,
pedro almodãƒâ³var,1,1,1,,,
pee wee from porkys,1,1,1,,,
peeta,1,1,1,,,
peggy carter,1,1,1,,,
peggy holmes,1,1,1,,,
peggy neal,1,1,1,,,
pei-pei cheng,1,1,1,,,
pekka parikka,1,1,1,,,
pekka streng,1,1,1,,,
pele,1,1,1,,,
pelicula china,1,1,1,,,
pemble,1,1,1,,,
pen pal,1,1,1,,,
pen to the neck,1,1,1,,,
pena de muerte,1,1,1,,,
pendant,1,1,1,,,
penelope ann miller,1,1,1,,,
penelope cruz is unbelievable in this film!,1,1,1,,,
penguins gone wrong,1,1,1,,,
penniless,1,1,1,,,
penny lane,1,1,1,,,
penpals,1,1,1,,,
pentagon,1,1,1,,,
penthouse,1,1,1,,,
penã?â?ã?â©lope cruz,1,1,1,,,
penãƒâƒã‚âƒãƒâ‚ã‚â©lope cruz,1,1,1,,,
penélope cruz,1,1,1,,,
people,1,1,1,,,
people say you need to have liked mountain-climbing films to like this -- they're wrong,1,1,1,,,
people train,1,1,1,,,
people who like this shouldd die,1,1,1,,,
people willing to cheat at first,1,1,1,,,
per veure amb marina,1,1,1,,,
per veure amb marina o mama,1,1,1,,,
perception is reality,1,1,1,,,
percussion instrument,1,1,1,,,
perestroika,1,1,1,,,
peret,1,1,1,,,
perfec image of tim burton,1,1,1,,,
perfect casting,1,1,1,,,
perfect drama,1,1,1,,,
perfect ending,1,1,1,,,
perfect entertainment,1,1,1,,,
perfect rhythm,1,1,1,,,
perfect use of johnny & santo's 1 hit wonder,1,1,1,,,
perfectionism,1,1,1,,,
perfectly cast,1,1,1,,,
performance art,1,1,1,,,
performance enhancing drugs,1,1,1,,,
performance piece,1,1,1,,,
performer,1,1,1,,,
performers,1,1,1,,,
performing arts,1,1,1,,,
period period,1,1,1,,,
period romace,1,1,1,,,
period romantic comedy,1,1,1,,,
perry andelin blake,1,1,1,,,
perry henzell,1,1,1,,,
persian cinema,1,1,1,,,
persians,1,1,1,,,
personal battle,1,1,1,,,
personality clash,1,1,1,,,
personality over looks,1,1,1,,,
perspectival,1,1,1,,,
persuasion,1,1,1,,,
perttu leppä,1,1,1,,,
pervasive language,1,1,1,,,
perverse,1,1,1,,,
perversion,1,1,1,,,
perversion of hugo's novel,1,1,1,,,
pes,1,1,1,,,
pesadilla antes de navidad,1,1,1,,,
pesci,1,1,1,,,
pet insects,1,1,1,,,
pete,1,1,1,,,
pete kozachik,1,1,1,,,
pete michels,1,1,1,,,
pete seeger,1,1,1,,,
peter,1,1,1,,,
peter a. dowling,1,1,1,,,
peter baldwin,1,1,1,,,
peter billingsley,1,1,1,,,
peter brosens,1,1,1,,,
peter care,1,1,1,,,
peter chung,1,1,1,,,
peter clifton,1,1,1,,,
peter davis,1,1,1,,,
peter djigirr,1,1,1,,,
peter donat,1,1,1,,,
peter duffell,1,1,1,,,
peter duncan,1,1,1,,,
peter firth,1,1,1,,,
peter frampton,1,1,1,,,
peter gabriel,1,1,1,,,
peter gilbert,1,1,1,,,
peter glantz,1,1,1,,,
peter godfrey,1,1,1,,,
peter greene,1,1,1,,,
peter griffin,1,1,1,,,
peter h. hunt,1,1,1,,,
peter harris,1,1,1,,,
peter horton,1,1,1,,,
peter israelson,1,1,1,,,
peter kassovitz,1,1,1,,,
peter kosminsky,1,1,1,,,
peter kuran,1,1,1,,,
peter lawford,1,1,1,,,
peter levin,1,1,1,,,
peter lydon,1,1,1,,,
peter m. cohen,1,1,1,,,
peter madsen,1,1,1,,,
peter masterson,1,1,1,,,
peter nicks,1,1,1,,,
peter o'fallon,1,1,1,,,
peter oxley,1,1,1,,,
peter r. hunt,1,1,1,,,
peter ramsey,1,1,1,,,
peter sanders,1,1,1,,,
peter scolari,1,1,1,,,
peter sehr,1,1,1,,,
peter sohn,1,1,1,,,
peter spierig,1,1,1,,,
peter storemare,1,1,1,,,
peter svatek,1,1,1,,,
peter sykes,1,1,1,,,
peter w. kunhardt,1,1,1,,,
peter wintonick,1,1,1,,,
petroleum,1,1,1,,,
petty crime,1,1,1,,,
petula clark,1,1,1,,,
pg-13: some disturbing images and thematic material,1,1,1,,,
pg-13:a drug reference,1,1,1,,,
pg-13:a scene of sexuality,1,1,1,,,
pg-13:a suggestive situation,1,1,1,,,
pg-13:action,1,1,1,,,
pg-13:adventure violence,1,1,1,,,
pg-13:alcohol use,1,1,1,,,
pg-13:brief drug use,1,1,1,,,
pg-13:brief nude images,1,1,1,,,
pg-13:brief sensuality,1,1,1,,,
pg-13:coarse humor,1,1,1,,,
pg-13:crude and sexual humor,1,1,1,,,
pg-13:disturbing images - all involving teens,1,1,1,,,
pg-13:disturbing war images,1,1,1,,,
pg-13:extended sequences of intense fantasy action violence,1,1,1,,,
pg-13:intense sequences of action,1,1,1,,,
pg-13:intense thematic elements,1,1,1,,,
pg-13:intense violence and action,1,1,1,,,
pg-13:intense violent sequences throughout,1,1,1,,,
pg-13:intense violent thematic material,1,1,1,,,
pg-13:language including sexual references,1,1,1,,,
pg-13:mature thematic elements,1,1,1,,,
pg-13:mature thematic elements involving teen sexuality,1,1,1,,,
pg-13:mature thematic material involving sexual content,1,1,1,,,
pg-13:mature thematic material involving sexual situations,1,1,1,,,
pg-13:mild drug reference,1,1,1,,,
pg-13:nudity,1,1,1,,,
pg-13:nudity/sensuality,1,1,1,,,
pg-13:sequences of intense sci-fi action and violence throughout,1,1,1,,,
pg-13:sex-related humor,1,1,1,,,
pg-13:sexual reference,1,1,1,,,
pg-13:sexual situations including dialogue,1,1,1,,,
pg-13:some drug material,1,1,1,,,
pg-13:some drug use,1,1,1,,,
pg-13:some frightening images,1,1,1,,,
pg-13:some sensuality/nudity,1,1,1,,,
pg-13:some sequences of intense action violence,1,1,1,,,
pg-13:some sexual content including brief partial nudity,1,1,1,,,
pg-13:some thematic elements,1,1,1,,,
pg-13:thematic issues involving teens,1,1,1,,,
pg-13:thematic material,1,1,1,,,
pg-13:war violence,1,1,1,,,
pg13: brief sexual reference,1,1,1,,,
pg13_f-bomb,1,1,1,,,
pg:fantasy action,1,1,1,,,
pg:language,1,1,1,,,
pg:language throughout,1,1,1,,,
pg:smoking,1,1,1,,,
pg:some brief language,1,1,1,,,
pg:some rude content,1,1,1,,,
pg:some thematic elements,1,1,1,,,
phantasmagoric,1,1,1,,,
phantasmagorical,1,1,1,,,
phantom,1,1,1,,,
phantom music,1,1,1,,,
pharmacy,1,1,1,,,
phashion,1,1,1,,,
phasing,1,1,1,,,
phd,1,1,1,,,
phenomenal dialogue,1,1,1,,,
phenomenal soundtrack,1,1,1,,,
phenomenal!,1,1,1,,,
phil,1,1,1,,,
phil benson,1,1,1,,,
phil daniels,1,1,1,,,
phil joanon,1,1,1,,,
phil morrison,1,1,1,,,
phil nibbelink,1,1,1,,,
phil roman,1,1,1,,,
phil traill,1,1,1,,,
philadelphia eagles,1,1,1,,,
philadelphia experiment,1,1,1,,,
philatelist,1,1,1,,,
philidelphia,1,1,1,,,
philip boston,1,1,1,,,
philip gröning,1,1,1,,,
philip jackson,1,1,1,,,
philip kwok,1,1,1,,,
philip saville,1,1,1,,,
philip shane,1,1,1,,,
philipines,1,1,1,,,
philippe claudel,1,1,1,,,
philippe mora,1,1,1,,,
philippe muyl,1,1,1,,,
philippe noiret,1,1,1,,,
philippines,1,1,1,,,
philisophical,1,1,1,,,
phill lord,1,1,1,,,
phillip rhee,1,1,1,,,
phillip seymore hoffman,1,1,1,,,
philosophical overtomes,1,1,1,,,
philosophical overtones,1,1,1,,,
philosophy of art,1,1,1,,,
philosophy of life,1,1,1,,,
philosophycal,1,1,1,,,
philosphy,1,1,1,,,
phlip roth,1,1,1,,,
"phoenix, arizona",1,1,1,,,
"phony ""epifanies""",1,1,1,,,
phony characters and limited actors,1,1,1,,,
phony romance,1,1,1,,,
photo album,1,1,1,,,
photographer as protagonist,1,1,1,,,
photojournalism,1,1,1,,,
photosensitivity,1,1,1,,,
phreaking,1,1,1,,,
phychology,1,1,1,,,
piano tie,1,1,1,,,
pick up,1,1,1,,,
pick-dad,1,1,1,,,
pick-mom,1,1,1,,,
pickpocket,1,1,1,,,
picnic,1,1,1,,,
picturesque,1,1,1,,,
pidgeon,1,1,1,,,
pidgeons,1,1,1,,,
piece of crap,1,1,1,,,
piecemeal ending,1,1,1,,,
pierce  brosnan,1,1,1,,,
pierre boulanger,1,1,1,,,
pierre de moro,1,1,1,,,
pierre falardeau,1,1,1,,,
pierre fresnay,1,1,1,,,
pierre salvadori,1,1,1,,,
pierre schöller,1,1,1,,,
pieter kuijpers,1,1,1,,,
pilferage,1,1,1,,,
pilgrim's progress,1,1,1,,,
pimp,1,1,1,,,
pineapple,1,1,1,,,
pinewood studios,1,1,1,,,
ping he,1,1,1,,,
ping pong,1,1,1,,,
pinku eiga,1,1,1,,,
pinnacle film,1,1,1,,,
pino van lamsweerde,1,1,1,,,
pinup,1,1,1,,,
pioneer sex researcher,1,1,1,,,
pioneering woman,1,1,1,,,
pious,1,1,1,,,
pipeline,1,1,1,,,
piper perbo,1,1,1,,,
pippa grandison,1,1,1,,,
pippa scott,1,1,1,,,
piquant,1,1,1,,,
piranha,1,1,1,,,
pirate map,1,1,1,,,
pirjo honkasalo,1,1,1,,,
pitbull terrier,1,1,1,,,
pitch-black comedy,1,1,1,,,
pitã¤s kai jaksaa kattoa,1,1,1,,,
pixar no dreamworks yes,1,1,1,,,
pixote hunt,1,1,1,,,
pjer zalica,1,1,1,,,
pkd,1,1,1,,,
places getting obliterated,1,1,1,,,
plagarised,1,1,1,,,
plagarized,1,1,1,,,
plagiarism,1,1,1,,,
plagues,1,1,1,,,
plain jane,1,1,1,,,
plan,1,1,1,,,
plan b,1,1,1,,,
plan oculto,1,1,1,,,
plane,1,1,1,,,
plane sequence,1,1,1,,,
planet of women,1,1,1,,,
planet terror,1,1,1,,,
planning,1,1,1,,,
plantlife,1,1,1,,,
plastic alien ship,1,1,1,,,
plastics,1,1,1,,,
platonic friendship,1,1,1,,,
play on emotions,1,1,1,,,
playing the role of woody allen in this film in high school helps you appreciate the hilarity ensuing from loving while empathizing with the heart wrenching reality of being an overly sensitive romantic.,1,1,1,,,
playing with the boys,1,1,1,,,
playing with those boys,1,1,1,,,
playwright:aaron sorkin,1,1,1,,,
playwright:anton chekhov,1,1,1,,,
playwright:beau willimon,1,1,1,,,
playwright:christopher hampton,1,1,1,,,
playwright:george gershwin,1,1,1,,,
playwright:ira levin,1,1,1,,,
playwright:j.m. barrie,1,1,1,,,
playwright:john guare,1,1,1,,,
playwright:marsha norman,1,1,1,,,
playwright:maxwell anderson,1,1,1,,,
playwright:moliã¨re,1,1,1,,,
playwright:stephen sondheim,1,1,1,,,
playwright:thorton wilder,1,1,1,,,
playwright:tom eyen,1,1,1,,,
playwright:tom stoppard,1,1,1,,,
playwright:william gibson,1,1,1,,,
pleasant enough,1,1,1,,,
please stop re-frying books that suck donkey d***!,1,1,1,,,
pleasure,1,1,1,,,
pledge of allegiance,1,1,1,,,
plenty of action,1,1,1,,,
plot & suspense,1,1,1,,,
plot convenience,1,1,1,,,
plot development,1,1,1,,,
plot doesn't make any sense,1,1,1,,,
plot driven,1,1,1,,,
plot fails,1,1,1,,,
plot is beating around the bush,1,1,1,,,
plot light,1,1,1,,,
plot point:animal:cat,1,1,1,,,
plot point:dinosaur skeleton,1,1,1,,,
plot point:lottery ticket,1,1,1,,,
plot point:telephone,1,1,1,,,
plot points that don't make sense.,1,1,1,,,
plot recycle,1,1,1,,,
plot structure,1,1,1,,,
plot without a clear problem to solve,1,1,1,,,
plot.,1,1,1,,,
plot:bildungsroman but with middle-aged character,1,1,1,,,
plot:confusion between war-movie being filmed and reality,1,1,1,,,
plot:sex complicates romance,1,1,1,,,
plotless wonder,1,1,1,,,
plots are for the weak,1,1,1,,,
"plottet er - som de oftest er med ritchie - virkelig velkonstrueret i sin kringelede sving, som altid skaber sjove tilfældigheder.",1,1,1,,,
ploy jindachote,1,1,1,,,
plucky crew,1,1,1,,,
plucky determination,1,1,1,,,
plutonium bomb,1,1,1,,,
poachers,1,1,1,,,
pocket watch,1,1,1,,,
pods,1,1,1,,,
poetic licence,1,1,1,,,
poetic title,1,1,1,,,
poetry primer,1,1,1,,,
pognant,1,1,1,,,
pogues,1,1,1,,,
poignant living life story,1,1,1,,,
point,1,1,1,,,
pointed sticks cameo,1,1,1,,,
pointless action,1,1,1,,,
pointless nudity,1,1,1,,,
pointless remake,1,1,1,,,
pointless shock,1,1,1,,,
points of view,1,1,1,,,
pokies,1,1,1,,,
polanski + depp make something of cool interest,1,1,1,,,
polar night,1,1,1,,,
polarity,1,1,1,,,
polemic,1,1,1,,,
police chief,1,1,1,,,
police inspector,1,1,1,,,
police or flight?,1,1,1,,,
police surveillance,1,1,1,,,
polish-jewish history,1,1,1,,,
polished,1,1,1,,,
polite speech,1,1,1,,,
political action,1,1,1,,,
political conspiracies,1,1,1,,,
political family,1,1,1,,,
political intrigues,1,1,1,,,
political metaphor,1,1,1,,,
political right versus left,1,1,1,,,
political strategist,1,1,1,,,
politician cameo,1,1,1,,,
politics of media,1,1,1,,,
polka,1,1,1,,,
polly holliday,1,1,1,,,
poltergeist,1,1,1,,,
polution,1,1,1,,,
polyglot,1,1,1,,,
polysemic,1,1,1,,,
pompadour,1,1,1,,,
pompeii,1,1,1,,,
pondicherry,1,1,1,,,
ponyboy dies,1,1,1,,,
ponzi scheme,1,1,1,,,
poo jokes,1,1,1,,,
pooping back and forth,1,1,1,,,
poor,1,1,1,,,
poor acting performance,1,1,1,,,
poor action,1,1,1,,,
poor casting,1,1,1,,,
poor characterization,1,1,1,,,
poor dialogues,1,1,1,,,
poor directing,1,1,1,,,
poor editing,1,1,1,,,
poor ending,1,1,1,,,
poor excecution,1,1,1,,,
poor gay dude,1,1,1,,,
poor kids,1,1,1,,,
poor music,1,1,1,,,
poor narrative,1,1,1,,,
poor neighborhood,1,1,1,,,
poor pacing,1,1,1,,,
poor plot deve,1,1,1,,,
poor production value,1,1,1,,,
poor production...,1,1,1,,,
poor quality as documentary: sourcing; obvious bias,1,1,1,,,
poor sequels,1,1,1,,,
poor special effects,1,1,1,,,
poor story line,1,1,1,,,
poor umpa lumpa songs,1,1,1,,,
poor unfortunate souls,1,1,1,,,
poor use of statistics undermines its correct argument,1,1,1,,,
poor vs. rich,1,1,1,,,
poorly adapted to english,1,1,1,,,
poorly casted lead actress,1,1,1,,,
poorly done,1,1,1,,,
poorly made,1,1,1,,,
poorly realized film,1,1,1,,,
poorly scripted,1,1,1,,,
poorly written dialogue,1,1,1,,,
poorly written songs,1,1,1,,,
poorness,1,1,1,,,
pop soundtrack,1,1,1,,,
popcorn flick,1,1,1,,,
pope,1,1,1,,,
poppy montgomery,1,1,1,,,
popular high school girls with very long legs,1,1,1,,,
popular kids,1,1,1,,,
popular philosophy,1,1,1,,,
population explosion,1,1,1,,,
populistic,1,1,1,,,
popycock,1,1,1,,,
porn addiction,1,1,1,,,
porn shelf,1,1,1,,,
porn star,1,1,1,,,
pornalicious,1,1,1,,,
pornographic,1,1,1,,,
pornography industry,1,1,1,,,
portrait of a family,1,1,1,,,
portrayal of religious zeal,1,1,1,,,
portraying impaired people as spawns of satan is dubious if not despicable,1,1,1,,,
portrã¦t af brooklin som er lidt direkte og klodset i sit portrã¦tform,1,1,1,,,
pos movie,1,1,1,,,
poshlust,1,1,1,,,
positive portrayal of gay relationship,1,1,1,,,
positive portrayal of gay relationships,1,1,1,,,
possibility,1,1,1,,,
possibly homosexual,1,1,1,,,
post,1,1,1,,,
post 9/11,1,1,1,,,
post humanism,1,1,1,,,
post-apocaplyptic,1,1,1,,,
post-civil war,1,1,1,,,
post-colonial conflict,1,1,1,,,
post-marriage fallout,1,1,1,,,
post-prison,1,1,1,,,
post-prohibition,1,1,1,,,
post-punk,1,1,1,,,
post-punk scene,1,1,1,,,
post-war tokyo,1,1,1,,,
posta,1,1,1,,,
postapocalyptic,1,1,1,,,
poster,1,1,1,,,
postivity,1,1,1,,,
postmodernism,1,1,1,,,
poststructuralism,1,1,1,,,
posttraumatic stress disorder,1,1,1,,,
pot cookies,1,1,1,,,
pot_esatar_be,1,1,1,,,
potheads,1,1,1,,,
potsdam conference,1,1,1,,,
potsmoking children,1,1,1,,,
poull brien,1,1,1,,,
pourang nakhael,1,1,1,,,
pov,1,1,1,,,
power games,1,1,1,,,
power glove,1,1,1,,,
power in numbers,1,1,1,,,
power of myth,1,1,1,,,
power play,1,1,1,,,
powerful acting,1,1,1,,,
"powerful ending: one of most powerful and emotional endings that ""sucks out your insides""",1,1,1,,,
powerful female characters,1,1,1,,,
powers boothe,1,1,1,,,
powhatan,1,1,1,,,
pr crisis,1,1,1,,,
practical joke,1,1,1,,,
practicing speech,1,1,1,,,
prague spring,1,1,1,,,
prakash mehra,1,1,1,,,
prank calls,1,1,1,,,
prauge,1,1,1,,,
praying mantis,1,1,1,,,
pre movie,1,1,1,,,
pre-screening,1,1,1,,,
pre-vietnam war,1,1,1,,,
pre-war,1,1,1,,,
prearranged marriage,1,1,1,,,
precious bodily fluids,1,1,1,,,
precision,1,1,1,,,
predict future,1,1,1,,,
predictabile,1,1,1,,,
predictable deaths,1,1,1,,,
predictable twist ending,1,1,1,,,
predictably unpredictable,1,1,1,,,
predictible,1,1,1,,,
prediction,1,1,1,,,
predictive,1,1,1,,,
predjudice:xenophobia,1,1,1,,,
predrag antonijevic,1,1,1,,,
preeettyyy,1,1,1,,,
pregancy,1,1,1,,,
prehensile hair,1,1,1,,,
prehistory,1,1,1,,,
preictable,1,1,1,,,
prejudice about brazil,1,1,1,,,
prejudice romance,1,1,1,,,
prejudice:transphobic,1,1,1,,,
premature aging,1,1,1,,,
premiere (outside toronto film festivals) postponed by two years due to 9/11,1,1,1,,,
premise was very comfortable,1,1,1,,,
prententious bullshit,1,1,1,,,
preparation,1,1,1,,,
preppers,1,1,1,,,
preppie,1,1,1,,,
prequel to:murderers row,1,1,1,,,
prequel to:the cat returns,1,1,1,,,
prequelto:evan almighty,1,1,1,,,
prequelto:silence of the lambs,1,1,1,,,
presentation,1,1,1,,,
presidental assasination,1,1,1,,,
pressing,1,1,1,,,
presumed dead,1,1,1,,,
presumptuousness,1,1,1,,,
pretending,1,1,1,,,
pretentios,1,1,1,,,
pretty cool,1,1,1,,,
pretty creepy,1,1,1,,,
pretty good but not great,1,1,1,,,
pretty retarded,1,1,1,,,
pretty terrible,1,1,1,,,
pretty woman twist,1,1,1,,,
primal,1,1,1,,,
primal revenge,1,1,1,,,
primatologist,1,1,1,,,
prime directive,1,1,1,,,
primer_veure_anterior_peli,1,1,1,,,
primer_veure_anterior_saga,1,1,1,,,
primer_veure_spiderman3,1,1,1,,,
primitive people,1,1,1,,,
primitive society,1,1,1,,,
prince abubu,1,1,1,,,
prince naveen,1,1,1,,,
princess who doesn't like being a princess,1,1,1,,,
priority,1,1,1,,,
priscilla lane,1,1,1,,,
prison codes,1,1,1,,,
prison escape tenacity accountant,1,1,1,,,
prison guards,1,1,1,,,
prison movie,1,1,1,,,
prison riot,1,1,1,,,
private all girls school,1,1,1,,,
private club,1,1,1,,,
private eye,1,1,1,,,
privileged people discover prejudice/inequality firsthand,1,1,1,,,
pro-gay,1,1,1,,,
probably a better stage play than movie,1,1,1,,,
probably deserves at least as much as shallow grave...,1,1,1,,,
probably libelous about vietnamese,1,1,1,,,
"probably not as good as ""casanova""",1,1,1,,,
probably saw this and loved it.,1,1,1,,,
probably steve martin's worst comedy,1,1,1,,,
probably the best sci-fi film ever made,1,1,1,,,
probation,1,1,1,,,
problems,1,1,1,,,
problems not resolved,1,1,1,,,
process,1,1,1,,,
prodigal son,1,1,1,,,
produced by star,1,1,1,,,
producer,1,1,1,,,
producer:peter jackson,1,1,1,,,
production number,1,1,1,,,
professor layton,1,1,1,,,
professor xavier,1,1,1,,,
profound and life changing,1,1,1,,,
profoundly annoying,1,1,1,,,
program,1,1,1,,,
progress,1,1,1,,,
progressive,1,1,1,,,
progressive house music,1,1,1,,,
projects,1,1,1,,,
prolonged death,1,1,1,,,
prom dance,1,1,1,,,
promise,1,1,1,,,
promotes suspension of due process,1,1,1,,,
proof of kevin smith's skill with dialogue,1,1,1,,,
prophesy,1,1,1,,,
protagoist is writer,1,1,1,,,
protagonist are animals,1,1,1,,,
protagonist is a movie buff,1,1,1,,,
protagonist is a priest,1,1,1,,,
protagonist is a refugee,1,1,1,,,
protagonist is a research scientist,1,1,1,,,
protagonist is a socialite,1,1,1,,,
protagonist is a surgeon,1,1,1,,,
protagonist is a therapist,1,1,1,,,
protagonist is a writer,1,1,1,,,
protagonist is an artist,1,1,1,,,
protagonist is boy scout,1,1,1,,,
protagonist is disorientated by foreign language and culture,1,1,1,,,
protagonist is legal assistant,1,1,1,,,
protagonist is newspaper editor,1,1,1,,,
protagonist is painter (artist),1,1,1,,,
protagonist is paralegal (incidental),1,1,1,,,
protagonist is physician,1,1,1,,,
protagonist is surgeon,1,1,1,,,
protagonist turns into a killer,1,1,1,,,
protection,1,1,1,,,
protective,1,1,1,,,
protective father,1,1,1,,,
protege,1,1,1,,,
protegã©e,1,1,1,,,
proton pack,1,1,1,,,
proust,1,1,1,,,
prudie,1,1,1,,,
ps hoffman,1,1,1,,,
pseudo documentary,1,1,1,,,
pseudoexistentialism,1,1,1,,,
pseudonym,1,1,1,,,
psoting pics on the net,1,1,1,,,
psych!,1,1,1,,,
psychedelic rock,1,1,1,,,
psychic sin facehugger parasites,1,1,1,,,
psycho murderer,1,1,1,,,
psycho thriller,1,1,1,,,
psychoanalaysis,1,1,1,,,
psychologial,1,1,1,,,
psychologic horror,1,1,1,,,
psychologicsl games,1,1,1,,,
psychologist,1,1,1,,,
psychopath as hero,1,1,1,,,
psychotherapy,1,1,1,,,
psychotic murderer,1,1,1,,,
psycodelic,1,1,1,,,
psycologic experiment,1,1,1,,,
public domain,1,1,1,,,
public nudity,1,1,1,,,
public school,1,1,1,,,
public urination,1,1,1,,,
publicity stunt,1,1,1,,,
puff away,1,1,1,,,
puka,1,1,1,,,
puke,1,1,1,,,
pun,1,1,1,,,
punk kids,1,1,1,,,
punk soundtrack,1,1,1,,,
punning,1,1,1,,,
punny,1,1,1,,,
pure cheat,1,1,1,,,
pure fight,1,1,1,,,
purely as a horror movie this one stinks: even casper the friendly ghost is almost as scary,1,1,1,,,
puritan,1,1,1,,,
purity,1,1,1,,,
purity of essence,1,1,1,,,
purple rain rip-off,1,1,1,,,
purple sky,1,1,1,,,
purpose,1,1,1,,,
purposefully bad acting,1,1,1,,,
purposely ambiguous,1,1,1,,,
pursuit,1,1,1,,,
pussy galore,1,1,1,,,
puttrig,1,1,1,,,
puukkojunkkari,1,1,1,,,
puukkojunkkarit,1,1,1,,,
pwned,1,1,1,,,
pychological,1,1,1,,,
pyschology,1,1,1,,,
pyschopath,1,1,1,,,
python,1,1,1,,,
pál fejös,1,1,1,,,
pã©ssimo,1,1,1,,,
pã¸lla,1,1,1,,,
q,1,1,1,,,
q & a,1,1,1,,,
q'orianka kilcher,1,1,1,,,
qasim basir,1,1,1,,,
qatar,1,1,1,,,
qotd is the 3rd book - they squeezed the vampire lestat into 20 minutes of film,1,1,1,,,
quadriplegia/tetraplegia,1,1,1,,,
quality,1,1,1,,,
quando eravamo re,1,1,1,,,
quantrail's raiders,1,1,1,,,
quarrelsome,1,1,1,,,
quarter life crisis,1,1,1,,,
quarto potere,1,1,1,,,
quase conseguiu mas se embolou muito no final,1,1,1,,,
que espere o ceu,1,1,1,,,
quechua,1,1,1,,,
queer cinema,1,1,1,,,
queer mystery,1,1,1,,,
quest for fame,1,1,1,,,
questionable explotation,1,1,1,,,
questionable methodology,1,1,1,,,
questioning sanity,1,1,1,,,
quick,1,1,1,,,
quick pace,1,1,1,,,
quick reversal,1,1,1,,,
quiet romance,1,1,1,,,
quincy jones,1,1,1,,,
quint lancaster,1,1,1,,,
quirkey,1,1,1,,,
quirkiness,1,1,1,,,
quirky comedy,1,1,1,,,
quirky corny,1,1,1,,,
quirky funny,1,1,1,,,
quite good thriller,1,1,1,,,
quite moving,1,1,1,,,
quite okay,1,1,1,,,
quite sinister,1,1,1,,,
qunshu gao,1,1,1,,,
"quote:""climb the stairway of mystery then cross the threshold of reality and enter into the realm of dementia five!""",1,1,1,,,
"quote:""dickheads""",1,1,1,,,
"quote:""five by five""",1,1,1,,,
"quote:""fuck-ity bye!""",1,1,1,,,
"quote:""let's make an agreement....""",1,1,1,,,
"quote:""the big picture""",1,1,1,,,
quote:`we don't need no steenkin badges',1,1,1,,,
qute characters,1,1,1,,,
quãƒâ©bãƒâ©cois,1,1,1,,,
québécois,1,1,1,,,
r (language),1,1,1,,,
r&a,1,1,1,,,
r. clearplay,1,1,1,,,
r. phoneix,1,1,1,,,
r2 d2,1,1,1,,,
r: brief violence,1,1,1,,,
r: graphic bloody violence,1,1,1,,,
r:a rape scene,1,1,1,,,
r:brief drug use,1,1,1,,,
r:brief sexuality,1,1,1,,,
r:brief strong violence,1,1,1,,,
r:brief violent image,1,1,1,,,
r:disturbing images,1,1,1,,,
r:disturbing violent content including rape,1,1,1,,,
r:disturbing violent images,1,1,1,,,
r:elements of sexuality,1,1,1,,,
r:graphic dialogue involving teens,1,1,1,,,
r:graphic nudity,1,1,1,,,
r:graphic sexuality,1,1,1,,,
r:graphic war violence,1,1,1,,,
r:grisly images,1,1,1,,,
r:intense depiction of drug addiction,1,1,1,,,
r:rape,1,1,1,,,
r:scene of violence,1,1,1,,,
r:scenes of torture,1,1,1,,,
r:sci-fi violence including some intense images,1,1,1,,,
r:sexual content including dialogue,1,1,1,,,
r:sexual material,1,1,1,,,
r:some drug content,1,1,1,,,
r:some drug-related material,1,1,1,,,
r:some graphic nudity,1,1,1,,,
r:some graphic violent images,1,1,1,,,
r:some nudity,1,1,1,,,
r:some sexuality,1,1,1,,,
r:some strong sexual content,1,1,1,,,
r:some violent images,1,1,1,,,
r:strong bloody violence,1,1,1,,,
r:strong brutal violence,1,1,1,,,
r:strong depiction of thematic material,1,1,1,,,
r:strong horror violence,1,1,1,,,
r:strong sexuality,1,1,1,,,
r:substance abuse,1,1,1,,,
r:sustained strong stylized violence,1,1,1,,,
r:violent and sexual images,1,1,1,,,
r:zombie violence,1,1,1,,,
ra,1,1,1,,,
rabbi,1,1,1,,,
rabies,1,1,1,,,
race riots,1,1,1,,,
rachael blake,1,1,1,,,
rachael sexy,1,1,1,,,
rachel hurd-wood,1,1,1,,,
rachel mcadams is diane keaton,1,1,1,,,
rachel mcadams is hot,1,1,1,,,
rachel melvin,1,1,1,,,
rachel talalay,1,1,1,,,
rachel ward,1,1,1,,,
rachel weisz can't act.,1,1,1,,,
rachelle lefevre,1,1,1,,,
racial hygiene,1,1,1,,,
racially offensive,1,1,1,,,
racing scenes,1,1,1,,,
racist history,1,1,1,,,
rad,1,1,1,,,
radagast,1,1,1,,,
rade serbedzija,1,1,1,,,
radical theater,1,1,1,,,
radio silence,1,1,1,,,
radio station,1,1,1,,,
radio story,1,1,1,,,
radio-controlled sharks,1,1,1,,,
radioactive wasteland,1,1,1,,,
radu muntean,1,1,1,,,
rafael e. portas,1,1,1,,,
rafal zielinski,1,1,1,,,
rafi pitts,1,1,1,,,
railroad apprentice,1,1,1,,,
railway,1,1,1,,,
rainer frimmel,1,1,1,,,
rainer matsutani,1,1,1,,,
rainstorm,1,1,1,,,
rainy,1,1,1,,,
raizo ichikawa,1,1,1,,,
raj kapoor,1,1,1,,,
rajnikanth,1,1,1,,,
rakesh roshan,1,1,1,,,
rakeysh omprakash mehra,1,1,1,,,
rakhshan bani etemad,1,1,1,,,
ralf moeller,1,1,1,,,
ralph fiennes' acting,1,1,1,,,
ralph kretschmar,1,1,1,,,
ralph s. singleton,1,1,1,,,
ralph smart,1,1,1,,,
ralph truman ii,1,1,1,,,
rama,1,1,1,,,
rama burshtein,1,1,1,,,
ramaa moseley,1,1,1,,,
ramadan,1,1,1,,,
ramayana,1,1,1,,,
rame euy,1,1,1,,,
ramesh sippy,1,1,1,,,
rameshwaram,1,1,1,,,
rammstein,1,1,1,,,
ramon novarro,1,1,1,,,
ramón menéndez,1,1,1,,,
ranald macdougall,1,1,1,,,
randall batinkoff,1,1,1,,,
randall churchill,1,1,1,,,
random pointless death,1,1,1,,,
random shots of animals,1,1,1,,,
random tag,1,1,1,,,
randy shilts,1,1,1,,,
raoul o'connell,1,1,1,,,
raoul peck,1,1,1,,,
rape accusation,1,1,1,,,
rape of a child,1,1,1,,,
rape of child,1,1,1,,,
rape-revenge,1,1,1,,,
raped my childhood,1,1,1,,,
rapes,1,1,1,,,
rapey,1,1,1,,,
raphael,1,1,1,,,
raping hitler,1,1,1,,,
rapping mafia,1,1,1,,,
rare footage,1,1,1,,,
rarely addressed topic,1,1,1,,,
rasist,1,1,1,,,
rasmus a. sivertsen,1,1,1,,,
rasmus breistein,1,1,1,,,
rasool mollagholi poor,1,1,1,,,
rate,1,1,1,,,
rate-down,1,1,1,,,
rated-g,1,1,1,,,
rated-r for swearing,1,1,1,,,
rateyourmusic top pick,1,1,1,,,
ratigan,1,1,1,,,
rating,1,1,1,,,
rational,1,1,1,,,
raunch,1,1,1,,,
rauni mollberg,1,1,1,,,
ravi chopra,1,1,1,,,
raw dog screwing,1,1,1,,,
raw existentialism,1,1,1,,,
rawiri paratene,1,1,1,,,
rawson marshall thuber,1,1,1,,,
ray ashley,1,1,1,,,
ray ban clubmasters,1,1,1,,,
ray davies,1,1,1,,,
ray enright,1,1,1,,,
ray johnson,1,1,1,,,
ray kurzweil,1,1,1,,,
ray lawrence,1,1,1,,,
ray leota,1,1,1,,,
ray müller,1,1,1,,,
ray park,1,1,1,,,
ray william johnson,1,1,1,,,
raymond briggs,1,1,1,,,
raymond carver stories,1,1,1,,,
raymond coulthard,1,1,1,,,
raymond lee,1,1,1,,,
razorback,1,1,1,,,
razzie nominee: worst actor,1,1,1,,,
razzie nominee: worst actress,1,1,1,,,
raúl fuentes,1,1,1,,,
re-done doll,1,1,1,,,
re-fried for u.s.,1,1,1,,,
read all the negative reviews & save 2 hours of your life!,1,1,1,,,
read point of impact first!,1,1,1,,,
real animal cruelty,1,1,1,,,
real challenges,1,1,1,,,
real computers,1,1,1,,,
real drugs,1,1,1,,,
real footage,1,1,1,,,
real history,1,1,1,,,
real human being & a real hero,1,1,1,,,
real kids,1,1,1,,,
real people,1,1,1,,,
real rats drowned,1,1,1,,,
real relationships,1,1,1,,,
real stunts,1,1,1,,,
real- animation mix,1,1,1,,,
real-life cartoon,1,1,1,,,
realidad,1,1,1,,,
realistic cgi,1,1,1,,,
realistic family dynamic,1,1,1,,,
realistic japanese,1,1,1,,,
realistic portrayal,1,1,1,,,
realistic romance,1,1,1,,,
realistic sci-fi,1,1,1,,,
realistic setting,1,1,1,,,
realistic violence,1,1,1,,,
realistic women,1,1,1,,,
realistic. strong.,1,1,1,,,
reality on ending,1,1,1,,,
reality television,1,1,1,,,
really awesome,1,1,1,,,
really awful british accent!,1,1,1,,,
really bad movie,1,1,1,,,
really bad plot,1,1,1,,,
really cool idea,1,1,1,,,
really enjoyable,1,1,1,,,
really graphic violence even though animated style,1,1,1,,,
really heavy,1,1,1,,,
really interesting,1,1,1,,,
really not that bad,1,1,1,,,
really really bad,1,1,1,,,
really scary,1,1,1,,,
really wrong,1,1,1,,,
realness,1,1,1,,,
realpolitik,1,1,1,,,
realtime,1,1,1,,,
rear pwnage,1,1,1,,,
rear window; voyeurism,1,1,1,,,
reason to love film,1,1,1,,,
reasonable aliens,1,1,1,,,
rebecca romijn-stamos,1,1,1,,,
rebel girls,1,1,1,,,
rebel rodriguez,1,1,1,,,
rebuilding society,1,1,1,,,
rec raluca,1,1,1,,,
recklessness,1,1,1,,,
recommend,1,1,1,,,
"recommended by npr ""science friday""",1,1,1,,,
recommended by wwf,1,1,1,,,
reconciliation,1,1,1,,,
reconciling,1,1,1,,,
reconstruction,1,1,1,,,
reconstruction of lost film,1,1,1,,,
recorded,1,1,1,,,
recruitment,1,1,1,,,
recycled footage,1,1,1,,,
recycled plot,1,1,1,,,
recycling,1,1,1,,,
red army,1,1,1,,,
red dawn,1,1,1,,,
red neck,1,1,1,,,
red queen,1,1,1,,,
red ridinghood,1,1,1,,,
red rum,1,1,1,,,
red slippers,1,1,1,,,
red sox,1,1,1,,,
red tape,1,1,1,,,
red west,1,1,1,,,
redefining the 80s,1,1,1,,,
redface,1,1,1,,,
redistribution,1,1,1,,,
redundant,1,1,1,,,
redux,1,1,1,,,
redux: 2008,1,1,1,,,
reenactment,1,1,1,,,
reenactments,1,1,1,,,
reese witherspoon is a cunt,1,1,1,,,
reese witherspoons jaw,1,1,1,,,
referee,1,1,1,,,
reference,1,1,1,,,
reference to asperger's syndrome,1,1,1,,,
reference to robinson crusoe,1,1,1,,,
reference to the red balloon,1,1,1,,,
reference to thx 1138,1,1,1,,,
reference to vertigo,1,1,1,,,
referred to in rhps,1,1,1,,,
reflection,1,1,1,,,
refrigerator,1,1,1,,,
refuse to see,1,1,1,,,
regatta,1,1,1,,,
regency,1,1,1,,,
reggie lee,1,1,1,,,
regina crosby,1,1,1,,,
reginald denny,1,1,1,,,
reginald harkema,1,1,1,,,
reginald owen,1,1,1,,,
regressive industrial town,1,1,1,,,
regular,1,1,1,,,
reiki,1,1,1,,,
reiko aylesworth,1,1,1,,,
reinhold schã¼nzel,1,1,1,,,
reino nordin,1,1,1,,,
reinventing book world,1,1,1,,,
reject,1,1,1,,,
rejoining society,1,1,1,,,
rekindled love,1,1,1,,,
related:assault on precinct 13 (1976;2005),1,1,1,,,
related:author:virginia woolf,1,1,1,,,
related:bon cop [comma] bad cop,1,1,1,,,
related:bonnie and clyde,1,1,1,,,
related:book:mrs. dalloway,1,1,1,,,
related:charlie chan,1,1,1,,,
related:charlotte brontë's jane eyre,1,1,1,,,
related:hamlet,1,1,1,,,
related:hoop dreams,1,1,1,,,
related:king lear,1,1,1,,,
related:secret friend,1,1,1,,,
related:sense and sensibility (book),1,1,1,,,
related:the big sleep,1,1,1,,,
related:the graduate,1,1,1,,,
related:the player,1,1,1,,,
related:whisky galore,1,1,1,,,
relationship between mental illnesses and sanity,1,1,1,,,
relationship drama with a mob twist,1,1,1,,,
relationship problems,1,1,1,,,
relativism,1,1,1,,,
relaunch,1,1,1,,,
release year,1,1,1,,,
relevant today,1,1,1,,,
religion vs modern world,1,1,1,,,
religion:elvis,1,1,1,,,
religious conflict,1,1,1,,,
religious convictions,1,1,1,,,
religious cult,1,1,1,,,
religious expletive,1,1,1,,,
religious expletives,1,1,1,,,
religious fraud,1,1,1,,,
religious identification,1,1,1,,,
religious stupidity,1,1,1,,,
religious themes,1,1,1,,,
religious tolerance,1,1,1,,,
religious tripe,1,1,1,,,
religon,1,1,1,,,
religous,1,1,1,,,
reliving past,1,1,1,,,
remade as rich and famous,1,1,1,,,
remade as: the ring (2002),1,1,1,,,
remade as:the grudge,1,1,1,,,
remade into tortilla soup,1,1,1,,,
remade later,1,1,1,,,
remadeas:el dorado(1966); rio lobo (1970),1,1,1,,,
remadeas:hairspray(2007),1,1,1,,,
remadeas:the last kiss (2006),1,1,1,,,
remadeas:tortilla soup,1,1,1,,,
remake as:the grudge,1,1,1,,,
remake d'una ja vista,1,1,1,,,
remake of a japanese film,1,1,1,,,
remake of classic,1,1,1,,,
remake of eat drink man woman,1,1,1,,,
remake of insomnia (1997),1,1,1,,,
remake: johnny mnemonic,1,1,1,,,
remakeof:an officer and a gentleman?,1,1,1,,,
remakeof:eat drink man woman,1,1,1,,,
remakeof:hold-up (1985),1,1,1,,,
remakeof:la cage aux folles (1978),1,1,1,,,
remakeof:ninotchka,1,1,1,,,
remakeof:on the beach (1959),1,1,1,,,
remakeof:solyaris (1972),1,1,1,,,
remakeof:the shaggy dog(1959),1,1,1,,,
remakes,1,1,1,,,
rematch,1,1,1,,,
remember from childhood,1,1,1,,,
reminded me of american astronaut,1,1,1,,,
reminded me of thoughts i had when i was that age,1,1,1,,,
"reminds me of match point weren't so much more dramatic and so much less ""plot driven"" (i.e.",1,1,1,,,
reminiscence,1,1,1,,,
reminiscent of a bad 60's comedy,1,1,1,,,
reminiscent of wes anderson,1,1,1,,,
remix culture,1,1,1,,,
remorse,1,1,1,,,
remote,1,1,1,,,
rendition,1,1,1,,,
rendu-lã,1,1,1,,,
rene goscinny,1,1,1,,,
rene kirby,1,1,1,,,
rene medvesek,1,1,1,,,
renee tajima-pena,1,1,1,,,
renee z,1,1,1,,,
renee zwelleger,1,1,1,,,
renegade body parts,1,1,1,,,
renet feret,1,1,1,,,
renovation,1,1,1,,,
rent control,1,1,1,,,
rent or buy,1,1,1,,,
rent with shelly,1,1,1,,,
rental dvd,1,1,1,,,
renzo martens,1,1,1,,,
renã?â?ã?â©e zellweger,1,1,1,,,
renã¨e zellweger,1,1,1,,,
renã©,1,1,1,,,
renã© laloux,1,1,1,,,
renã©e humphrey,1,1,1,,,
renãƒâ© laloux,1,1,1,,,
rené cardona,1,1,1,,,
rené sampaio,1,1,1,,,
rené sti,1,1,1,,,
repeated jokes,1,1,1,,,
repeated song throughout film,1,1,1,,,
repeating,1,1,1,,,
repeating day,1,1,1,,,
repetitious,1,1,1,,,
repetitive fight moves,1,1,1,,,
repetitive plot points,1,1,1,,,
repetitive sequences,1,1,1,,,
replicant,1,1,1,,,
replicants,1,1,1,,,
representation,1,1,1,,,
representation of children,1,1,1,,,
reptile-people,1,1,1,,,
republic,1,1,1,,,
republic serial,1,1,1,,,
reputation,1,1,1,,,
requisites,1,1,1,,,
rescue mission,1,1,1,,,
rescuedawnthetruth.com,1,1,1,,,
research psychotherapist,1,1,1,,,
reshef levi,1,1,1,,,
resilient child character,1,1,1,,,
resistance fighter,1,1,1,,,
resolute,1,1,1,,,
resolution,1,1,1,,,
resort community,1,1,1,,,
respect is due,1,1,1,,,
respect verses fear,1,1,1,,,
respectful of christianity,1,1,1,,,
restaurant world,1,1,1,,,
restitution,1,1,1,,,
restored,1,1,1,,,
restraining order,1,1,1,,,
restraunt wars,1,1,1,,,
"ret interessant billede. det er utrolig visuelt, med det smukke øje i centrum. folks øjne og briller er et form for tematisk centrum for visualiteten som fungerer ret flot. eller analogier, såsom lyset gennem vinduets prisme osv.",1,1,1,,,
ret stã¦rke lã¸jer,1,1,1,,,
retarded monster,1,1,1,,,
retarted,1,1,1,,,
retcon,1,1,1,,,
retconned,1,1,1,,,
retelling of 3 kings x-mas story,1,1,1,,,
retread of the original,1,1,1,,,
returning character killed off,1,1,1,,,
reused jokes,1,1,1,,,
reuters,1,1,1,,,
revamp,1,1,1,,,
revealing clothing,1,1,1,,,
revenge by family,1,1,1,,,
revenge porn,1,1,1,,,
reverse,1,1,1,,,
reverse process of aging,1,1,1,,,
revisionism,1,1,1,,,
revisionist,1,1,1,,,
revisionist history,1,1,1,,,
revival of john travolta,1,1,1,,,
revolt,1,1,1,,,
revolutionary guerillas,1,1,1,,,
rewanda,1,1,1,,,
reykjavik,1,1,1,,,
reykjavã­k,1,1,1,,,
reza mirkarimi,1,1,1,,,
rhea perlman,1,1,1,,,
rhetorical speech,1,1,1,,,
rhinoceros,1,1,1,,,
rhode island,1,1,1,,,
rhona mitra,1,1,1,,,
rhondda,1,1,1,,,
rhys wakefield,1,1,1,,,
ribald,1,1,1,,,
ric esther bienstock,1,1,1,,,
ric roman waugh,1,1,1,,,
ric serena,1,1,1,,,
ricardo darã­n,1,1,1,,,
ricardo darín,1,1,1,,,
ricci harnett,1,1,1,,,
rich = corrupt,1,1,1,,,
rich brat,1,1,1,,,
rich cooper,1,1,1,,,
rich fantasy world,1,1,1,,,
rich guy - poor girl,1,1,1,,,
rich moore,1,1,1,,,
rich people problems,1,1,1,,,
rich vs. poor,1,1,1,,,
rich what? richmond! really great movie!,1,1,1,,,
richard baseheart,1,1,1,,,
richard berge,1,1,1,,,
richard boden,1,1,1,,,
richard briers,1,1,1,,,
richard c. sarafian,1,1,1,,,
richard condie,1,1,1,,,
richard dawkins,1,1,1,,,
richard de aragues,1,1,1,,,
richard dean anderson,1,1,1,,,
richard dimitri,1,1,1,,,
richard egan,1,1,1,,,
richard feynman,1,1,1,,,
richard fitzpatrick,1,1,1,,,
richard friedenberg,1,1,1,,,
richard gordon,1,1,1,,,
richard greenberg,1,1,1,,,
richard hankin,1,1,1,,,
richard haydn,1,1,1,,,
richard irving,1,1,1,,,
richard j. lewis,1,1,1,,,
richard johnson,1,1,1,,,
richard jordan,1,1,1,,,
richard kind,1,1,1,,,
richard laxton,1,1,1,,,
richard lewis,1,1,1,,,
richard lewis warren,1,1,1,,,
richard libertini,1,1,1,,,
richard press,1,1,1,,,
richard ray perez,1,1,1,,,
richard rich,1,1,1,,,
richard roxburgh,1,1,1,,,
richard rush,1,1,1,,,
richard sale,1,1,1,,,
richard schenkman,1,1,1,,,
richard spence,1,1,1,,,
richard stallman,1,1,1,,,
richard strauss,1,1,1,,,
richard williams,1,1,1,,,
richie ren,1,1,1,,,
richmond,1,1,1,,,
richmond arquette,1,1,1,,,
rick ernst,1,1,1,,,
rick friedberg,1,1,1,,,
rick goldsmith,1,1,1,,,
rick kavanian,1,1,1,,,
rick king,1,1,1,,,
rick ray,1,1,1,,,
rick rowley,1,1,1,,,
rickson gracie,1,1,1,,,
ricky lau,1,1,1,,,
ricky nelson,1,1,1,,,
ridicules heroes,1,1,1,,,
ridiculous bomb disposal scene,1,1,1,,,
ridiculous gun stuff,1,1,1,,,
ridiculous sex scene,1,1,1,,,
ridiculous suspension of disbelief,1,1,1,,,
ridiculous trial,1,1,1,,,
ridiculously cliche,1,1,1,,,
ridiculously goodlooking,1,1,1,,,
ridiculus,1,1,1,,,
riding,1,1,1,,,
riding star wars' coattails,1,1,1,,,
rif,1,1,1,,,
riff trax fodder,1,1,1,,,
rifftrax,1,1,1,,,
rifles,1,1,1,,,
right next to zoolander.,1,1,1,,,
right science,1,1,1,,,
right technology,1,1,1,,,
righteous,1,1,1,,,
righteous rage,1,1,1,,,
rigtig fin. det er isã¦r fedt hvordan dynamikken forandrer sig helt vildt i deres forhold og ã¦ndrer filmen i brud.,1,1,1,,,
rikiya otaka,1,1,1,,,
riley smith,1,1,1,,,
rings,1,1,1,,,
rintaro,1,1,1,,,
rio kanno,1,1,1,,,
"rip off of ""heaven can wait""",1,1,1,,,
"rip off of ""michael marshall smith - spares""",1,1,1,,,
rip off of 2001: a space odyssey,1,1,1,,,
ripd,1,1,1,,,
ripe with cliches,1,1,1,,,
ripley,1,1,1,,,
ripoff of scream,1,1,1,,,
ripped off annie hall,1,1,1,,,
ripped-off (k-pax),1,1,1,,,
risk taker,1,1,1,,,
risto,1,1,1,,,
risto jarva,1,1,1,,,
rita hayworth can dance!,1,1,1,,,
rite of passage,1,1,1,,,
ritesh batra,1,1,1,,,
rithy panh,1,1,1,,,
river-rafting,1,1,1,,,
road,1,1,1,,,
road chase,1,1,1,,,
road kill,1,1,1,,,
roadside picnic,1,1,1,,,
roald dhal,1,1,1,,,
roaring 20s,1,1,1,,,
rob from the insurance companies,1,1,1,,,
rob fruchtman,1,1,1,,,
rob laduca,1,1,1,,,
rob pritts,1,1,1,,,
rob scheider,1,1,1,,,
rob schmidt,1,1,1,,,
rob stewart,1,1,1,,,
rob thomas,1,1,1,,,
rob whittlesey,1,1,1,,,
rob williams,1,1,1,,,
robb reiner,1,1,1,,,
robbie amell,1,1,1,,,
robbie gordon,1,1,1,,,
robbie kay,1,1,1,,,
robby the robot,1,1,1,,,
robert a. heinlein,1,1,1,,,
robert altmann,1,1,1,,,
robert bailey jr.,1,1,1,,,
robert barry ptolemy,1,1,1,,,
robert bolt,1,1,1,,,
robert brylewski,1,1,1,,,
robert butler,1,1,1,,,
robert c. cooper,1,1,1,,,
robert caro,1,1,1,,,
robert carradine,1,1,1,,,
robert cibis,1,1,1,,,
robert cornthwaite,1,1,1,,,
robert cummings,1,1,1,,,
robert d. siegel,1,1,1,,,
robert davi,1,1,1,,,
robert denny,1,1,1,,,
robert donat,1,1,1,,,
robert downey,1,1,1,,,
robert downey sr.,1,1,1,,,
robert drew,1,1,1,,,
robert driscoll,1,1,1,,,
robert e. howard,1,1,1,,,
robert ellis miller,1,1,1,,,
robert f. hill,1,1,1,,,
robert favreau,1,1,1,,,
robert fuest,1,1,1,,,
robert greene,1,1,1,,,
robert gustafsson,1,1,1,,,
robert guédiguian,1,1,1,,,
robert hays,1,1,1,,,
robert helpmann,1,1,1,,,
robert hoffman,1,1,1,,,
robert houston,1,1,1,,,
robert kennedy,1,1,1,,,
robert klane,1,1,1,,,
robert kurtzman,1,1,1,,,
robert lee king,1,1,1,,,
robert longo,1,1,1,,,
robert lorenz,1,1,1,,,
robert ludlam,1,1,1,,,
robert marcarelli,1,1,1,,,
robert mcnamara,1,1,1,,,
robert moore,1,1,1,,,
robert morley,1,1,1,,,
robert moses,1,1,1,,,
robert pastorelli,1,1,1,,,
robert pattinson!,1,1,1,,,
robert prosky,1,1,1,,,
robert raphael goodman,1,1,1,,,
robert romanus,1,1,1,,,
robert rubin,1,1,1,,,
robert sarkies,1,1,1,,,
robert sheehan,1,1,1,,,
robert stanton,1,1,1,,,
robert stevenhagen,1,1,1,,,
robert stone,1,1,1,,,
robert stromberg,1,1,1,,,
robert taylor,1,1,1,,,
robert towne,1,1,1,,,
robert vernay,1,1,1,,,
robert walker,1,1,1,,,
robert williams,1,1,1,,,
robert wuhl,1,1,1,,,
roberta maxwell,1,1,1,,,
roberto gavaldón,1,1,1,,,
roberto rosselini,1,1,1,,,
roberts gannaway,1,1,1,,,
robin hardy,1,1,1,,,
robin hessman,1,1,1,,,
robin hood reference,1,1,1,,,
robin hood wannabe,1,1,1,,,
robin mcleavy,1,1,1,,,
robin swicord,1,1,1,,,
robin w,1,1,1,,,
robinne lee,1,1,1,,,
robo,1,1,1,,,
robot design,1,1,1,,,
robot samurai,1,1,1,,,
robot sex,1,1,1,,,
rochelle davis,1,1,1,,,
rochkind,1,1,1,,,
rock 'n' roll,1,1,1,,,
rock and roll; unsung heroes,1,1,1,,,
rockers,1,1,1,,,
rockport ma,1,1,1,,,
rocky horror,1,1,1,,,
rocky wannabe,1,1,1,,,
rocn and roll,1,1,1,,,
roddy mcdowell,1,1,1,,,
roddy piper,1,1,1,,,
rodica tapalaga,1,1,1,,,
rodney ascher,1,1,1,,,
rodney bennett,1,1,1,,,
rodney mullen,1,1,1,,,
rodney turt taylor,1,1,1,,,
rodrigo cortes,1,1,1,,,
rodrigo de la serna,1,1,1,,,
rodrigo garcia,1,1,1,,,
rodrigo garcã­a,1,1,1,,,
roger allam,1,1,1,,,
roger livesey,1,1,1,,,
roger nygard,1,1,1,,,
roger r. cross,1,1,1,,,
roger vadim,1,1,1,,,
roger young,1,1,1,,,
rohit shetty,1,1,1,,,
rohypnol,1,1,1,,,
rokuro mochizuki,1,1,1,,,
roland dã¼ringer,1,1,1,,,
roland joffã©,1,1,1,,,
roland suso richter,1,1,1,,,
roland young,1,1,1,,,
roleplaying,1,1,1,,,
rolf schübel,1,1,1,,,
rolig,1,1,1,,,
roller coaster,1,1,1,,,
rollerblading with fireworks,1,1,1,,,
rollicking,1,1,1,,,
rollin,1,1,1,,,
rolling eyes,1,1,1,,,
rolling stones,1,1,1,,,
rollo weeks,1,1,1,,,
rom-com,1,1,1,,,
rom-rom-com,1,1,1,,,
roma,1,1,1,,,
roman coppola,1,1,1,,,
roman kachanov,1,1,1,,,
roman karimov,1,1,1,,,
roman porno,1,1,1,,,
roman tactics,1,1,1,,,
romanc,1,1,1,,,
romance in the middle of war,1,1,1,,,
romance not believable,1,1,1,,,
romance! happy ending,1,1,1,,,
romane bohringer,1,1,1,,,
romani people,1,1,1,,,
romanian landscape,1,1,1,,,
romanian-speaking black,1,1,1,,,
romans with british accents,1,1,1,,,
romantic at heart,1,1,1,,,
romantic comedy with zombies,1,1,1,,,
romantic drama,1,1,1,,,
romantic ending,1,1,1,,,
romantic girl,1,1,1,,,
romantic relationship,1,1,1,,,
romantic speech,1,1,1,,,
romanticism,1,1,1,,,
romero original,1,1,1,,,
ron davis,1,1,1,,,
ron melendez looks good,1,1,1,,,
ron moody,1,1,1,,,
ron moore,1,1,1,,,
ron morales,1,1,1,,,
ron paul,1,1,1,,,
ron weasley,1,1,1,,,
ronald colman,1,1,1,,,
ronald f. maxwell,1,1,1,,,
ronald lacey,1,1,1,,,
ronald mcdonald cameo,1,1,1,,,
ronda,1,1,1,,,
rondo hatton,1,1,1,,,
ronnie del carmen,1,1,1,,,
roofies,1,1,1,,,
rooftop,1,1,1,,,
rookie cop,1,1,1,,,
rooster,1,1,1,,,
roots for the underdog,1,1,1,,,
ropes,1,1,1,,,
rosalinda celentano,1,1,1,,,
rosanne,1,1,1,,,
rosario flores,1,1,1,,,
roschdy zem,1,1,1,,,
roscoe 'fatty' arbuckle,1,1,1,,,
rose bosch,1,1,1,,,
rose bryne,1,1,1,,,
rose leslie,1,1,1,,,
roseanne barr,1,1,1,,,
roselyn sanchez,1,1,1,,,
roshan seth,1,1,1,,,
rosie in leather,1,1,1,,,
ross ashcroft,1,1,1,,,
ross katz,1,1,1,,,
ross kauffman,1,1,1,,,
rossif sutherland,1,1,1,,,
rotoscoped,1,1,1,,,
rottweiler,1,1,1,,,
rouge agent,1,1,1,,,
roulette,1,1,1,,,
roulette game,1,1,1,,,
rourke great,1,1,1,,,
roy allen smith,1,1,1,,,
roy dotrice,1,1,1,,,
roy dupuis,1,1,1,,,
royal naval college,1,1,1,,,
royal parade,1,1,1,,,
rrobert carlyle,1,1,1,,,
ruba nadda,1,1,1,,,
rubber reality,1,1,1,,,
rubbernecking,1,1,1,,,
ruben alves,1,1,1,,,
ruben smit,1,1,1,,,
rubina ali,1,1,1,,,
ruby dee,1,1,1,,,
ruby slippers,1,1,1,,,
rude humor,1,1,1,,,
rude kids,1,1,1,,,
rudeness,1,1,1,,,
rudies,1,1,1,,,
rudolph maté,1,1,1,,,
rudy,1,1,1,,,
rudy guiliani,1,1,1,,,
ruffio,1,1,1,,,
ruhrgebiet,1,1,1,,,
ruined by nerds,1,1,1,,,
ruined darth vader,1,1,1,,,
ruined deadpool,1,1,1,,,
ruined movie with perverted seduction,1,1,1,,,
ruined the book's plot,1,1,1,,,
ruined woman,1,1,1,,,
rules,1,1,1,,,
rumble in the jungle,1,1,1,,,
rumor,1,1,1,,,
rumpelstiltskin,1,1,1,,,
run,1,1,1,,,
run wrake,1,1,1,,,
runaways,1,1,1,,,
rund,1,1,1,,,
running on air,1,1,1,,,
runt,1,1,1,,,
rupert goold,1,1,1,,,
rupert graves,1,1,1,,,
rupert harvey,1,1,1,,,
rupert julian,1,1,1,,,
rupert murdoch,1,1,1,,,
rupert wainwright,1,1,1,,,
rural china,1,1,1,,,
rural living,1,1,1,,,
rural school,1,1,1,,,
rus,1,1,1,,,
rusia,1,1,1,,,
russ malkin,1,1,1,,,
russell means,1,1,1,,,
russian communist tragedy,1,1,1,,,
russian composers,1,1,1,,,
russian mofia,1,1,1,,,
russian politics,1,1,1,,,
russian world war ii propoganda,1,1,1,,,
rusty cundieff,1,1,1,,,
rusty schwimmer,1,1,1,,,
rutanya alda,1,1,1,,,
ruth hussey,1,1,1,,,
ruth sheen,1,1,1,,,
ruth wilson,1,1,1,,,
rv's,1,1,1,,,
rwanda genocide,1,1,1,,,
ryan coogler,1,1,1,,,
ryan darst,1,1,1,,,
ryan gosling will never love me :(,1,1,1,,,
ryan gosling!!!,1,1,1,,,
ryan hurst,1,1,1,,,
ryan kelley,1,1,1,,,
ryan little,1,1,1,,,
ryan miningham,1,1,1,,,
ryan moore,1,1,1,,,
ryan reynolds just might be the unfunniest actor in the world.,1,1,1,,,
ryan seacrest,1,1,1,,,
ryeo-won jeong,1,1,1,,,
ryman theater,1,1,1,,,
ryoko hirosue,1,1,1,,,
ryuichi yagi,1,1,1,,,
ryã»nosuke kamiki,1,1,1,,,
ryôsuke nakamura,1,1,1,,,
ryûhei kitamura,1,1,1,,,
rémi bezançon,1,1,1,,,
rémy belvaux,1,1,1,,,
rúnar rúnarsson,1,1,1,,,
s & m,1,1,1,,,
s m a r t      movie!!!,1,1,1,,,
s. epatha merkerson,1,1,1,,,
s.s. wilson,1,1,1,,,
sacred geometry,1,1,1,,,
sacrilegous,1,1,1,,,
sad but true ;),1,1,1,,,
sad kid story,1,1,1,,,
sad part quite shocking,1,1,1,,,
sad plot,1,1,1,,,
sad story,1,1,1,,,
sad world of stand up comedy,1,1,1,,,
saddam,1,1,1,,,
saddiq barmak,1,1,1,,,
sade,1,1,1,,,
sadist,1,1,1,,,
sadistic director,1,1,1,,,
sadly,1,1,1,,,
sadly boring,1,1,1,,,
sadomasochist demons from hell,1,1,1,,,
sadyk sher-niyaz,1,1,1,,,
safari,1,1,1,,,
safy nebbou,1,1,1,,,
sag awards - outstanding performance by a female actor in a leading role,1,1,1,,,
sage stallone,1,1,1,,,
sahara,1,1,1,,,
saigo takamori,1,1,1,,,
saigon,1,1,1,,,
sailboat,1,1,1,,,
sailor and lula,1,1,1,,,
saint martin,1,1,1,,,
saint pierre and miquelon,1,1,1,,,
sakasama no patema,1,1,1,,,
saks,1,1,1,,,
salamanca,1,1,1,,,
salem witch trials,1,1,1,,,
sales,1,1,1,,,
saliva song rocks,1,1,1,,,
sallly field,1,1,1,,,
sally el hosaini,1,1,1,,,
sally fields,1,1,1,,,
sally kellerman,1,1,1,,,
salma,1,1,1,,,
saloon,1,1,1,,,
salute to douglas sirk,1,1,1,,,
salzburg,1,1,1,,,
sam calagione,1,1,1,,,
sam claflin,1,1,1,,,
sam garbarski,1,1,1,,,
sam green,1,1,1,,,
sam jaimes,1,1,1,,,
sam jones,1,1,1,,,
sam miller,1,1,1,,,
sam watterston,1,1,1,,,
samantha mathis,1,1,1,,,
samara morgan,1,1,1,,,
same as other silent movies,1,1,1,,,
same setting,1,1,1,,,
same story,1,1,1,,,
sami bouajila,1,1,1,,,
sammy davis jr.,1,1,1,,,
samual l. jackson,1,1,1,,,
samuel barnett,1,1,1,,,
samuel benchetrit,1,1,1,,,
samuel l. broncowitz,1,1,1,,,
samuel maoz,1,1,1,,,
samurai battles,1,1,1,,,
samurai fiction,1,1,1,,,
samuri,1,1,1,,,
san clemente high school,1,1,1,,,
sand in uncomfortable places,1,1,1,,,
sandals,1,1,1,,,
sandi simcha dubowski,1,1,1,,,
sandomierz,1,1,1,,,
sandor csanyi,1,1,1,,,
sandow,1,1,1,,,
sandra dee,1,1,1,,,
sandra fierlinger,1,1,1,,,
sandrine kiberlain,1,1,1,,,
sandstorm,1,1,1,,,
sandy collora,1,1,1,,,
saneism,1,1,1,,,
sangue blu,1,1,1,,,
sanitarium,1,1,1,,,
santa,1,1,1,,,
santa fe,1,1,1,,,
santiago cabrera,1,1,1,,,
santiago mitre,1,1,1,,,
santiago segura,1,1,1,,,
sap,1,1,1,,,
saptastic,1,1,1,,,
sara foster,1,1,1,,,
sara rue,1,1,1,,,
sarah burns,1,1,1,,,
sarah butler,1,1,1,,,
sarah drew,1,1,1,,,
sarah lancaster,1,1,1,,,
sarah maldoror,1,1,1,,,
sarah manninen,1,1,1,,,
sarah mccarthy,1,1,1,,,
sarah paulson,1,1,1,,,
sarah price,1,1,1,,,
sarah smith,1,1,1,,,
sarah watt,1,1,1,,,
saramago,1,1,1,,,
sarcastic,1,1,1,,,
sari lennick,1,1,1,,,
saschka unseld,1,1,1,,,
sasha knezev,1,1,1,,,
sasson gabai,1,1,1,,,
satanically evil,1,1,1,,,
satellites,1,1,1,,,
satire about smoking,1,1,1,,,
satire!,1,1,1,,,
satire:art world,1,1,1,,,
satire:major recutting,1,1,1,,,
satisfaction at work,1,1,1,,,
satisfying,1,1,1,,,
satoshi nishimura,1,1,1,,,
satu silvo,1,1,1,,,
saturation,1,1,1,,,
saturday school detention,1,1,1,,,
saturn,1,1,1,,,
satya bhabha,1,1,1,,,
sauerkraut,1,1,1,,,
saul bass,1,1,1,,,
saul metzstein,1,1,1,,,
sauron,1,1,1,,,
savagery,1,1,1,,,
save the empire,1,1,1,,,
saved by good editing,1,1,1,,,
saw it ten times,1,1,1,,,
saw this about 25 years ago,1,1,1,,,
saw w/ bkd in trout lake,1,1,1,,,
saw when little and liked,1,1,1,,,
saxophone,1,1,1,,,
say macaroni,1,1,1,,,
sayed ahmad,1,1,1,,,
sc,1,1,1,,,
sc-fi,1,1,1,,,
scala al paradiso,1,1,1,,,
scalpel,1,1,1,,,
scalping,1,1,1,,,
scandar copti,1,1,1,,,
scandinavian,1,1,1,,,
scandinavian summer,1,1,1,,,
scared shitless,1,1,1,,,
scarlett alice johnson,1,1,1,,,
scarlett johnasson,1,1,1,,,
scars,1,1,1,,,
scary funny,1,1,1,,,
scary implications,1,1,1,,,
scary monster,1,1,1,,,
scary monsters,1,1,1,,,
scary movie,1,1,1,,,
scary opening,1,1,1,,,
scary stuff,1,1,1,,,
scat fetish,1,1,1,,,
scathing,1,1,1,,,
scatologic jokes,1,1,1,,,
scattershot,1,1,1,,,
scenario stupid will smith too bad...,1,1,1,,,
scenen hvor de ude på havet synger den sømandsvise han har skrevet er genial,1,1,1,,,
scenes with writer and adult pi,1,1,1,,,
schlock horror,1,1,1,,,
school competition,1,1,1,,,
school kids,1,1,1,,,
school play,1,1,1,,,
schoolgirl,1,1,1,,,
schoolgirls,1,1,1,,,
schoolmasterly social commentary,1,1,1,,,
schwarzenneger character now controlled by good,1,1,1,,,
schweigen der lã¤mmer trifft gorillas im nebel,1,1,1,,,
schweinebraten,1,1,1,,,
sci-fi elements,1,1,1,,,
sci-fi horror,1,1,1,,,
sci-fi setting,1,1,1,,,
sci-fi western,1,1,1,,,
science fiction gone bad,1,1,1,,,
science interrupts ritual,1,1,1,,,
science misunderstood,1,1,1,,,
science vs faith,1,1,1,,,
sciencey,1,1,1,,,
scientific fiction,1,1,1,,,
scientific project,1,1,1,,,
scientists,1,1,1,,,
scientology propaganda,1,1,1,,,
scirpt,1,1,1,,,
scooter,1,1,1,,,
score: bernard hermann,1,1,1,,,
score:george fenton,1,1,1,,,
score:wolf parade,1,1,1,,,
scorocco nm,1,1,1,,,
scorpion,1,1,1,,,
scorpious,1,1,1,,,
scorsese movie with gimme shelter,1,1,1,,,
scott adkins,1,1,1,,,
scott alexander,1,1,1,,,
scott baio,1,1,1,,,
scott derrickson,1,1,1,,,
scott di lalla,1,1,1,,,
scott elliott,1,1,1,,,
scott frank,1,1,1,,,
scott galloway,1,1,1,,,
scott glen,1,1,1,,,
scott glosserman,1,1,1,,,
scott hamilton kennedy,1,1,1,,,
scott joplin,1,1,1,,,
scott l. montoya,1,1,1,,,
scott mann,1,1,1,,,
scott miles,1,1,1,,,
scott moore,1,1,1,,,
scott patterson,1,1,1,,,
scott porter,1,1,1,,,
scott rudin,1,1,1,,,
scott sanders,1,1,1,,,
scott thurman,1,1,1,,,
scott turow,1,1,1,,,
scott walker ii,1,1,1,,,
scott weinger,1,1,1,,,
scottie thompson,1,1,1,,,
scottish independence,1,1,1,,,
scottlemieux,1,1,1,,,
scout,1,1,1,,,
scrat steals the show,1,1,1,,,
scream,1,1,1,,,
scream queens,1,1,1,,,
scream's original title,1,1,1,,,
screaming mad george,1,1,1,,,
screen writer,1,1,1,,,
screenwriter,1,1,1,,,
screenwriter:adam mazer,1,1,1,,,
screenwriter:akira kurosawa,1,1,1,,,
screenwriter:allan scott,1,1,1,,,
screenwriter:andres heinz,1,1,1,,,
screenwriter:anna boden,1,1,1,,,
screenwriter:anne rosellini,1,1,1,,,
screenwriter:bill condon,1,1,1,,,
screenwriter:billy wilder,1,1,1,,,
screenwriter:bob clark,1,1,1,,,
screenwriter:buck henry,1,1,1,,,
screenwriter:carol sobieski,1,1,1,,,
screenwriter:casey robinson,1,1,1,,,
screenwriter:charles brackett,1,1,1,,,
screenwriter:chris terrio,1,1,1,,,
screenwriter:chris weitz,1,1,1,,,
screenwriter:christopher hampton,1,1,1,,,
screenwriter:christopher smith,1,1,1,,,
screenwriter:claude klotz,1,1,1,,,
screenwriter:cristian mungiu,1,1,1,,,
screenwriter:cynthia schneider,1,1,1,,,
screenwriter:danny strong,1,1,1,,,
screenwriter:david hare,1,1,1,,,
screenwriter:david lee henry,1,1,1,,,
screenwriter:debra granik,1,1,1,,,
screenwriter:drew pearce,1,1,1,,,
screenwriter:edgar wright,1,1,1,,,
screenwriter:eric singer,1,1,1,,,
screenwriter:fran walsh,1,1,1,,,
screenwriter:frank galati,1,1,1,,,
screenwriter:fridrikh gorenshteyn,1,1,1,,,
screenwriter:gary ross,1,1,1,,,
screenwriter:george axelrod,1,1,1,,,
screenwriter:george clooney,1,1,1,,,
screenwriter:grant heslov,1,1,1,,,
screenwriter:guillermo del toro,1,1,1,,,
screenwriter:hideo oguni,1,1,1,,,
screenwriter:hugh wilson,1,1,1,,,
screenwriter:iris yamashita,1,1,1,,,
screenwriter:j. j. connolly,1,1,1,,,
screenwriter:james moran,1,1,1,,,
screenwriter:jan sardi,1,1,1,,,
screenwriter:jason reitman,1,1,1,,,
screenwriter:jean shephard,1,1,1,,,
screenwriter:jeb stuart,1,1,1,,,
screenwriter:jeph loeb,1,1,1,,,
screenwriter:jim rash,1,1,1,,,
screenwriter:jim taylor,1,1,1,,,
screenwriter:jim uhls,1,1,1,,,
screenwriter:joe eszterhas,1,1,1,,,
screenwriter:john boorman,1,1,1,,,
screenwriter:john guare,1,1,1,,,
screenwriter:john j. mclaughlin,1,1,1,,,
screenwriter:john logan,1,1,1,,,
screenwriter:jonathan roberts,1,1,1,,,
screenwriter:jorge semprãºn,1,1,1,,,
screenwriter:joss whedon,1,1,1,,,
screenwriter:julian fellowes,1,1,1,,,
screenwriter:karey kirkpatrick,1,1,1,,,
screenwriter:lawrence kasdan,1,1,1,,,
screenwriter:leigh brown,1,1,1,,,
screenwriter:lynda la plante,1,1,1,,,
screenwriter:mark heyman,1,1,1,,,
screenwriter:matthew weisman,1,1,1,,,
screenwriter:mauro monti,1,1,1,,,
screenwriter:michael cullers,1,1,1,,,
screenwriter:nat faxon,1,1,1,,,
screenwriter:neal purvis,1,1,1,,,
screenwriter:neil jaworski,1,1,1,,,
screenwriter:neil labute,1,1,1,,,
screenwriter:neil simon,1,1,1,,,
screenwriter:nicholas meyer,1,1,1,,,
screenwriter:nick dear,1,1,1,,,
screenwriter:oliver parker,1,1,1,,,
screenwriter:oliver stone,1,1,1,,,
screenwriter:paul schrader,1,1,1,,,
screenwriter:paul weitz,1,1,1,,,
screenwriter:pavel jurácek,1,1,1,,,
screenwriter:peter hedges,1,1,1,,,
screenwriter:peter jackson,1,1,1,,,
screenwriter:philippa boyens,1,1,1,,,
screenwriter:ramon menendez,1,1,1,,,
screenwriter:richard lagravenese,1,1,1,,,
screenwriter:richard linklater,1,1,1,,,
screenwriter:robert wade,1,1,1,,,
screenwriter:ron shelton,1,1,1,,,
screenwriter:rospo pallenberg,1,1,1,,,
screenwriter:rowan joffe,1,1,1,,,
screenwriter:ruth prawer jhabvala,1,1,1,,,
screenwriter:ryan fleck,1,1,1,,,
screenwriter:ryan murphy,1,1,1,,,
screenwriter:sally phillips,1,1,1,,,
screenwriter:sarah kernochan,1,1,1,,,
screenwriter:satoshi kon,1,1,1,,,
screenwriter:satyajit ray,1,1,1,,,
screenwriter:seishi minakami,1,1,1,,,
screenwriter:shane black,1,1,1,,,
screenwriter:shawn lawrence otto,1,1,1,,,
screenwriter:sheldon turner,1,1,1,,,
screenwriter:shinobu hashimoto,1,1,1,,,
screenwriter:simon pegg,1,1,1,,,
screenwriter:steve bloom,1,1,1,,,
screenwriter:steven e. de souza,1,1,1,,,
screenwriter:steven schwartz,1,1,1,,,
screenwriter:susannah grant,1,1,1,,,
screenwriter:suzanne collins,1,1,1,,,
screenwriter:terence davies,1,1,1,,,
screenwriter:tim mccanlies,1,1,1,,,
screenwriter:todd haynes,1,1,1,,,
screenwriter:tom musca,1,1,1,,,
screenwriter:tom stoppard,1,1,1,,,
screenwriter:william nicholson,1,1,1,,,
screenwriter:william rotko,1,1,1,,,
screenwriter:zach helm,1,1,1,,,
screenwriters,1,1,1,,,
screenwroter:peter hedges,1,1,1,,,
scripture,1,1,1,,,
scuba-diving,1,1,1,,,
sculptor,1,1,1,,,
scum of the earth,1,1,1,,,
"scumbag ""heroes"" too easily redeemed",1,1,1,,,
scythe,1,1,1,,,
sd,1,1,1,,,
sdf,1,1,1,,,
sdfsdfsdfsdfsdfsdf,1,1,1,,,
sea life,1,1,1,,,
sea world,1,1,1,,,
seafood,1,1,1,,,
seaman,1,1,1,,,
seamus mcgarvey,1,1,1,,,
sean baker,1,1,1,,,
sean bean makes it.  the others are okay.  when are they making the odyssey,1,1,1,,,
sean byrne,1,1,1,,,
sean crotty,1,1,1,,,
sean durkin,1,1,1,,,
sean gerowin,1,1,1,,,
sean maguire,1,1,1,,,
sean marshall,1,1,1,,,
sean mathias,1,1,1,,,
sean mccann,1,1,1,,,
sean mcginly,1,1,1,,,
sean mcnamara,1,1,1,,,
sean mullin,1,1,1,,,
sean penn directed,1,1,1,,,
sean penn; boston; drama,1,1,1,,,
seance,1,1,1,,,
seaplane,1,1,1,,,
search for father,1,1,1,,,
sebastian cabot,1,1,1,,,
sebastian del amo,1,1,1,,,
sebastian koch,1,1,1,,,
sebastián borensztein,1,1,1,,,
sebastián lelio,1,1,1,,,
second city comedy,1,1,1,,,
second half of the movie,1,1,1,,,
second half was better!,1,1,1,,,
second spanish republic,1,1,1,,,
second world war,1,1,1,,,
secondary characters,1,1,1,,,
secret mission,1,1,1,,,
secret passage,1,1,1,,,
secret_service,1,1,1,,,
secularization of the church,1,1,1,,,
security,1,1,1,,,
sedate,1,1,1,,,
sedation,1,1,1,,,
seductress,1,1,1,,,
see,1,1,1,,,
"see ""in the mood for love""",1,1,1,,,
see again,1,1,1,,,
see also:peter pan,1,1,1,,,
see also:rumour has it,1,1,1,,,
see also:the graduate,1,1,1,,,
see also:zathura,1,1,1,,,
see in 3d only,1,1,1,,,
see in imax,1,1,1,,,
see it before it's spoiled!!,1,1,1,,,
see planet terror,1,1,1,,,
see soon,1,1,1,,,
see twice,1,1,1,,,
see: arn: the knight templar,1,1,1,,,
see: badlands,1,1,1,,,
see: bella martha,1,1,1,,,
see: bloody sunday,1,1,1,,,
see: deliverance,1,1,1,,,
see: diving bell and the butterfly the (scaphandre et le papillon),1,1,1,,,
see: elegy,1,1,1,,,
see: frida,1,1,1,,,
see: gaslight,1,1,1,,,
see: gosford park,1,1,1,,,
see: happiness,1,1,1,,,
see: happy together (buenos aires affair) (chun gwong cha sit),1,1,1,,,
see: henry and  june,1,1,1,,,
see: house of sand and fog,1,1,1,,,
see: in the mood for love (fa yeung nin wa),1,1,1,,,
see: in the shadow of the moon,1,1,1,,,
see: merry christmas (joyeux noël),1,1,1,,,
see: rust and bone (de rouille et d'os),1,1,1,,,
see: samurai fiction,1,1,1,,,
see: the bear,1,1,1,,,
see: the descent,1,1,1,,,
see: the devil's backbone,1,1,1,,,
see: the fall,1,1,1,,,
see: the limey,1,1,1,,,
see: the spongebob squarepants movie,1,1,1,,,
see: this is england,1,1,1,,,
see: three colors: blue,1,1,1,,,
see: three colors: red,1,1,1,,,
see: thriller: a cruel picture (thriller - en grym film),1,1,1,,,
see: tokyo godfathers,1,1,1,,,
see: valiant,1,1,1,,,
see: wallace and gromit: the curse of the were-rabbit,1,1,1,,,
see: water for elephants,1,1,1,,,
see: watership down,1,1,1,,,
see: wishing stairs (yeogo goedam 3: yeowoo gyedan),1,1,1,,,
seealso:hook (1991),1,1,1,,,
seealso:lost in translation,1,1,1,,,
seealso:mary poppins,1,1,1,,,
seeking meaning,1,1,1,,,
seems better than the book,1,1,1,,,
seems outdated,1,1,1,,,
seems unreal,1,1,1,,,
seen 2005,1,1,1,,,
seen it many times!,1,1,1,,,
seen more thann once,1,1,1,,,
seen multiple times,1,1,1,,,
seen partly,1,1,1,,,
seen several times,1,1,1,,,
seen the movie. remember nothing.,1,1,1,,,
seen this one enough,1,1,1,,,
seen under duress,1,1,1,,,
seen with benoit,1,1,1,,,
seen with my parents,1,1,1,,,
seeout,1,1,1,,,
seet,1,1,1,,,
segments,1,1,1,,,
segovia,1,1,1,,,
seiji maruyama,1,1,1,,,
seiji mizushima,1,1,1,,,
seinfeld made out to this,1,1,1,,,
sela ward,1,1,1,,,
self,1,1,1,,,
self assertion,1,1,1,,,
self deprecation,1,1,1,,,
self destruction,1,1,1,,,
self examination,1,1,1,,,
self image,1,1,1,,,
self injury,1,1,1,,,
self parodying,1,1,1,,,
self promotion,1,1,1,,,
self recognition,1,1,1,,,
self reflection,1,1,1,,,
self sacrifice,1,1,1,,,
self transcendence,1,1,1,,,
self worth,1,1,1,,,
self-analysis,1,1,1,,,
self-aware zombies,1,1,1,,,
self-censorship,1,1,1,,,
self-congratulatory,1,1,1,,,
self-contained,1,1,1,,,
self-deception,1,1,1,,,
self-deprecating,1,1,1,,,
self-destruct finally carried out,1,1,1,,,
self-destructive,1,1,1,,,
self-identity,1,1,1,,,
self-reference,1,1,1,,,
self-sufficiency,1,1,1,,,
selfless decision,1,1,1,,,
selflessness,1,1,1,,,
selkies,1,1,1,,,
semen,1,1,1,,,
semi-bleak,1,1,1,,,
semi-erotic,1,1,1,,,
semi-historical,1,1,1,,,
semi-kafkaesque,1,1,1,,,
sempe,1,1,1,,,
senate president confirmation politics,1,1,1,,,
senator,1,1,1,,,
sencilla,1,1,1,,,
send-up,1,1,1,,,
sendup,1,1,1,,,
sens of sacrifice,1,1,1,,,
sensational,1,1,1,,,
sense of humour,1,1,1,,,
sense of taste,1,1,1,,,
sense of wonder,1,1,1,,,
sensible,1,1,1,,,
sensous,1,1,1,,,
sensurround,1,1,1,,,
sensurround plus,1,1,1,,,
sent to kim jong il,1,1,1,,,
sentience,1,1,1,,,
sentiment,1,1,1,,,
sentimentality,1,1,1,,,
seong-yun oh,1,1,1,,,
seoul,1,1,1,,,
separated from parents,1,1,1,,,
separation of church and state,1,1,1,,,
sequel bomb,1,1,1,,,
sequel boredom,1,1,1,,,
sequel has nothing to do with original,1,1,1,,,
sequel hook,1,1,1,,,
sequel; history; treasure; president,1,1,1,,,
sequels in trilogies that are the strongest movie in the trilogy and stuff,1,1,1,,,
sequelto:bruce almighty,1,1,1,,,
sequelto:the ring (2002),1,1,1,,,
ser den lidt som et portræt over sverige. et ret fint portræt. føj hvor er velfærdsinstitutionerne grimme slog det mig i øvrigt.,1,1,1,,,
serge bourguignon,1,1,1,,,
serge merlin,1,1,1,,,
sergei bodrov jr.,1,1,1,,,
sergei dvortsevoy,1,1,1,,,
sergei yutkevich,1,1,1,,,
sergio arau,1,1,1,,,
sergio leone is a master!,1,1,1,,,
sergio martino,1,1,1,,,
sergio mimica-gezzan,1,1,1,,,
serial kill,1,1,1,,,
serial killer;,1,1,1,,,
serialkiller,1,1,1,,,
series:antoine doinel,1,1,1,,,
series:madagascar,1,1,1,,,
series:matt helm,1,1,1,,,
serif gören,1,1,1,,,
serious cartoon,1,1,1,,,
servando gonzález,1,1,1,,,
sesame street,1,1,1,,,
sessao da tarde,1,1,1,,,
set,1,1,1,,,
set & costume design,1,1,1,,,
set in rome,1,1,1,,,
set in st. louis,1,1,1,,,
seth skundrick,1,1,1,,,
seti,1,1,1,,,
seting:monte carlo,1,1,1,,,
setting scottish moors,1,1,1,,,
setting: 1920's,1,1,1,,,
setting: arctic,1,1,1,,,
setting:1840s,1,1,1,,,
setting:abu dhabi,1,1,1,,,
setting:ad agency,1,1,1,,,
setting:amazon (pathetically unrealistic),1,1,1,,,
setting:area 51,1,1,1,,,
setting:argentina,1,1,1,,,
setting:arizona,1,1,1,,,
setting:boston,1,1,1,,,
setting:calcutta,1,1,1,,,
setting:castle,1,1,1,,,
setting:central park (nyc),1,1,1,,,
setting:circus,1,1,1,,,
setting:cold war,1,1,1,,,
setting:colombia,1,1,1,,,
setting:convent,1,1,1,,,
setting:cornwall township (uk),1,1,1,,,
setting:corporate america,1,1,1,,,
setting:dementia 5,1,1,1,,,
setting:england 1500s,1,1,1,,,
setting:farm,1,1,1,,,
setting:florida,1,1,1,,,
setting:forest,1,1,1,,,
setting:france,1,1,1,,,
setting:game reserve,1,1,1,,,
setting:himalayas,1,1,1,,,
setting:hong kong,1,1,1,,,
setting:hoover dam,1,1,1,,,
setting:india,1,1,1,,,
setting:israel,1,1,1,,,
setting:italy,1,1,1,,,
setting:jacksonville (mi),1,1,1,,,
setting:japan,1,1,1,,,
setting:jupiter,1,1,1,,,
setting:kansas,1,1,1,,,
setting:kronos,1,1,1,,,
setting:london (uk) (future),1,1,1,,,
setting:marrakech,1,1,1,,,
setting:miami,1,1,1,,,
setting:monroeville; pa; usa,1,1,1,,,
setting:movie studio,1,1,1,,,
setting:new jersey,1,1,1,,,
setting:newfoundland,1,1,1,,,
setting:north africa,1,1,1,,,
setting:paramount studios,1,1,1,,,
setting:phoenix,1,1,1,,,
setting:pittsburgh,1,1,1,,,
setting:planet mars,1,1,1,,,
setting:portabello rd/notting hill (scene),1,1,1,,,
setting:pow camp,1,1,1,,,
setting:reno,1,1,1,,,
setting:riga,1,1,1,,,
setting:rome,1,1,1,,,
setting:royal albert hall,1,1,1,,,
setting:rural england,1,1,1,,,
setting:san francisco (future),1,1,1,,,
setting:scotland,1,1,1,,,
setting:seaworld (fl),1,1,1,,,
setting:sf,1,1,1,,,
setting:shanghai,1,1,1,,,
setting:small town america,1,1,1,,,
setting:south africa,1,1,1,,,
setting:south seas,1,1,1,,,
setting:southern california,1,1,1,,,
setting:southern england,1,1,1,,,
setting:space/space ship,1,1,1,,,
setting:spain,1,1,1,,,
setting:suburbia,1,1,1,,,
setting:summer camp,1,1,1,,,
setting:tel aviv,1,1,1,,,
setting:the great depression,1,1,1,,,
setting:the philippines,1,1,1,,,
setting:times square (nyc),1,1,1,,,
setting:train station,1,1,1,,,
setting:tucson,1,1,1,,,
setting:turkey,1,1,1,,,
setting:tuscon,1,1,1,,,
setting:tv show,1,1,1,,,
setting:uganda,1,1,1,,,
setting:uk,1,1,1,,,
setting:usa,1,1,1,,,
setting:venice,1,1,1,,,
setting:vienna,1,1,1,,,
setting:yacht,1,1,1,,,
settling of accounts with totalitarian regimes,1,1,1,,,
seu jorge,1,1,1,,,
sevan matossian,1,1,1,,,
several animation studios were involved with the film.,1,1,1,,,
several curse words,1,1,1,,,
severe criticisation,1,1,1,,,
severed arm,1,1,1,,,
severed head in a dryer,1,1,1,,,
severely metaphorical,1,1,1,,,
severity of war,1,1,1,,,
sewell's acting was absolutely fantastic - the portrayal of love,1,1,1,,,
sewing machine,1,1,1,,,
sex and the city series,1,1,1,,,
sex before marriage,1,1,1,,,
sex club,1,1,1,,,
sex drugs and rnr,1,1,1,,,
sex drugs and rnr..what more could you want,1,1,1,,,
sex education,1,1,1,,,
sex in bed,1,1,1,,,
sex issues,1,1,1,,,
sex robots,1,1,1,,,
sex shop,1,1,1,,,
sex study,1,1,1,,,
sex with the enemy,1,1,1,,,
"sex, love, relationships",1,1,1,,,
sexist drivel,1,1,1,,,
sexist perspective,1,1,1,,,
sexual assault on men is ok attitude,1,1,1,,,
sexual deviant,1,1,1,,,
sexual harrassment,1,1,1,,,
sexual identitiy,1,1,1,,,
sexual liberation,1,1,1,,,
sexual modesty,1,1,1,,,
sexual objectification,1,1,1,,,
sexual orgasm,1,1,1,,,
sexual orientation,1,1,1,,,
sexual predator,1,1,1,,,
sexual promiscuity,1,1,1,,,
sexual relations,1,1,1,,,
sexual stereotypes,1,1,1,,,
sexualilty,1,1,1,,,
sexualised violence,1,1,1,,,
sexuality:necrophilia,1,1,1,,,
sexually aggressive man,1,1,1,,,
sexualtiy,1,1,1,,,
sexy gayness,1,1,1,,,
sexy guys,1,1,1,,,
sexy male vampire,1,1,1,,,
sexy man,1,1,1,,,
sf warfare,1,1,1,,,
sff,1,1,1,,,
shadow,1,1,1,,,
shadow is the only heroic character,1,1,1,,,
shadow of a doubt... with vampires,1,1,1,,,
shah,1,1,1,,,
shahab hosseini,1,1,1,,,
shakespeare in modern dress,1,1,1,,,
shakespeare references,1,1,1,,,
shakespeare theme,1,1,1,,,
shakespeare with american accents,1,1,1,,,
shall i give it a 4?,1,1,1,,,
shallow content,1,1,1,,,
shallow drama,1,1,1,,,
shallow female characters,1,1,1,,,
shallow heavy handed commentary,1,1,1,,,
sham marriage,1,1,1,,,
shame on them!,1,1,1,,,
shamim sarif,1,1,1,,,
shan jin,1,1,1,,,
shane acker,1,1,1,,,
shane o'sullivan,1,1,1,,,
shane sheehy,1,1,1,,,
shani wallis,1,1,1,,,
shannon woodward,1,1,1,,,
shannyn sossamon is hot,1,1,1,,,
shannyn sossamon looks incredibly beautiful.,1,1,1,,,
shaolin temple,1,1,1,,,
shape,1,1,1,,,
shape changer,1,1,1,,,
shape of heart of gold,1,1,1,,,
shape of marvin,1,1,1,,,
sharecroppers,1,1,1,,,
shark attack,1,1,1,,,
shark vs plane,1,1,1,,,
shark week,1,1,1,,,
sharmeen obaid-chinoy,1,1,1,,,
sharon maymon,1,1,1,,,
sharply written,1,1,1,,,
shaul schwarz,1,1,1,,,
shaun evans,1,1,1,,,
shaun monson,1,1,1,,,
shaun tan,1,1,1,,,
shaun toub,1,1,1,,,
shauna macdonald,1,1,1,,,
shawn ashmore,1,1,1,,,
shawn christensen,1,1,1,,,
shawn yue,1,1,1,,,
she was possessed by spirits pretending to be satan as spirits are into trickery,1,1,1,,,
she wasn't possessed by satan,1,1,1,,,
she's not catwoman,1,1,1,,,
she-males,1,1,1,,,
sheeny,1,1,1,,,
sheet metal makes you invincible,1,1,1,,,
sheeva,1,1,1,,,
shefali shetty,1,1,1,,,
sheldon renan,1,1,1,,,
shelley winters dies,1,1,1,,,
shelly long,1,1,1,,,
shelved,1,1,1,,,
shemp howard,1,1,1,,,
sheng ding,1,1,1,,,
shepard,1,1,1,,,
sheri moon zombie,1,1,1,,,
sheriff bullock,1,1,1,,,
sherilyn fenn,1,1,1,,,
sherman sherman sherman!,1,1,1,,,
sherwood king,1,1,1,,,
shibboleth,1,1,1,,,
shield,1,1,1,,,
shine on by needtobreathe,1,1,1,,,
shinichirã´ watanabe,1,1,1,,,
shining vampire,1,1,1,,,
shinji aoyama,1,1,1,,,
shinji aramaki,1,1,1,,,
shinya tsukamoto,1,1,1,,,
shinzengumi,1,1,1,,,
ship takeover,1,1,1,,,
shipyard,1,1,1,,,
shirô toyoda,1,1,1,,,
shit dialogue,1,1,1,,,
shit plot,1,1,1,,,
shitty end,1,1,1,,,
shitty plot,1,1,1,,,
shlocky,1,1,1,,,
shoa,1,1,1,,,
shoah,1,1,1,,,
shock,1,1,1,,,
shock and truth,1,1,1,,,
shock humour,1,1,1,,,
shocks,1,1,1,,,
shoegaze,1,1,1,,,
shohreh aghdashloo,1,1,1,,,
sholom aleichem,1,1,1,,,
shona auerbach,1,1,1,,,
shop teacher,1,1,1,,,
shopping center,1,1,1,,,
short movies,1,1,1,,,
short round,1,1,1,,,
short shelf life,1,1,1,,,
short version of tv series,1,1,1,,,
shot between the eyes,1,1,1,,,
shot in finland,1,1,1,,,
shot in spain,1,1,1,,,
shot in the chest,1,1,1,,,
shot in the face,1,1,1,,,
shots,1,1,1,,,
shoujirou nishimi,1,1,1,,,
should accompany the fictionalisation,1,1,1,,,
should be linked with war movies such as 300; braveheart; talvisota,1,1,1,,,
should be pg17,1,1,1,,,
should be required viewing for high school students,1,1,1,,,
should have been a play?,1,1,1,,,
should have been better,1,1,1,,,
should have been longer to really flesh out the feeling of bleakness and give a sense of a last hope more action more global feel,1,1,1,,,
should not like,1,1,1,,,
should see,1,1,1,,,
should've won an oscar or more,1,1,1,,,
shoulda been sunshine,1,1,1,,,
shouldn't have won the oscar,1,1,1,,,
shouty,1,1,1,,,
show,1,1,1,,,
show off,1,1,1,,,
shower cap,1,1,1,,,
shower curtain rings,1,1,1,,,
showering,1,1,1,,,
showing off c.g. limitations,1,1,1,,,
shrubbery,1,1,1,,,
shrunken people,1,1,1,,,
shtetl,1,1,1,,,
shu-up you're a clone! i own you shu-up!,1,1,1,,,
shunichiro miki,1,1,1,,,
shunning,1,1,1,,,
shut in,1,1,1,,,
shy boy,1,1,1,,,
shã´ aikawa,1,1,1,,,
shã»go oshinari,1,1,1,,,
shôgo furuya,1,1,1,,,
shôji kawamori,1,1,1,,,
shûsuke kaneko,1,1,1,,,
sibel kekilli,1,1,1,,,
sibling connection,1,1,1,,,
sibonetics,1,1,1,,,
sic transit gloria,1,1,1,,,
sicilian,1,1,1,,,
siddharth,1,1,1,,,
side story,1,1,1,,,
sidecar,1,1,1,,,
sidekicks for the sidekicks,1,1,1,,,
siding with the villain,1,1,1,,,
sidney gilliat,1,1,1,,,
sidney levin,1,1,1,,,
sidney salkow,1,1,1,,,
siegfried,1,1,1,,,
sienna guillory,1,1,1,,,
sierra morena,1,1,1,,,
siglo de oro,1,1,1,,,
sign language,1,1,1,,,
signature disney comic relief,1,1,1,,,
signe baumane,1,1,1,,,
signle location,1,1,1,,,
sigourney weaver's new look,1,1,1,,,
sigrid thornton,1,1,1,,,
sigur rãƒâ³s,1,1,1,,,
sijie dai,1,1,1,,,
silas marner,1,1,1,,,
silent comedy,1,1,1,,,
silent genre,1,1,1,,,
silent movie references,1,1,1,,,
silhouettes,1,1,1,,,
silly action,1,1,1,,,
silly action sequences,1,1,1,,,
silly creatures,1,1,1,,,
silly humor,1,1,1,,,
silly magical realism,1,1,1,,,
silly mistakes,1,1,1,,,
silly monsters,1,1,1,,,
silly rape scene,1,1,1,,,
silly reveal,1,1,1,,,
silly sentences,1,1,1,,,
silver age,1,1,1,,,
silver surfer,1,1,1,,,
silverlake,1,1,1,,,
silvio narizzano,1,1,1,,,
silvio soldini,1,1,1,,,
similar to atonement,1,1,1,,,
similar to baraka,1,1,1,,,
similar to being john malkovich,1,1,1,,,
similar to crash,1,1,1,,,
similar to rocky,1,1,1,,,
similar to sheitan,1,1,1,,,
simon baker,1,1,1,,,
simon barrett,1,1,1,,,
simon brand,1,1,1,,,
simon cellan jones,1,1,1,,,
simon curtis,1,1,1,,,
simon groß,1,1,1,,,
simon hunter,1,1,1,,,
simon klose,1,1,1,,,
simon rumley,1,1,1,,,
simon shore,1,1,1,,,
simon staho,1,1,1,,,
simon woods,1,1,1,,,
simone north,1,1,1,,,
simple characters,1,1,1,,,
simple living,1,1,1,,,
simple man,1,1,1,,,
simple story line,1,1,1,,,
simplicity,1,1,1,,,
simplistic and enjoyable,1,1,1,,,
simplistic message,1,1,1,,,
simply beautiful,1,1,1,,,
simply charming,1,1,1,,,
simply terrific,1,1,1,,,
simpson,1,1,1,,,
sin eater,1,1,1,,,
sinatra,1,1,1,,,
since short term memeory activated,1,1,1,,,
sincere,1,1,1,,,
sindrome da peter pan,1,1,1,,,
sinead cusack,1,1,1,,,
singing scene,1,1,1,,,
single climax,1,1,1,,,
single mothers,1,1,1,,,
single parenthood,1,1,1,,,
single viewing,1,1,1,,,
single-take scenes,1,1,1,,,
singletons,1,1,1,,,
sinking,1,1,1,,,
sinking ship,1,1,1,,,
sinner's crossroad,1,1,1,,,
sir walter scott,1,1,1,,,
sir wilfrid robarts,1,1,1,,,
siren,1,1,1,,,
sisters of mercy,1,1,1,,,
sisyphean,1,1,1,,,
sisyphus,1,1,1,,,
sit-com style of comedy,1,1,1,,,
sita,1,1,1,,,
sitting in tree,1,1,1,,,
situation,1,1,1,,,
siu fai mak,1,1,1,,,
sivwalkedout,1,1,1,,,
six-fingered man,1,1,1,,,
ska,1,1,1,,,
skin heads,1,1,1,,,
skinning,1,1,1,,,
skinny pocahontas,1,1,1,,,
skip gerson,1,1,1,,,
skip it,1,1,1,,,
skipped this sick story,1,1,1,,,
skull ring,1,1,1,,,
skylar astin,1,1,1,,,
slacking,1,1,1,,,
slam,1,1,1,,,
slapstick crap,1,1,1,,,
slapstick violence,1,1,1,,,
slaughterhouse,1,1,1,,,
slave costume,1,1,1,,,
slave mentality,1,1,1,,,
slayer,1,1,1,,,
sleazy,1,1,1,,,
sleek,1,1,1,,,
sleep walking,1,1,1,,,
sleeper movie,1,1,1,,,
sleeping with one eye open,1,1,1,,,
sleepy,1,1,1,,,
slick adventure tv remake,1,1,1,,,
slick novel,1,1,1,,,
slick tale,1,1,1,,,
slightly absurd,1,1,1,,,
slightly amusing,1,1,1,,,
slightly cliche,1,1,1,,,
slightly comical,1,1,1,,,
slightly more historically acurate than most tellings,1,1,1,,,
slightly retarded,1,1,1,,,
slightly surreal,1,1,1,,,
slightly too long,1,1,1,,,
slightly unrealistic,1,1,1,,,
slipper,1,1,1,,,
slo-mo,1,1,1,,,
slobodan sijan,1,1,1,,,
slogan,1,1,1,,,
sloooooow,1,1,1,,,
sloppy,1,1,1,,,
sloppy editing,1,1,1,,,
sloppy filming,1,1,1,,,
sloppy research,1,1,1,,,
slovenia,1,1,1,,,
slow beginning,1,1,1,,,
slow but very interesting,1,1,1,,,
slow clap,1,1,1,,,
slow developing,1,1,1,,,
slow food,1,1,1,,,
slow in parts,1,1,1,,,
slow paced in the end,1,1,1,,,
slow parts,1,1,1,,,
slow rythm,1,1,1,,,
slow start but decent payoff,1,1,1,,,
slow-motion,1,1,1,,,
slowness,1,1,1,,,
slumcock shitty shit,1,1,1,,,
slumming,1,1,1,,,
slurs,1,1,1,,,
slut,1,1,1,,,
"slutningen er også meget tynd: han får at vide, at han alligvel har arvet hele lortet, og så kører han væk i hans venners åbne sportsvogn, og så er det det. det er så kort en slutning op fattigdommen som et punktum.",1,1,1,,,
sluts,1,1,1,,,
small budget,1,1,1,,,
small town story,1,1,1,,,
small towns.,1,1,1,,,
small-mindedness,1,1,1,,,
small-scale,1,1,1,,,
small-time crooks,1,1,1,,,
smart animation,1,1,1,,,
smart criticism,1,1,1,,,
smart dialogue,1,1,1,,,
smart direction,1,1,1,,,
smart kid dumb adult,1,1,1,,,
smart pets,1,1,1,,,
smart planning,1,1,1,,,
smart-ass characters,1,1,1,,,
smarter than average rom-com,1,1,1,,,
smashing pumpkins,1,1,1,,,
smashing pumpkins montage,1,1,1,,,
smaug,1,1,1,,,
smeat,1,1,1,,,
smile at the end,1,1,1,,,
smog,1,1,1,,,
smoke,1,1,1,,,
smoke and mirrors,1,1,1,,,
smoking weed,1,1,1,,,
smooth jazz soundtrack,1,1,1,,,
smug,1,1,1,,,
smug jerks,1,1,1,,,
smut,1,1,1,,,
småland,1,1,1,,,
snappy dialouge,1,1,1,,,
snark,1,1,1,,,
snarker,1,1,1,,,
snl alum,1,1,1,,,
snogging,1,1,1,,,
snoop lion,1,1,1,,,
snoopy,1,1,1,,,
snorting heroin,1,1,1,,,
snow white,1,1,1,,,
snuff movie,1,1,1,,,
so amazing,1,1,1,,,
so bad it is good,1,1,1,,,
so bad it's bad,1,1,1,,,
so bad it's not good anymore it's realy bad,1,1,1,,,
so bad that costner is the best part,1,1,1,,,
so boring,1,1,1,,,
so cool,1,1,1,,,
so cute!,1,1,1,,,
so dumb it's funny,1,1,1,,,
so french,1,1,1,,,
so funny and romantic!,1,1,1,,,
so gay!,1,1,1,,,
so good,1,1,1,,,
so long,1,1,1,,,
so long! and wierd!,1,1,1,,,
so many f-bombs,1,1,1,,,
so many puns,1,1,1,,,
so romantic.,1,1,1,,,
so so,1,1,1,,,
so so sequel,1,1,1,,,
so stupid it's bad,1,1,1,,,
so there.,1,1,1,,,
so yong kim,1,1,1,,,
so-bad-its-good,1,1,1,,,
soap,1,1,1,,,
soap operas,1,1,1,,,
sob worthy,1,1,1,,,
sobering,1,1,1,,,
sobrenatural,1,1,1,,,
sobriety,1,1,1,,,
social,1,1,1,,,
social activism,1,1,1,,,
social anxiety,1,1,1,,,
social awarness,1,1,1,,,
social cause,1,1,1,,,
social conditioning,1,1,1,,,
social interactions,1,1,1,,,
social maneuvering,1,1,1,,,
social media,1,1,1,,,
social misfits,1,1,1,,,
social realism,1,1,1,,,
social reintegration,1,1,1,,,
social status,1,1,1,,,
social welfare,1,1,1,,,
socialist,1,1,1,,,
socially irrelevant,1,1,1,,,
society people,1,1,1,,,
socioeconomic status,1,1,1,,,
sociolagy,1,1,1,,,
socjopat,1,1,1,,,
socks,1,1,1,,,
soderbergh,1,1,1,,,
sofia boutella,1,1,1,,,
sofia w. d.,1,1,1,,,
soft sci-fi,1,1,1,,,
soft-edged,1,1,1,,,
softball,1,1,1,,,
softball questions,1,1,1,,,
softcore porn,1,1,1,,,
softporn,1,1,1,,,
soilders,1,1,1,,,
solid,1,1,1,,,
solid fille,1,1,1,,,
solid fille.,1,1,1,,,
solid performances,1,1,1,,,
solid plot,1,1,1,,,
solon,1,1,1,,,
solving a mistery,1,1,1,,,
solving riddles/puzzles,1,1,1,,,
somali pirates,1,1,1,,,
some awkward bits,1,1,1,,,
some cheesy scenes,1,1,1,,,
some cliches,1,1,1,,,
some crude humor,1,1,1,,,
some funny moments,1,1,1,,,
some funny pissed off bogie scenes,1,1,1,,,
some good acting,1,1,1,,,
some nice dialogs,1,1,1,,,
some nice laughs,1,1,1,,,
some nice songs,1,1,1,,,
some of the writing,1,1,1,,,
some of these people need to get a grip,1,1,1,,,
some seemingly unimportant bits,1,1,1,,,
some shots out of focus. frankenstein's mask and lighting in the woods scene is off.,1,1,1,,,
some talking animals,1,1,1,,,
some unnecessary family scenes,1,1,1,,,
some where over the rainbow,1,1,1,,,
someone got paid off in order for this to pass as pg-13,1,1,1,,,
someone to watch over me,1,1,1,,,
something different,1,1,1,,,
something else,1,1,1,,,
something for everyone in this one... saw it without and plan on seeing it with kids!,1,1,1,,,
sometimes condescending,1,1,1,,,
sometimes funny,1,1,1,,,
sometimes not realistic enough,1,1,1,,,
sometimes there's so much beauty in the world i feel like i can't take it. like my heart's going to cave in,1,1,1,,,
"sometimes you just ""don't give them the satisfaction""",1,1,1,,,
somewhat awkward,1,1,1,,,
somewhat deceptive,1,1,1,,,
somewhat realistic,1,1,1,,,
somewhat true story,1,1,1,,,
somnambulist,1,1,1,,,
son of a legend,1,1,1,,,
son of man,1,1,1,,,
son of man painting,1,1,1,,,
sonambulism,1,1,1,,,
song,1,1,1,,,
song contest,1,1,1,,,
songs werent that great,1,1,1,,,
sonia bohosiewicz,1,1,1,,,
soon-tek oh,1,1,1,,,
sooo wrong!,1,1,1,,,
soothing,1,1,1,,,
sophia bush,1,1,1,,,
sophia vergara,1,1,1,,,
sophie fiennes,1,1,1,,,
sophie monk,1,1,1,,,
sophie muller,1,1,1,,,
sophie nelisse,1,1,1,,,
sophie okonedo,1,1,1,,,
soporific,1,1,1,,,
sorbo,1,1,1,,,
sorcerer's apprentice,1,1,1,,,
sorceress,1,1,1,,,
sorority,1,1,1,,,
sort of boring,1,1,1,,,
sort of boring despite fab lauren,1,1,1,,,
sort of honest,1,1,1,,,
sos,1,1,1,,,
soul exchange,1,1,1,,,
soul music,1,1,1,,,
souleymane sy savane,1,1,1,,,
soulful,1,1,1,,,
sound,1,1,1,,,
sound mixing,1,1,1,,,
sound track,1,1,1,,,
sounds painful,1,1,1,,,
soundscape,1,1,1,,,
soundtrack disconnected from movie,1,1,1,,,
soundttrack,1,1,1,,,
sountrack,1,1,1,,,
south park did it,1,1,1,,,
south-central,1,1,1,,,
southern american accent,1,1,1,,,
southern strategy,1,1,1,,,
southern women,1,1,1,,,
southwest,1,1,1,,,
soviet rival,1,1,1,,,
soweto,1,1,1,,,
space combat,1,1,1,,,
space cowboys,1,1,1,,,
space jockeys,1,1,1,,,
space madness,1,1,1,,,
space mining,1,1,1,,,
space sci-fi,1,1,1,,,
space ships,1,1,1,,,
spacevision,1,1,1,,,
spacey: excellent....pitt: brilliant....freeman: wow. a wonderful movie. must must watch,1,1,1,,,
spalding gray,1,1,1,,,
spanish films,1,1,1,,,
spannend,1,1,1,,,
spar the tiger,1,1,1,,,
sparingly told,1,1,1,,,
sparse,1,1,1,,,
sparse dialogue,1,1,1,,,
spartans,1,1,1,,,
spartians,1,1,1,,,
speaking-animal,1,1,1,,,
special food,1,1,1,,,
special fx,1,1,1,,,
special mind,1,1,1,,,
special olympics,1,1,1,,,
special operations,1,1,1,,,
special prison,1,1,1,,,
speciel effects,1,1,1,,,
spectacular cinematography,1,1,1,,,
speculation,1,1,1,,,
speculative,1,1,1,,,
speech synthesizer,1,1,1,,,
speech therapist,1,1,1,,,
speech-language pathology,1,1,1,,,
speeches,1,1,1,,,
speechless,1,1,1,,,
speeding,1,1,1,,,
spells,1,1,1,,,
spencer breslin,1,1,1,,,
spencer tracy is the best thing about the movie!,1,1,1,,,
sperm injection,1,1,1,,,
spetsnaz,1,1,1,,,
sphaghetti western,1,1,1,,,
spiderman,1,1,1,,,
spielberg... *suck*,1,1,1,,,
spierig brã¼der,1,1,1,,,
spike brandt,1,1,1,,,
spike lee surprised me with this kind of action movie but he definetly delivers,1,1,1,,,
spin the bottle,1,1,1,,,
spin-off,1,1,1,,,
spinster,1,1,1,,,
spiritual awakening,1,1,1,,,
spiritual quest,1,1,1,,,
spiritual search,1,1,1,,,
spiritual sequel,1,1,1,,,
spiro razatos,1,1,1,,,
spirtitual journey,1,1,1,,,
spiteful humour,1,1,1,,,
split screen,1,1,1,,,
spoiled,1,1,1,,,
spoiled brat,1,1,1,,,
spoilers for jane eyre,1,1,1,,,
spoily: nebbercracker = gollum,1,1,1,,,
spoken word,1,1,1,,,
spooky village,1,1,1,,,
spoon montage,1,1,1,,,
sport agents,1,1,1,,,
sport business,1,1,1,,,
sport shoes,1,1,1,,,
sport: rugby,1,1,1,,,
sport:`professional' wrestling,1,1,1,,,
sport:car racing (formula 1)?,1,1,1,,,
sport:car racing (grand prix),1,1,1,,,
sport:curling,1,1,1,,,
sport:dancing,1,1,1,,,
sport:dodgeball,1,1,1,,,
sport:golf?,1,1,1,,,
sport:lawn tennis,1,1,1,,,
sport:motocross (scene),1,1,1,,,
sport:nba,1,1,1,,,
sport:pool,1,1,1,,,
sport:track running,1,1,1,,,
sports betting,1,1,1,,,
sports cars,1,1,1,,,
sports comedy,1,1,1,,,
sports competition:motocross (scene),1,1,1,,,
sports competition:nascar,1,1,1,,,
sports documentary,1,1,1,,,
sports hero,1,1,1,,,
sportsmanship,1,1,1,,,
spot the patterns,1,1,1,,,
spousal abuse,1,1,1,,,
spouse abuse,1,1,1,,,
spree,1,1,1,,,
spree killer,1,1,1,,,
spy caping action,1,1,1,,,
spys,1,1,1,,,
spændende. af helvedes til,1,1,1,,,
squire,1,1,1,,,
squirmish,1,1,1,,,
squirrels,1,1,1,,,
sr-71,1,1,1,,,
srdan golubovic,1,1,1,,,
srdjan dragojevic,1,1,1,,,
srdjan karanovic,1,1,1,,,
sri-fi,1,1,1,,,
sruprises,1,1,1,,,
st james bible,1,1,1,,,
st. johns,1,1,1,,,
st. louis film critics association award for best supporting actress,1,1,1,,,
stabbed in the back,1,1,1,,,
stabbed in the neck,1,1,1,,,
stage fright,1,1,1,,,
stage play,1,1,1,,,
stagey,1,1,1,,,
stale plot,1,1,1,,,
staley tucci,1,1,1,,,
stamford ct,1,1,1,,,
stan lathan,1,1,1,,,
stan lee,1,1,1,,,
stan winston,1,1,1,,,
stand up comedy?,1,1,1,,,
stand-and-talk dialogue,1,1,1,,,
standard crap,1,1,1,,,
standard disney storyline,1,1,1,,,
standard shit hollywood 101 storytelling crap,1,1,1,,,
stanislav govorukhin,1,1,1,,,
stanislaw tym,1,1,1,,,
stanley holloway,1,1,1,,,
stanley k,1,1,1,,,
stanley nelson,1,1,1,,,
stanley swerdlow,1,1,1,,,
stanley townsend,1,1,1,,,
star detectives,1,1,1,,,
star directed,1,1,1,,,
star is discovered,1,1,1,,,
star power,1,1,1,,,
star studded action,1,1,1,,,
star wars but a million times better,1,1,1,,,
star wars connection,1,1,1,,,
star wars reference,1,1,1,,,
stargate connection,1,1,1,,,
starring:day and hudson,1,1,1,,,
starring:john landis,1,1,1,,,
stars,1,1,1,,,
starship trooper vibes,1,1,1,,,
starships,1,1,1,,,
start is better than the rest of the movie,1,1,1,,,
start of a beautiful friendship,1,1,1,,,
startede lidt kedeligt og intetsigende,1,1,1,,,
starts drama ends comedy,1,1,1,,,
starts promising,1,1,1,,,
starts slow,1,1,1,,,
starts well but fails you in the middle till the end,1,1,1,,,
starwars,1,1,1,,,
starz,1,1,1,,,
staten island,1,1,1,,,
statham,1,1,1,,,
station,1,1,1,,,
stationary camera,1,1,1,,,
statistician,1,1,1,,,
statistics,1,1,1,,,
stay gold,1,1,1,,,
stay out!,1,1,1,,,
stay puft marshmallow man,1,1,1,,,
steadicam,1,1,1,,,
steak,1,1,1,,,
steals,1,1,1,,,
steamboats,1,1,1,,,
steaming,1,1,1,,,
steamy,1,1,1,,,
steeplechase,1,1,1,,,
stefan c. schaefer,1,1,1,,,
stefan fjeldmark,1,1,1,,,
stefan forbes,1,1,1,,,
stefan schwartz,1,1,1,,,
steinbeck,1,1,1,,,
steinzeit,1,1,1,,,
stellan skarsgã¥rd did not write the screenplay,1,1,1,,,
stellan skarsgã¥rd does not star in this movie,1,1,1,,,
stellan skarsgã¥rd was not the director of photography on this movie,1,1,1,,,
stellan skarsgãƒâƒã‚â¥rd,1,1,1,,,
stellan skarsgård,1,1,1,,,
step father,1,1,1,,,
stephan lacant,1,1,1,,,
stephane sednaoui,1,1,1,,,
stephanie,1,1,1,,,
stephanie beacham,1,1,1,,,
stephanie black,1,1,1,,,
stephanie powers,1,1,1,,,
stephanie spray,1,1,1,,,
stephano,1,1,1,,,
stephen belber,1,1,1,,,
stephen chbosky,1,1,1,,,
stephen crane,1,1,1,,,
stephen dillane,1,1,1,,,
stephen gaghan,1,1,1,,,
stephen gevedon,1,1,1,,,
stephen gyllenhaal,1,1,1,,,
stephen heywood,1,1,1,,,
stephen kijak,1,1,1,,,
stephen root,1,1,1,,,
stephen soderberg,1,1,1,,,
stephen t. kay,1,1,1,,,
stephen walker,1,1,1,,,
stephen williams,1,1,1,,,
stepsisters,1,1,1,,,
stere gulea,1,1,1,,,
stereo 3d,1,1,1,,,
stereotyped scenes,1,1,1,,,
stereotypical geek,1,1,1,,,
stereotyping,1,1,1,,,
sterile acting,1,1,1,,,
sterility,1,1,1,,,
sterotype african character,1,1,1,,,
"steve ""lips"" kudlow",1,1,1,,,
steve beck,1,1,1,,,
steve bendelack,1,1,1,,,
steve carrel,1,1,1,,,
steve connelly,1,1,1,,,
steve conrad,1,1,1,,,
steve de jarnatt,1,1,1,,,
steve faber,1,1,1,,,
steve forrest,1,1,1,,,
steve guttenburg,1,1,1,,,
steve harvey,1,1,1,,,
steve hickner,1,1,1,,,
steve irwin,1,1,1,,,
steve jacobs,1,1,1,,,
steve lemme,1,1,1,,,
steve martin & goldie hawn,1,1,1,,,
steve pink,1,1,1,,,
steve wang,1,1,1,,,
steve webb,1,1,1,,,
steve williams,1,1,1,,,
steve yeager,1,1,1,,,
steven ascher,1,1,1,,,
steven bernstein,1,1,1,,,
steven greenstreet,1,1,1,,,
steven hilliard stern,1,1,1,,,
steven knight,1,1,1,,,
steven m. martin,1,1,1,,,
steven pearl,1,1,1,,,
steven robertson,1,1,1,,,
steven sawalich,1,1,1,,,
steven schachter,1,1,1,,,
steven segal,1,1,1,,,
steven speilberg,1,1,1,,,
steven van wormer,1,1,1,,,
steven wright voice-over,1,1,1,,,
stewart granger,1,1,1,,,
stewie goes into the future,1,1,1,,,
sti,1,1,1,,,
stian kristiansen,1,1,1,,,
stick-in-the-mud,1,1,1,,,
stiffler,1,1,1,,,
stigmata,1,1,1,,,
still behind chasing amy.,1,1,1,,,
still photography,1,1,1,,,
still relevant,1,1,1,,,
still the best catwoman,1,1,1,,,
stillbirth,1,1,1,,,
stipe erceg,1,1,1,,,
stobe effects,1,1,1,,,
stock brokers,1,1,1,,,
stodgy play,1,1,1,,,
stolen generation,1,1,1,,,
stomach ripped open,1,1,1,,,
stonehenge,1,1,1,,,
stones of summer,1,1,1,,,
stoning,1,1,1,,,
stood up over time,1,1,1,,,
stop killing each other you're neighbors!,1,1,1,,,
stop ruining the arthur legend!,1,1,1,,,
stop-motion animation,1,1,1,,,
stor fille,1,1,1,,,
stor fille. det er helt vildt så mange gode karakterer der er med i den.,1,1,1,,,
stor fille. det er virkelig en flot film,1,1,1,,,
stor tre en halve. den var sgu meget hyggelig og sjov. men dens berettermodel og slaskede feelgoodscener gik endnu lã¦ngere end man kunne forvente af en hollywood animation desvã¦rre,1,1,1,,,
storry,1,1,1,,,
story and sandra,1,1,1,,,
story arc,1,1,1,,,
story cuts,1,1,1,,,
story has no redeamable features,1,1,1,,,
story telling,1,1,1,,,
story within a story,1,1,1,,,
story worth telling,1,1,1,,,
story-plot,1,1,1,,,
story/charecters altered to be more cinamatic,1,1,1,,,
story:rapunzel,1,1,1,,,
storyline ending,1,1,1,,,
storyline pixar,1,1,1,,,
storylines,1,1,1,,,
stowaway,1,1,1,,,
straight affair,1,1,1,,,
straight drama,1,1,1,,,
straight hilarious,1,1,1,,,
straight plot almost unecessary,1,1,1,,,
straight razor shaving,1,1,1,,,
straight to dvd,1,1,1,,,
straight-faced,1,1,1,,,
strained,1,1,1,,,
stranded on an island,1,1,1,,,
stranding,1,1,1,,,
strangely funny,1,1,1,,,
strangely unmoving,1,1,1,,,
stranger than fiction,1,1,1,,,
strangers,1,1,1,,,
strangers on a train,1,1,1,,,
strap-on,1,1,1,,,
strategic air command,1,1,1,,,
strategy,1,1,1,,,
straw man,1,1,1,,,
stream-of-conciousness,1,1,1,,,
street interviews,1,1,1,,,
street performer,1,1,1,,,
street sweeper,1,1,1,,,
streetcar,1,1,1,,,
strength,1,1,1,,,
strengths,1,1,1,,,
strip club,1,1,1,,,
strobe effects,1,1,1,,,
stroke of fate,1,1,1,,,
strong beginning,1,1,1,,,
strong feeling of threat,1,1,1,,,
strong female protagonist,1,1,1,,,
strong finish,1,1,1,,,
strong first act,1,1,1,,,
strong men with guns,1,1,1,,,
strong message,1,1,1,,,
strong set-up,1,1,1,,,
strong start,1,1,1,,,
strong theme,1,1,1,,,
strong villain,1,1,1,,,
strong women characters,1,1,1,,,
strongman,1,1,1,,,
strother martin,1,1,1,,,
stroy,1,1,1,,,
structural film,1,1,1,,,
structurally defiant,1,1,1,,,
strugle,1,1,1,,,
sttrange story,1,1,1,,,
stuart blumberg,1,1,1,,,
stuart cooper,1,1,1,,,
stuart hazeldine,1,1,1,,,
stuart mcquarrie,1,1,1,,,
stuart sender,1,1,1,,,
stuart walker,1,1,1,,,
student prank,1,1,1,,,
studied latin?,1,1,1,,,
studio interference,1,1,1,,,
studio madhouse,1,1,1,,,
studio:toho,1,1,1,,,
study,1,1,1,,,
stuffed animals,1,1,1,,,
stunt casting,1,1,1,,,
stunt double,1,1,1,,,
stupid accent,1,1,1,,,
stupid character,1,1,1,,,
stupid hero,1,1,1,,,
stupid hick crap,1,1,1,,,
stupid horror,1,1,1,,,
stupid hysterical woman,1,1,1,,,
stupid idea,1,1,1,,,
stupid is as stupid does,1,1,1,,,
stupid movies in trilogies,1,1,1,,,
stupid nazis,1,1,1,,,
stupid on purpose,1,1,1,,,
stupid plot twist,1,1,1,,,
stupid premise??,1,1,1,,,
stupid view of the future,1,1,1,,,
stupid.,1,1,1,,,
stupid_woman,1,1,1,,,
stupidly funny,1,1,1,,,
sturla gunnarsson,1,1,1,,,
style:investigative/reportage procedural,1,1,1,,,
stylized animation,1,1,1,,,
stylized characters,1,1,1,,,
stéphane berla,1,1,1,,,
sub culture,1,1,1,,,
subconsciousness,1,1,1,,,
subculuture,1,1,1,,,
subgenere:steampunk,1,1,1,,,
subgenre: heroic bloodshed,1,1,1,,,
subgenre:farce,1,1,1,,,
subgenre:screwball farce,1,1,1,,,
subgenre:slapstick,1,1,1,,,
subgenre:slapstick (mild),1,1,1,,,
subgenre:steampunk,1,1,1,,,
subgenre:success tragedy,1,1,1,,,
subgenre:vampire,1,1,1,,,
subgenre:zombie,1,1,1,,,
subhash ghai,1,1,1,,,
subjective,1,1,1,,,
subjective biography,1,1,1,,,
sublime,1,1,1,,,
sublime soundtrack,1,1,1,,,
submarine dogfight,1,1,1,,,
substance abuse,1,1,1,,,
substandard,1,1,1,,,
subtle performances,1,1,1,,,
suburus,1,1,1,,,
subways,1,1,1,,,
succubi,1,1,1,,,
succulent,1,1,1,,,
sucked for the husband,1,1,1,,,
sucked horribley,1,1,1,,,
sucky,1,1,1,,,
sucky 3d,1,1,1,,,
"sucky ending / ""off"" parts",1,1,1,,,
sudance filmmakers trophy: dramatic,1,1,1,,,
sudance filmmakers trophy: dramatic 1989,1,1,1,,,
sudden outbursts of enormous beauty,1,1,1,,,
sudden silences,1,1,1,,,
sudden wealth,1,1,1,,,
sue brooks,1,1,1,,,
sue lyon,1,1,1,,,
sueãƒâ±os,1,1,1,,,
sueños de libertad,1,1,1,,,
sufism,1,1,1,,,
sugar,1,1,1,,,
suicide attack,1,1,1,,,
suicide is painless,1,1,1,,,
suitable for all ages,1,1,1,,,
suitable for kids,1,1,1,,,
sujoy ghosh,1,1,1,,,
suki hawley,1,1,1,,,
sukumar,1,1,1,,,
sundance audience award: documentary,1,1,1,,,
sundance grand jury prize: documentary 1990,1,1,1,,,
sundance grand jury prize: documentary 2000,1,1,1,,,
sundance grand jury prize: documentary 2003,1,1,1,,,
sundance grand jury prize: dramatic 1985,1,1,1,,,
sundance grand jury prize: dramatic 1986,1,1,1,,,
sundance grand jury prize: dramatic 1989,1,1,1,,,
sundance grand jury prize: dramatic 1991,1,1,1,,,
sundance grand jury prize: dramatic 2001,1,1,1,,,
sundar c,1,1,1,,,
sundays at tiffany's,1,1,1,,,
sung kang,1,1,1,,,
sung-gang lee,1,1,1,,,
sung-hee jo,1,1,1,,,
sung-hyun yoon,1,1,1,,,
sung-su kim,1,1,1,,,
sunk by a cheeseball screenplay,1,1,1,,,
super,1,1,1,,,
super 8,1,1,1,,,
super 8 footage,1,1,1,,,
super computer,1,1,1,,,
super cool,1,1,1,,,
super de-formed,1,1,1,,,
super funney,1,1,1,,,
super funny,1,1,1,,,
super mario bros. 3,1,1,1,,,
super rich,1,1,1,,,
super scary,1,1,1,,,
super soldier,1,1,1,,,
super weird,1,1,1,,,
super-heroe,1,1,1,,,
super-power,1,1,1,,,
super35,1,1,1,,,
superb and moving,1,1,1,,,
superb characterization,1,1,1,,,
superbad,1,1,1,,,
superbly written,1,1,1,,,
supercalifragilisticexpialidocious,1,1,1,,,
superficial supporting characters,1,1,1,,,
superfluous,1,1,1,,,
superherion,1,1,1,,,
superheroin,1,1,1,,,
superior acting,1,1,1,,,
superior numbers of burmese soldiers vs. one village,1,1,1,,,
superman spinoff,1,1,1,,,
superman tv show,1,1,1,,,
superpanorama mcs 70,1,1,1,,,
superpowered nazi,1,1,1,,,
superstitious hicks,1,1,1,,,
supper,1,1,1,,,
support group,1,1,1,,,
support-group,1,1,1,,,
suppression,1,1,1,,,
supreme court,1,1,1,,,
supremely sexy,1,1,1,,,
suprising,1,1,1,,,
suprisingly enervating,1,1,1,,,
suprisingly good performances,1,1,1,,,
suprisingly romantic,1,1,1,,,
sureal,1,1,1,,,
surf culture,1,1,1,,,
surgeon,1,1,1,,,
suri krishnamma,1,1,1,,,
surogate mother,1,1,1,,,
surprise,1,1,1,,,
surprise tactics,1,1,1,,,
surprise twist,1,1,1,,,
surprisingly cute,1,1,1,,,
surprisingly good!,1,1,1,,,
surprisingly touching,1,1,1,,,
surprisingly witty,1,1,1,,,
surpsing,1,1,1,,,
surreal violence,1,1,1,,,
surrogacy,1,1,1,,,
surrogate father / daughter relationship,1,1,1,,,
surround sound - 6 ch,1,1,1,,,
surullinen,1,1,1,,,
survival in serious situation,1,1,1,,,
survive,1,1,1,,,
survivor's guilt,1,1,1,,,
susan muska,1,1,1,,,
susan saladoff,1,1,1,,,
susan sarrandon,1,1,1,,,
susan seidelman,1,1,1,,,
susan streitfeld,1,1,1,,,
susan warms dryfoos,1,1,1,,,
susanna foster,1,1,1,,,
susanne lothar,1,1,1,,,
susanne rostock,1,1,1,,,
suspect,1,1,1,,,
suspense through cinemategoraphy,1,1,1,,,
suspenseful and sad,1,1,1,,,
susrprisingly moving,1,1,1,,,
susumu kurobe,1,1,1,,,
sut jhally,1,1,1,,,
suzanna hamilton,1,1,1,,,
suzanne pleshette,1,1,1,,,
suzuki matsuo,1,1,1,,,
suzy kendall,1,1,1,,,
svart humor,1,1,1,,,
svært kedeligt opbygget. sad nærmest og driftede ud og ind gennem det meste af filmen,1,1,1,,,
swabian,1,1,1,,,
swaggering,1,1,1,,,
swahili,1,1,1,,,
swasbuckler,1,1,1,,,
swastika,1,1,1,,,
swaziland,1,1,1,,,
sweaty,1,1,1,,,
sweet boobs,1,1,1,,,
sweet romance,1,1,1,,,
sweet thriller,1,1,1,,,
swiftmobile,1,1,1,,,
swindle,1,1,1,,,
swinging sixties,1,1,1,,,
swiss,1,1,1,,,
swiss bank,1,1,1,,,
switch partners (swing),1,1,1,,,
swoosie kurtz,1,1,1,,,
sword & sorcery,1,1,1,,,
sword and fantasy,1,1,1,,,
sword and sandal(?),1,1,1,,,
sword battle,1,1,1,,,
sword fights,1,1,1,,,
sword play,1,1,1,,,
sword should have broke,1,1,1,,,
swordfight,1,1,1,,,
swords & sandals,1,1,1,,,
sybil danning,1,1,1,,,
syborg,1,1,1,,,
sydney pollack acting,1,1,1,,,
sydney pollack;,1,1,1,,,
syfy,1,1,1,,,
sylish,1,1,1,,,
sylvain estibal,1,1,1,,,
sylvia,1,1,1,,,
sylvia miles,1,1,1,,,
sylvia plath,1,1,1,,,
sylvia plath life and suicide,1,1,1,,,
sylvia sims,1,1,1,,,
sylwester checinski,1,1,1,,,
symbolic,1,1,1,,,
symbolism well done,1,1,1,,,
symbollic,1,1,1,,,
symbols,1,1,1,,,
symmetrical,1,1,1,,,
symmetry,1,1,1,,,
sympathetic protagonist,1,1,1,,,
synagogue,1,1,1,,,
syndicate,1,1,1,,,
synes desvã¦rre den var lidt flad i det. som om der skulle ske en stã¸rre ting som bare aldrig rigtig skete.,1,1,1,,,
synesthesia,1,1,1,,,
synth pop,1,1,1,,,
synthetic flesh!,1,1,1,,,
syracuse university,1,1,1,,,
syria,1,1,1,,,
system,1,1,1,,,
system holism,1,1,1,,,
systemic corruption,1,1,1,,,
systemic poverty,1,1,1,,,
sz sakall,1,1,1,,,
sã¥ den med iii under meget ufokuseret stemning. sã¥ den kan genses inden lã¦nge,1,1,1,,,
sã©bastien huberdeau,1,1,1,,,
sã¶nke wortmann,1,1,1,,,
sönke wortmann,1,1,1,,,
söt,1,1,1,,,
søren balle,1,1,1,,,
südkorea,1,1,1,,,
t in the park,1,1,1,,,
t x,1,1,1,,,
t&a movie,1,1,1,,,
t-x,1,1,1,,,
t. hee,1,1,1,,,
t.c. stallings,1,1,1,,,
t.j. martin,1,1,1,,,
t.j. miller,1,1,1,,,
taboo,1,1,1,,,
tacones lejanos,1,1,1,,,
tacos,1,1,1,,,
tacos and beer,1,1,1,,,
tactile,1,1,1,,,
tad overacting,1,1,1,,,
tadeusz konwicki,1,1,1,,,
tae-yong kim,1,1,1,,,
tahir rahim,1,1,1,,,
taika cohen,1,1,1,,,
tailor,1,1,1,,,
tailoring would be back in style if more women appreciated clothes in that way!,1,1,1,,,
taj mahal (singer),1,1,1,,,
takahata,1,1,1,,,
takahiro ômori,1,1,1,,,
takako matsu,1,1,1,,,
takao okawara,1,1,1,,,
takao osawa,1,1,1,,,
takashi ishii,1,1,1,,,
takashi koizumi,1,1,1,,,
takashi nomura,1,1,1,,,
takashi shimizu,1,1,1,,,
take a great story and destroy is was the motto for this film.,1,1,1,,,
takes place in 1996 but everything seems,1,1,1,,,
takes too long to get into the plot,1,1,1,,,
takeshi definitely beat this genre to the ground,1,1,1,,,
takeshi nozue,1,1,1,,,
takeya nakamura,1,1,1,,,
takumi furukawa,1,1,1,,,
talal derki,1,1,1,,,
talented child actor,1,1,1,,,
talented creative team,1,1,1,,,
taliesin jaffe,1,1,1,,,
talk only,1,1,1,,,
talk show host,1,1,1,,,
talkative,1,1,1,,,
talking on phone,1,1,1,,,
talking stone heads,1,1,1,,,
talking to a volleyball for 2 hours,1,1,1,,,
talking to camera,1,1,1,,,
talking to the ball,1,1,1,,,
talks directly to the camera,1,1,1,,,
talks too much.,1,1,1,,,
talky but with no substance,1,1,1,,,
tallahassee regal,1,1,1,,,
tallships,1,1,1,,,
talulah riley,1,1,1,,,
talya lavie,1,1,1,,,
tamara jenkins,1,1,1,,,
tame,1,1,1,,,
taming the west,1,1,1,,,
tamiya terashima,1,1,1,,,
tamlyn tomita,1,1,1,,,
tammy grimes,1,1,1,,,
tampa fl,1,1,1,,,
tampere,1,1,1,,,
tamsin egerton,1,1,1,,,
tana schembori,1,1,1,,,
tanay chheda,1,1,1,,,
tania raymonde,1,1,1,,,
tank chase scene,1,1,1,,,
tankjacking,1,1,1,,,
tanvi ganesh lonkar,1,1,1,,,
tanzania,1,1,1,,,
tap dancing,1,1,1,,,
tape,1,1,1,,,
tara buckman,1,1,1,,,
taraneh alidoosti,1,1,1,,,
tarantino like,1,1,1,,,
tarantinos best,1,1,1,,,
tarantion,1,1,1,,,
target,1,1,1,,,
target shooting,1,1,1,,,
tart humor,1,1,1,,,
tartars,1,1,1,,,
taryn manning,1,1,1,,,
tasse de chocolat,1,1,1,,,
tate donovan,1,1,1,,,
tatiana maslany,1,1,1,,,
tatsuo sato,1,1,1,,,
tatsuya nagamine,1,1,1,,,
tatum mccann,1,1,1,,,
tatum o neal,1,1,1,,,
tatyana arntgolts,1,1,1,,,
tavernier,1,1,1,,,
tax advisor,1,1,1,,,
taxi,1,1,1,,,
taxi hijacked,1,1,1,,,
taxidermist,1,1,1,,,
taxidermy,1,1,1,,,
taylor geare,1,1,1,,,
taylor mead,1,1,1,,,
tchã©ky karyo did not direct this movie,1,1,1,,,
tchã©ky karyo does not star in this movie,1,1,1,,,
tchã©ky karyo was not the casting director for this movie,1,1,1,,,
te-sheng wei,1,1,1,,,
tea leoni,1,1,1,,,
teacher as protagonist (incidental),1,1,1,,,
teaches a lesson,1,1,1,,,
team spirit,1,1,1,,,
team work,1,1,1,,,
teammate,1,1,1,,,
tear,1,1,1,,,
tears of happiness,1,1,1,,,
teary eyed,1,1,1,,,
teasing,1,1,1,,,
tech-noir,1,1,1,,,
technical retarded,1,1,1,,,
technique,1,1,1,,,
technique:monologue to camera,1,1,1,,,
technique:stop-motion special effects,1,1,1,,,
technophobia,1,1,1,,,
tecnicolor,1,1,1,,,
ted berman,1,1,1,,,
ted ludzik,1,1,1,,,
ted prior,1,1,1,,,
ted tetzlaff,1,1,1,,,
teddy newton,1,1,1,,,
tediously sacchrine,1,1,1,,,
teen age wasteland,1,1,1,,,
teen as protagonist,1,1,1,,,
teen comedy for adults,1,1,1,,,
teen coming of age,1,1,1,,,
teen nudity,1,1,1,,,
teen rape,1,1,1,,,
teen remake,1,1,1,,,
teen school girl,1,1,1,,,
teen slasher,1,1,1,,,
teen suicide,1,1,1,,,
teenage gang,1,1,1,,,
teenage noire,1,1,1,,,
"tehran, iran",1,1,1,,,
teiji ito,1,1,1,,,
teinosuke kinugasa,1,1,1,,,
tel aviv,1,1,1,,,
telekenesis,1,1,1,,,
telepathie,1,1,1,,,
telephone,1,1,1,,,
telephone call,1,1,1,,,
teleporting jason,1,1,1,,,
televangelist,1,1,1,,,
tells a very short time event,1,1,1,,,
temper tantrums,1,1,1,,,
temperamental,1,1,1,,,
tenacity,1,1,1,,,
tengiz abuladze,1,1,1,,,
tensai okamura,1,1,1,,,
tense violent,1,1,1,,,
tentacle rape,1,1,1,,,
tentou sair do clichãª,1,1,1,,,
tenure,1,1,1,,,
teodoro maniaci,1,1,1,,,
terence nance,1,1,1,,,
teri hatcher,1,1,1,,,
terraforming,1,1,1,,,
terrance zdunich,1,1,1,,,
terrebonnne parish,1,1,1,,,
terrible casting,1,1,1,,,
terrible cgi bullet,1,1,1,,,
terrible choices by characters,1,1,1,,,
terrible dialogs,1,1,1,,,
terrible dubbing,1,1,1,,,
terrible film,1,1,1,,,
terrible main character,1,1,1,,,
terrible message,1,1,1,,,
terrible movie.,1,1,1,,,
terrible music,1,1,1,,,
terrible on all counts,1,1,1,,,
terrible screenplay,1,1,1,,,
terrible singing,1,1,1,,,
terrible terrible,1,1,1,,,
terrific,1,1,1,,,
terrific story,1,1,1,,,
terrifying environment,1,1,1,,,
terror in the water,1,1,1,,,
terrorist group,1,1,1,,,
terry benedict,1,1,1,,,
terry bradshaw,1,1,1,,,
terry kinney,1,1,1,,,
terry kiser,1,1,1,,,
terry lennon,1,1,1,,,
terry mcdonough,1,1,1,,,
terry o. morse,1,1,1,,,
terry sanders,1,1,1,,,
tess harper,1,1,1,,,
tess panzer,1,1,1,,,
test1,1,1,1,,,
test12,1,1,1,,,
test32,1,1,1,,,
testosteroney - the sweetest treat,1,1,1,,,
tests,1,1,1,,,
tetris,1,1,1,,,
tetsuro tanba,1,1,1,,,
tetsuya nomura,1,1,1,,,
texting while driving,1,1,1,,,
th fly,1,1,1,,,
thai boxen,1,1,1,,,
thai martial arts,1,1,1,,,
thai original,1,1,1,,,
thalidomide,1,1,1,,,
thanatos!,1,1,1,,,
thankfully uncorny,1,1,1,,,
that chinese kid,1,1,1,,,
that dumbass kid,1,1,1,,,
that ending...,1,1,1,,,
that fat nerd is just annoying,1,1,1,,,
that hollywood blow everything up and one guy vs all  army thing.,1,1,1,,,
that nice documentary there's no reason to watch more than once,1,1,1,,,
that purple suit that hugh jackman wore at one point,1,1,1,,,
that was cool.,1,1,1,,,
that will be all,1,1,1,,,
that'll do pig,1,1,1,,,
that's it.,1,1,1,,,
that's my stapler,1,1,1,,,
that's what he keeps asking for,1,1,1,,,
thats not a knife,1,1,1,,,
the,1,1,1,,,
"the ""n"" word",1,1,1,,,
the 4th wall,1,1,1,,,
the 5-second rule never applies near animals or in zoos,1,1,1,,,
the action,1,1,1,,,
the actors,1,1,1,,,
the actors are the best brasilian actor.,1,1,1,,,
the amazon,1,1,1,,,
"the antagonist watches ""deep throat""",1,1,1,,,
the atmosphere very natural,1,1,1,,,
the basterds,1,1,1,,,
the beast,1,1,1,,,
the beatles (not!),1,1,1,,,
the bees,1,1,1,,,
the best comic adaptation!,1,1,1,,,
the best love story ever put on film.,1,1,1,,,
the best movie ever!!!!!!!!,1,1,1,,,
the best of,1,1,1,,,
the best of buã±el,1,1,1,,,
the best of jaws,1,1,1,,,
the best of jurassic park,1,1,1,,,
the best of terminator!,1,1,1,,,
the best of the lord of the rings,1,1,1,,,
the best of the thrillers,1,1,1,,,
the best of walter salles,1,1,1,,,
the best of war movies,1,1,1,,,
the best one,1,1,1,,,
the best terminator,1,1,1,,,
the best you could do,1,1,1,,,
the best!,1,1,1,,,
the black plague,1,1,1,,,
the book was bettah,1,1,1,,,
the boys,1,1,1,,,
the bronx,1,1,1,,,
the butter scene,1,1,1,,,
the chair!!!!!!!,1,1,1,,,
the characters weren't likeable,1,1,1,,,
the circle of life,1,1,1,,,
the clash,1,1,1,,,
the clever dumb gardener,1,1,1,,,
the couple is also married off-screen,1,1,1,,,
the cuteness,1,1,1,,,
the dark comedy seems mostly just dark,1,1,1,,,
the depression,1,1,1,,,
the desert,1,1,1,,,
the dialogue,1,1,1,,,
the dialouge just doesn't sound right,1,1,1,,,
the director should be be shot...in the mouth!,1,1,1,,,
the director should be given a grammy,1,1,1,,,
the director should be shot,1,1,1,,,
the diva dance,1,1,1,,,
the doors,1,1,1,,,
the drama is good,1,1,1,,,
the duke. john williams. western.,1,1,1,,,
the dying swan,1,1,1,,,
the elephant is in the pool,1,1,1,,,
the empire,1,1,1,,,
the end.,1,1,1,,,
the ending is the worst part,1,1,1,,,
the ending speech,1,1,1,,,
the ending sucks,1,1,1,,,
the ending/it's really corny!,1,1,1,,,
the ensemble of previous anderson movies coming together in a whoole new beautiful world,1,1,1,,,
the entertainer,1,1,1,,,
the eternal return,1,1,1,,,
the fact that ellen page died.,1,1,1,,,
the fat green monster that is not hulk,1,1,1,,,
the film about the highschool guy who gets everything his own way,1,1,1,,,
the film is all about raging jew revenge.,1,1,1,,,
the film!!,1,1,1,,,
the final cut,1,1,1,,,
the first film to receive nc-17 rating,1,1,1,,,
the first one was terrible,1,1,1,,,
the first rule of movielens is we don't talk about fight club,1,1,1,,,
the flow,1,1,1,,,
the fly,1,1,1,,,
the force,1,1,1,,,
the fox,1,1,1,,,
the french are more cultured than you,1,1,1,,,
the genre at it's worst,1,1,1,,,
the god steve martin,1,1,1,,,
the good guy,1,1,1,,,
the graduate,1,1,1,,,
the gravy stain came out,1,1,1,,,
the greater good,1,1,1,,,
the greatest,1,1,1,,,
the greatest zombie saga continues!!!,1,1,1,,,
the guy especially :p,1,1,1,,,
the guy wasn't even that attractive,1,1,1,,,
the gza,1,1,1,,,
the hatter breakdances?,1,1,1,,,
the helicopter scene,1,1,1,,,
the internet,1,1,1,,,
the irony of intellectuals in suburbia,1,1,1,,,
the joker,1,1,1,,,
the kid,1,1,1,,,
the killls and the score,1,1,1,,,
the king in yellow,1,1,1,,,
the last scene,1,1,1,,,
the lens,1,1,1,,,
the line,1,1,1,,,
the lobotomy was never fully substantiated,1,1,1,,,
the look in his eye when he found out his beloved isolde had betrayed him. one of my favourite movies of all time,1,1,1,,,
the magic roundabout,1,1,1,,,
the main character dies,1,1,1,,,
the main character questionable,1,1,1,,,
the man they call jane,1,1,1,,,
the matrix-corny,1,1,1,,,
the mester,1,1,1,,,
the middle,1,1,1,,,
the mob,1,1,1,,,
the monster scared the shit out me when i was a kid,1,1,1,,,
the morgan freeman leaving non-sense,1,1,1,,,
the most beautiful girl alive?,1,1,1,,,
the most clever dirty movie ever made.,1,1,1,,,
the most expected movie,1,1,1,,,
the most touching,1,1,1,,,
the mouth of liv tyler,1,1,1,,,
the movie was very eerie and dreamlike,1,1,1,,,
the nature of love,1,1,1,,,
the negative ending,1,1,1,,,
the never ending weird movie,1,1,1,,,
the new standard for biopics using old stock footage,1,1,1,,,
the new york times,1,1,1,,,
the newest version - which edited the ending - is the best!,1,1,1,,,
the north wind,1,1,1,,,
the old south,1,1,1,,,
the only fast oriental film,1,1,1,,,
the original is soooo much better than the later version. tells you what it is like to feel good.,1,1,1,,,
the original was bad enough,1,1,1,,,
the original was better,1,1,1,,,
the panther and the frog,1,1,1,,,
the part where bruce willis' story told.,1,1,1,,,
the passion of the being tortured (2004),1,1,1,,,
the perfect movie,1,1,1,,,
the photagraphy is amazing,1,1,1,,,
the pirate bay,1,1,1,,,
the plastic bag,1,1,1,,,
the play was better,1,1,1,,,
the plot and style seems outdated in this hitchcock,1,1,1,,,
the plot is all over the place,1,1,1,,,
the plot is ridiculous,1,1,1,,,
the plot just sucks,1,1,1,,,
the poster is better than the movie,1,1,1,,,
the power of the p,1,1,1,,,
the prediction was way off,1,1,1,,,
the rainbow connection,1,1,1,,,
the ramones,1,1,1,,,
the remake is better,1,1,1,,,
the rest of the movie,1,1,1,,,
the ritz brothers,1,1,1,,,
the road not taken,1,1,1,,,
"the rocks ""finest"" work need i say more?",1,1,1,,,
the romance of crime,1,1,1,,,
the saint (series),1,1,1,,,
the script,1,1,1,,,
the second part of the best fucking movies ever!!!!,1,1,1,,,
the second renaissance 1 & 2,1,1,1,,,
the sets,1,1,1,,,
the shape,1,1,1,,,
the shining meets home alone,1,1,1,,,
the show is better,1,1,1,,,
the snake,1,1,1,,,
the sole incredibly funny sandler movie,1,1,1,,,
the sound design,1,1,1,,,
the special effects,1,1,1,,,
the start,1,1,1,,,
the story and the fabulous plays,1,1,1,,,
the subject,1,1,1,,,
the suspense and round characters and amazing acting and the interesting plot line,1,1,1,,,
the tenant,1,1,1,,,
the thick of it,1,1,1,,,
the thought of an unlimited shopping spree for toys made up for everything else.,1,1,1,,,
"the three ""imagination"" sequences they had when they were stoned ruined the movie.",1,1,1,,,
the train,1,1,1,,,
the trolley song,1,1,1,,,
the truth,1,1,1,,,
the truth!,1,1,1,,,
the valley,1,1,1,,,
the views,1,1,1,,,
the villain from karate kid at the bar,1,1,1,,,
the voice-overs here aren't as corny as people say,1,1,1,,,
the wachowskis,1,1,1,,,
the way of presenting turkey,1,1,1,,,
the whole doesn't add up to more than it's parts,1,1,1,,,
the whole plot is a clichã©,1,1,1,,,
the whole tromeo & juliet threw me off but thank gawd they didn't talk like bill the spear shaker,1,1,1,,,
the wife did it,1,1,1,,,
the wig,1,1,1,,,
the will to survive,1,1,1,,,
the worst acting i've ever seen,1,1,1,,,
the worst musical ever made.,1,1,1,,,
the worst of spike lee,1,1,1,,,
thea sharrock,1,1,1,,,
theater - musical,1,1,1,,,
theatre story,1,1,1,,,
theatres,1,1,1,,,
theatrical,1,1,1,,,
theatrical cut,1,1,1,,,
theeffects,1,1,1,,,
thekla reuten,1,1,1,,,
thelma & louise,1,1,1,,,
thelma schoonmaker,1,1,1,,,
thematic,1,1,1,,,
thematic concerns,1,1,1,,,
thematically conflicted,1,1,1,,,
theme: the entertainer,1,1,1,,,
theme:civilization vs. anarchy,1,1,1,,,
theme:class differences,1,1,1,,,
theme:female power,1,1,1,,,
theme:friendship/loyalty,1,1,1,,,
theme:opportunism & exploitation,1,1,1,,,
theme:politics,1,1,1,,,
theme:racism,1,1,1,,,
theme:sexism,1,1,1,,,
theo james,1,1,1,,,
theodore j. flicker,1,1,1,,,
theodore melfi,1,1,1,,,
theodore roosevelt,1,1,1,,,
there is no monster and it doesn't walk,1,1,1,,,
there must be something clever here...,1,1,1,,,
there was a potent inspirational message,1,1,1,,,
there were several remakes,1,1,1,,,
theresienstadt,1,1,1,,,
they all die in the end,1,1,1,,,
they are always talking,1,1,1,,,
they based all actor's accents on colin farrel's accent,1,1,1,,,
they don't even go to mars!,1,1,1,,,
they fight for us,1,1,1,,,
they just talk about this crappy joke,1,1,1,,,
they might be giants,1,1,1,,,
they never get his nose right,1,1,1,,,
they screwed up the mandarin,1,1,1,,,
they should have taken a saw ii the final print!!,1,1,1,,,
they're always spot on!,1,1,1,,,
thick accents,1,1,1,,,
thief and cop,1,1,1,,,
thight plot,1,1,1,,,
thin characters,1,1,1,,,
thin dialogue,1,1,1,,,
thin premise,1,1,1,,,
think of the acting...,1,1,1,,,
thinks it's cleverer than it is,1,1,1,,,
thinnes,1,1,1,,,
third movie curse,1,1,1,,,
third part,1,1,1,,,
this classic film addresses two current issues ptsd and mental health,1,1,1,,,
this is a fun family movie. if you like victorian style british novels,1,1,1,,,
this is best movie n world,1,1,1,,,
this is funny,1,1,1,,,
this is my absolute favourite movie ever.,1,1,1,,,
this is my happy face,1,1,1,,,
this is not!,1,1,1,,,
this is the archetypal 'good sci-fi action' movie. it simply doesn't get better than this.,1,1,1,,,
this is the nicely acted story with some good moments,1,1,1,,,
this is the wierdest movie i ever liked,1,1,1,,,
this is the worst movie of all time someone should be hurt,1,1,1,,,
"this is what they say ""the notebook"" was",1,1,1,,,
this is when michael douglas use to act,1,1,1,,,
this movie is one of the best movies of all time.  everyone should watch this movie. it is perfect.,1,1,1,,,
this movie is perfect,1,1,1,,,
this movie is pretty...pretty gay,1,1,1,,,
"this movie should have been called ""how cocaine ruined disney""",1,1,1,,,
this movie sucked,1,1,1,,,
this movie will induce vomitting,1,1,1,,,
this one is real funny. it is also nice. but seems to have a factory finish to it.,1,1,1,,,
this series is shit,1,1,1,,,
this tag is my contribution to movielens,1,1,1,,,
this would have been funnier if it was a horror film,1,1,1,,,
thom yorke,1,1,1,,,
thomas balmes,1,1,1,,,
thomas balmès,1,1,1,,,
thomas guard,1,1,1,,,
thomas ian nicholas,1,1,1,,,
thomas j. wright,1,1,1,,,
thomas jahn,1,1,1,,,
thomas langmann,1,1,1,,,
thomas lennon,1,1,1,,,
thomas michael donnelly,1,1,1,,,
thomas riedelsheimer,1,1,1,,,
thomas szabo,1,1,1,,,
thomas turgoose,1,1,1,,,
thoought-provoking,1,1,1,,,
thorbjørn christoffersen,1,1,1,,,
thorold dickinson,1,1,1,,,
though,1,1,1,,,
though bad for your teeth,1,1,1,,,
though slow and predictable,1,1,1,,,
though-provoking,1,1,1,,,
thought there is a sequel!,1,1,1,,,
thought-inducing,1,1,1,,,
thought-out,1,1,1,,,
thought-out concert,1,1,1,,,
thrash metal,1,1,1,,,
threatening villain,1,1,1,,,
threats,1,1,1,,,
three candies showing off their skills,1,1,1,,,
three pillows,1,1,1,,,
three-strip technicolor,1,1,1,,,
three-way duel,1,1,1,,,
thriler,1,1,1,,,
thrill-less,1,1,1,,,
throwaway,1,1,1,,,
throwaway gags,1,1,1,,,
throwing physics away,1,1,1,,,
thruth revelation,1,1,1,,,
thruthful,1,1,1,,,
thug,1,1,1,,,
thugs,1,1,1,,,
thunderstorm,1,1,1,,,
thymaya payne,1,1,1,,,
tia lessin,1,1,1,,,
tian-ming wu,1,1,1,,,
tiana,1,1,1,,,
tiananmen square,1,1,1,,,
tianjin,1,1,1,,,
tibor hernádi,1,1,1,,,
tibor takács,1,1,1,,,
tics,1,1,1,,,
tie fighter,1,1,1,,,
tied up loose ends,1,1,1,,,
tiff premier,1,1,1,,,
tiffany dupont,1,1,1,,,
tiffany freisberg,1,1,1,,,
tiger hu chen,1,1,1,,,
tight,1,1,1,,,
tilda swin,1,1,1,,,
till schauder,1,1,1,,,
tillotama shome,1,1,1,,,
tilman remme,1,1,1,,,
tim,1,1,1,,,
tim allen as a hitman,1,1,1,,,
tim burton and johnny depp,1,1,1,,,
tim burton hits another one out of the cemetery,1,1,1,,,
tim coleman,1,1,1,,,
tim conway,1,1,1,,,
tim frywell,1,1,1,,,
tim heidecker,1,1,1,,,
tim hetherington,1,1,1,,,
tim hill,1,1,1,,,
tim holt,1,1,1,,,
tim matheson,1,1,1,,,
tim mccanlies,1,1,1,,,
tim mcinnerny,1,1,1,,,
tim reid,1,1,1,,,
tim robbins performance,1,1,1,,,
tim rocks,1,1,1,,,
tim story,1,1,1,,,
tim wolochatiuk,1,1,1,,,
time capsule,1,1,1,,,
time jump,1,1,1,,,
time limit,1,1,1,,,
time management,1,1,1,,,
time manipulation,1,1,1,,,
time relationships,1,1,1,,,
time sleepers,1,1,1,,,
time wasted,1,1,1,,,
"time, beliefe, perception, limit of human mind",1,1,1,,,
time-skip,1,1,1,,,
timelapse,1,1,1,,,
timeless idea,1,1,1,,,
timeless themes,1,1,1,,,
timon and pumba,1,1,1,,,
timothy a. chey,1,1,1,,,
timothy busfield,1,1,1,,,
timothy daly,1,1,1,,,
timothy reckart,1,1,1,,,
timothy wheeler,1,1,1,,,
timpano,1,1,1,,,
tinker bell,1,1,1,,,
tinkering,1,1,1,,,
tinseltown,1,1,1,,,
tinted,1,1,1,,,
"tiny ""zeus"" lister",1,1,1,,,
tipical fun movie,1,1,1,,,
tippy walker,1,1,1,,,
tired,1,1,1,,,
tires,1,1,1,,,
tiresome,1,1,1,,,
tissit,1,1,1,,,
titanosaurus,1,1,1,,,
title,1,1,1,,,
title at the end,1,1,1,,,
title has no relevance,1,1,1,,,
tizza covi,1,1,1,,,
tjejfilm,1,1,1,,,
to  see,1,1,1,,,
to buy,1,1,1,,,
to kids,1,1,1,,,
to leave a kid alone,1,1,1,,,
to old,1,1,1,,,
to own,1,1,1,,,
to see: 80s,1,1,1,,,
to see: action/romance,1,1,1,,,
to see: anime,1,1,1,,,
to see: based on a book,1,1,1,,,
to see: battle royale style,1,1,1,,,
to see: documentary,1,1,1,,,
to see: horror/ghosts,1,1,1,,,
to see: jean-claude van damme,1,1,1,,,
to see: lesbian,1,1,1,,,
to see: military,1,1,1,,,
to see: sports,1,1,1,,,
to see: suggested,1,1,1,,,
to see: suicide,1,1,1,,,
to see: time travel,1,1,1,,,
to see: war funny,1,1,1,,,
toa fraser,1,1,1,,,
toads,1,1,1,,,
tobacco industry,1,1,1,,,
tobias funke cameo,1,1,1,,,
toby jones,1,1,1,,,
toby shelton,1,1,1,,,
toby wilkins,1,1,1,,,
today,1,1,1,,,
todd ahlberg,1,1,1,,,
todd carthy,1,1,1,,,
todd kessler,1,1,1,,,
todd louiso,1,1,1,,,
todd mccarthy,1,1,1,,,
todd strauss-schulson,1,1,1,,,
toga party,1,1,1,,,
tokarev,1,1,1,,,
tokusatsu,1,1,1,,,
tokyo story,1,1,1,,,
told hastily,1,1,1,,,
tolerable,1,1,1,,,
tolerable chick flick,1,1,1,,,
tolga örnek,1,1,1,,,
toliet humor,1,1,1,,,
tolstoy,1,1,1,,,
tom,1,1,1,,,
tom atkins,1,1,1,,,
tom baker was in it,1,1,1,,,
tom berninger,1,1,1,,,
tom bower,1,1,1,,,
tom burlinson,1,1,1,,,
tom conti,1,1,1,,,
tom courtenay,1,1,1,,,
tom cruise = asshole,1,1,1,,,
tom cruise cameo,1,1,1,,,
tom cruise's best role!,1,1,1,,,
tom cruise's best work,1,1,1,,,
tom decerchio,1,1,1,,,
tom donahue,1,1,1,,,
tom drake,1,1,1,,,
tom gilroy,1,1,1,,,
tom gustafson,1,1,1,,,
tom hanks gay,1,1,1,,,
tom hanks. humorous,1,1,1,,,
tom hughes,1,1,1,,,
tom kenny,1,1,1,,,
tom lin,1,1,1,,,
tom mcgowan,1,1,1,,,
tom mcnamara,1,1,1,,,
tom moore,1,1,1,,,
tom noonan,1,1,1,,,
tom peosay,1,1,1,,,
tom petty,1,1,1,,,
tom putnam,1,1,1,,,
tom ripley,1,1,1,,,
tom schulman,1,1,1,,,
tom shankland,1,1,1,,,
tom sizemore,1,1,1,,,
tom stern,1,1,1,,,
tom wolfe,1,1,1,,,
tomas gutiérrez alea,1,1,1,,,
tomatina,1,1,1,,,
tomatoes,1,1,1,,,
tomb raider,1,1,1,,,
tombstone,1,1,1,,,
tommi korpela,1,1,1,,,
tommy,1,1,1,,,
tommy avallone,1,1,1,,,
tommy flanagan,1,1,1,,,
tommy gun,1,1,1,,,
tommy morrison,1,1,1,,,
tommy walker,1,1,1,,,
tomokazu tokoro,1,1,1,,,
tomomi mochizuki,1,1,1,,,
tomoyuki takimoto,1,1,1,,,
tomu uchida,1,1,1,,,
tonal whiplash,1,1,1,,,
tone deafness,1,1,1,,,
tongue in cheek steel balls hero,1,1,1,,,
tonino valerii,1,1,1,,,
tony bill,1,1,1,,,
tony bui,1,1,1,,,
tony cervone,1,1,1,,,
tony danza,1,1,1,,,
tony giglio,1,1,1,,,
tony leung ka-fei,1,1,1,,,
tony mcnamara,1,1,1,,,
tony mitchell,1,1,1,,,
tony oliver,1,1,1,,,
tony randall,1,1,1,,,
tony shaff,1,1,1,,,
tony shalub,1,1,1,,,
tony to,1,1,1,,,
tony vitale,1,1,1,,,
too,1,1,1,,,
too 90's,1,1,1,,,
too american,1,1,1,,,
too american ending,1,1,1,,,
too anecdotic,1,1,1,,,
too bloody,1,1,1,,,
too brutal,1,1,1,,,
too cerebral,1,1,1,,,
too concrete,1,1,1,,,
too constructed,1,1,1,,,
too disturbing,1,1,1,,,
too easy for the good guys,1,1,1,,,
too explicit ending,1,1,1,,,
too explicit moral,1,1,1,,,
"too far from the real thing. and the ""darcy"" is nauseating.",1,1,1,,,
too french,1,1,1,,,
too frenzied,1,1,1,,,
too funny!!,1,1,1,,,
too heroic,1,1,1,,,
too literary,1,1,1,,,
too little content,1,1,1,,,
too long too boring,1,1,1,,,
too many cliches,1,1,1,,,
too many color highlights,1,1,1,,,
too many deaths,1,1,1,,,
too many dinosaurs,1,1,1,,,
too many dogs,1,1,1,,,
too many notes,1,1,1,,,
too many plot lines,1,1,1,,,
too many strings,1,1,1,,,
too moralistic,1,1,1,,,
too much bruce wayne not enough batman,1,1,1,,,
too much dance,1,1,1,,,
too much dialogue,1,1,1,,,
too much explanation,1,1,1,,,
too much going on,1,1,1,,,
too much metaphoric,1,1,1,,,
too much screaming,1,1,1,,,
too much sex,1,1,1,,,
too much singing,1,1,1,,,
too much snappy banter,1,1,1,,,
too much suspension of disbelief,1,1,1,,,
too much talking,1,1,1,,,
too nice,1,1,1,,,
too obvious that robin wright penn was attracted to paul newman and not kevin costner.,1,1,1,,,
too see,1,1,1,,,
too self-aware,1,1,1,,,
too similar to the hangover,1,1,1,,,
too simplistic,1,1,1,,,
too stupid to remember,1,1,1,,,
too sweet,1,1,1,,,
too upper class,1,1,1,,,
too western,1,1,1,,,
too witty,1,1,1,,,
toomas hussar,1,1,1,,,
tooth fairies,1,1,1,,,
tooth fairy,1,1,1,,,
top,1,1,1,,,
top 10 horror movies,1,1,1,,,
top 10 war film all time,1,1,1,,,
top 100,1,1,1,,,
top 5 best movies ever!,1,1,1,,,
top 5 movie,1,1,1,,,
top five,1,1,1,,,
top gun 2,1,1,1,,,
topher grace is the worst actor ever,1,1,1,,,
topic:andy kaufman,1,1,1,,,
topic:author,1,1,1,,,
topic:blackwater/cheney,1,1,1,,,
topic:brainwashing children,1,1,1,,,
topic:communication design,1,1,1,,,
topic:crossword construction,1,1,1,,,
topic:crossword tournament competition,1,1,1,,,
topic:death penalty,1,1,1,,,
topic:disease/illness,1,1,1,,,
topic:evangelism,1,1,1,,,
topic:ghandi,1,1,1,,,
topic:hugo chavez,1,1,1,,,
topic:idi amin,1,1,1,,,
topic:jane austen,1,1,1,,,
topic:johnny cash,1,1,1,,,
topic:lenny bruce,1,1,1,,,
topic:managed health care,1,1,1,,,
topic:marquis de sade,1,1,1,,,
topic:modernism,1,1,1,,,
topic:mpaa,1,1,1,,,
topic:muhammed ali,1,1,1,,,
topic:nasa,1,1,1,,,
topic:nixon presidency (usa),1,1,1,,,
topic:pearl fryar,1,1,1,,,
topic:police corruption,1,1,1,,,
topic:racism,1,1,1,,,
topic:sex work,1,1,1,,,
topic:slavery,1,1,1,,,
topic:suicide,1,1,1,,,
topic:television game show,1,1,1,,,
topic:uk class structure,1,1,1,,,
topic:union activism,1,1,1,,,
topic:venezula,1,1,1,,,
topless ducks,1,1,1,,,
topless female nudity,1,1,1,,,
topless scene,1,1,1,,,
tor johnson,1,1,1,,,
tormenting,1,1,1,,,
toronto film festival winner 1980,1,1,1,,,
toronto film festival winner 1985,1,1,1,,,
toronto film festival winner 1994,1,1,1,,,
toronto film festival winner 1995,1,1,1,,,
toronto film festival winner 1997,1,1,1,,,
toronto film festival winner 2005,1,1,1,,,
torrance california,1,1,1,,,
torres strait islands,1,1,1,,,
torro,1,1,1,,,
torture as a method of treatment,1,1,1,,,
toshiaki karasawa,1,1,1,,,
toshiaki toyoda,1,1,1,,,
toshio is soooo cute!,1,1,1,,,
toshio lee,1,1,1,,,
toshio suzuki,1,1,1,,,
toshirãƒâƒã‚â´ mifune,1,1,1,,,
toshirãƒâƒã‚âƒãƒâ‚ã‚â´ mifune,1,1,1,,,
toshiya fujita,1,1,1,,,
toshiyuki kubooka,1,1,1,,,
total and obvious cgi,1,1,1,,,
totalitarian state,1,1,1,,,
totally awesome,1,1,1,,,
totally overlooked,1,1,1,,,
totalmente excelente,1,1,1,,,
touching classic,1,1,1,,,
touching in parts,1,1,1,,,
touching romance,1,1,1,,,
touching story of friendship,1,1,1,,,
touchstone,1,1,1,,,
touchy,1,1,1,,,
tough choices,1,1,1,,,
tough cop,1,1,1,,,
tough girl,1,1,1,,,
tough love,1,1,1,,,
tough topics,1,1,1,,,
tounge in cheek,1,1,1,,,
tour,1,1,1,,,
tourette,1,1,1,,,
tourettes,1,1,1,,,
touring,1,1,1,,,
tower,1,1,1,,,
toxic relationship,1,1,1,,,
toy maker,1,1,1,,,
toyboy,1,1,1,,,
toyoo ashida,1,1,1,,,
toyota,1,1,1,,,
tps,1,1,1,,,
traci lords,1,1,1,,,
tracie thoms,1,1,1,,,
tracy,1,1,1,,,
tracy letts,1,1,1,,,
tracy reed,1,1,1,,,
tracy ullman,1,1,1,,,
tradegy,1,1,1,,,
trading bodies,1,1,1,,,
tradition,1,1,1,,,
trafficking,1,1,1,,,
tragedy in the setting of comedy,1,1,1,,,
tragic childhood,1,1,1,,,
tragic end,1,1,1,,,
tragic lovestory,1,1,1,,,
tragicomic,1,1,1,,,
trail through the woods,1,1,1,,,
trailer gives it away,1,1,1,,,
trailer park,1,1,1,,,
trailer was better than the movie,1,1,1,,,
trainer,1,1,1,,,
trainspotting,1,1,1,,,
trainspotting minus the good parts,1,1,1,,,
traitorous spies/double agents,1,1,1,,,
tramp,1,1,1,,,
trampolines,1,1,1,,,
tramway,1,1,1,,,
tranny,1,1,1,,,
tranquilizers,1,1,1,,,
transcendental,1,1,1,,,
transcendentialist,1,1,1,,,
transcends action thriller genre,1,1,1,,,
transdimensional fighting,1,1,1,,,
transendental,1,1,1,,,
transference,1,1,1,,,
transformation scene,1,1,1,,,
transformers soundrack,1,1,1,,,
transgender folklore,1,1,1,,,
transitions,1,1,1,,,
transitions a bit abruptly,1,1,1,,,
translation,1,1,1,,,
translucid aliens,1,1,1,,,
transmisogyny,1,1,1,,,
transphobic,1,1,1,,,
transplant,1,1,1,,,
transposition,1,1,1,,,
transvetism,1,1,1,,,
tranvestism,1,1,1,,,
trap,1,1,1,,,
travel film,1,1,1,,,
travis fine,1,1,1,,,
treasure hunting,1,1,1,,,
treasure of the four crowns,1,1,1,,,
tree house,1,1,1,,,
tree rape,1,1,1,,,
treehouse,1,1,1,,,
trek,1,1,1,,,
trekie,1,1,1,,,
trend maker,1,1,1,,,
trend setting,1,1,1,,,
trendy,1,1,1,,,
tres bien faite,1,1,1,,,
treva wurmfeld,1,1,1,,,
trevor fehrman,1,1,1,,,
trevor jones,1,1,1,,,
triads,1,1,1,,,
trials of youth,1,1,1,,,
tribute,1,1,1,,,
trick,1,1,1,,,
tricked to leave,1,1,1,,,
trier family,1,1,1,,,
tries to be both black comedy,1,1,1,,,
tries to be controversial,1,1,1,,,
tries to be funny,1,1,1,,,
tries to be quirky,1,1,1,,,
tries to be shocking,1,1,1,,,
trieste kelly dunn,1,1,1,,,
triggering,1,1,1,,,
trilogy:jason bourne,1,1,1,,,
trini alvarado,1,1,1,,,
trip,1,1,1,,,
triple sword,1,1,1,,,
triplets,1,1,1,,,
tripods,1,1,1,,,
tristan rogers,1,1,1,,,
tristán ulloa,1,1,1,,,
triumph,1,1,1,,,
trivial ending,1,1,1,,,
trivializes mental illness,1,1,1,,,
trojan,1,1,1,,,
tromaesque,1,1,1,,,
trope heavy,1,1,1,,,
trophy boyfriend,1,1,1,,,
trophy wife,1,1,1,,,
tror det er hans mest vellykkede film,1,1,1,,,
trouble,1,1,1,,,
troy,1,1,1,,,
troy miller,1,1,1,,,
troyan horse,1,1,1,,,
tru-stereo,1,1,1,,,
truancy,1,1,1,,,
truant,1,1,1,,,
true crime,1,1,1,,,
true meaning of love,1,1,1,,,
true story +fiction,1,1,1,,,
true story!,1,1,1,,,
true to novel,1,1,1,,,
truly awful adaptation,1,1,1,,,
truly great western,1,1,1,,,
truth about mormon history,1,1,1,,,
truth behind iraq war,1,1,1,,,
truth vs. fantasy,1,1,1,,,
truthy (i'm so honest!),1,1,1,,,
try,1,1,1,,,
try not to mistake this for an episode of alias,1,1,1,,,
trying to be fight club,1,1,1,,,
trying to be smart and failing embarrassingly,1,1,1,,,
trying too hard,1,1,1,,,
trying too hard to be indie-cool,1,1,1,,,
tuareg,1,1,1,,,
tucson az,1,1,1,,,
tudor giurgiu,1,1,1,,,
tuk-tuks,1,1,1,,,
tunisia,1,1,1,,,
tuppence middleton,1,1,1,,,
turbo-tastic!,1,1,1,,,
turhan bey,1,1,1,,,
turin,1,1,1,,,
turkey's voice,1,1,1,,,
turkmenistan,1,1,1,,,
turku,1,1,1,,,
turmeric,1,1,1,,,
turn around,1,1,1,,,
turn it up,1,1,1,,,
turnabout,1,1,1,,,
turning a new leaf,1,1,1,,,
turning life around,1,1,1,,,
turntablism,1,1,1,,,
turtles,1,1,1,,,
tutsis,1,1,1,,,
tutto quello che avreste voluto sapere sul sesso ma non avete mai osato chiedere,1,1,1,,,
tuula nyman,1,1,1,,,
tuvan throat singing,1,1,1,,,
tv channel,1,1,1,,,
tv quality,1,1,1,,,
tv series is much better,1,1,1,,,
tv show not a film,1,1,1,,,
tv-ma,1,1,1,,,
tv-quality,1,1,1,,,
twelfth night,1,1,1,,,
twenties,1,1,1,,,
twink caplan,1,1,1,,,
twins/inter-related lives?,1,1,1,,,
twist ending but not really,1,1,1,,,
twist endings,1,1,1,,,
twist that wasn't,1,1,1,,,
twist the dance,1,1,1,,,
twisted end,1,1,1,,,
twisted fairytale,1,1,1,,,
twisted genius,1,1,1,,,
twisted morale,1,1,1,,,
twisted time line,1,1,1,,,
twisty,1,1,1,,,
two colors: black and red,1,1,1,,,
two great actors,1,1,1,,,
two men war,1,1,1,,,
two thumbs up!,1,1,1,,,
two wrongly-judged eighteen-year-olds making love with vampires,1,1,1,,,
tx,1,1,1,,,
ty burrell,1,1,1,,,
tyler gillett,1,1,1,,,
tyler hoechlin,1,1,1,,,
tyler labine,1,1,1,,,
tyler measom,1,1,1,,,
tyler posey ii,1,1,1,,,
tylsã¤,1,1,1,,,
tymon tymanski,1,1,1,,,
typecasting,1,1,1,,,
typhus,1,1,1,,,
typical comedy,1,1,1,,,
typical john grisham,1,1,1,,,
typical john houston,1,1,1,,,
typical julia roberts,1,1,1,,,
typical plot,1,1,1,,,
typical ron howard,1,1,1,,,
typical tom hanks,1,1,1,,,
typically french,1,1,1,,,
typically tarantino,1,1,1,,,
tyra banks,1,1,1,,,
tyranny vs. digniity of individual. personofies debauched nature of tyrants.,1,1,1,,,
tyron montgomery,1,1,1,,,
tã©a leoni was not the gaffer on this movie,1,1,1,,,
téa leoni,1,1,1,,,
u can touch the fish,1,1,1,,,
u.n.,1,1,1,,,
u.s. version,1,1,1,,,
u.s.s. blueback,1,1,1,,,
u.s.s. carl vinscon (cvn-70),1,1,1,,,
u.s.s. coral sea,1,1,1,,,
u.s.s. missouri,1,1,1,,,
u.s.s. oriskany (cv 34),1,1,1,,,
u.s.s. ranger (cv 61),1,1,1,,,
u.s.s. reuben james,1,1,1,,,
u.s.s. ticonderoga (cv-14),1,1,1,,,
u.s.s. yorktown (cvs-10),1,1,1,,,
ub iwerks,1,1,1,,,
ubaldo ragona,1,1,1,,,
uberto pasolini,1,1,1,,,
uderzo,1,1,1,,,
ufc,1,1,1,,,
ufo lore,1,1,1,,,
uggie,1,1,1,,,
ugliness of the commoner,1,1,1,,,
ugly = bad,1,1,1,,,
ugly art design,1,1,1,,,
ugly cg,1,1,1,,,
ugly cinematography,1,1,1,,,
ugly female lead,1,1,1,,,
ugo gregoretti,1,1,1,,,
uk music,1,1,1,,,
uk-usa,1,1,1,,,
ukulele,1,1,1,,,
ulcer,1,1,1,,,
ulhas,1,1,1,,,
ulrich muhe,1,1,1,,,
ultimate cut,1,1,1,,,
ultimate weapon,1,1,1,,,
ultimately cliched,1,1,1,,,
ultralight,1,1,1,,,
ultraman,1,1,1,,,
ultraviolence,1,1,1,,,
umesh shukla,1,1,1,,,
un certain regard,1,1,1,,,
un-bond-like,1,1,1,,,
un-lynch,1,1,1,,,
un-western culture,1,1,1,,,
unable to have orgasms,1,1,1,,,
unanswered love,1,1,1,,,
unauthorized love,1,1,1,,,
unbearable at times,1,1,1,,,
unbelievable accents,1,1,1,,,
unbelievably badly written,1,1,1,,,
unbelievably evil villain cliche,1,1,1,,,
unbelievably sad,1,1,1,,,
unbelievably sexist (even for its time),1,1,1,,,
unbelievably stupid,1,1,1,,,
unbeliveable situation,1,1,1,,,
uncertain rating,1,1,1,,,
unchallenging,1,1,1,,,
uncharacteristic,1,1,1,,,
uncharacteristic behavior,1,1,1,,,
unclear character motives,1,1,1,,,
unclear message,1,1,1,,,
uncomplicated,1,1,1,,,
uncompromising,1,1,1,,,
unconventional addiction,1,1,1,,,
unconventional ending,1,1,1,,,
unconventional love story,1,1,1,,,
unconvincing action scenes,1,1,1,,,
unconvincing premise,1,1,1,,,
unconvincing romance,1,1,1,,,
uncooperative characters,1,1,1,,,
uncritical,1,1,1,,,
uncut version,1,1,1,,,
undecided,1,1,1,,,
under played,1,1,1,,,
under water,1,1,1,,,
under-rated,1,1,1,,,
underage,1,1,1,,,
underappreciated,1,1,1,,,
undercover agent,1,1,1,,,
underdog triumph,1,1,1,,,
underestimates the viewer,1,1,1,,,
underground city,1,1,1,,,
underground economy,1,1,1,,,
underground trains,1,1,1,,,
undertaker,1,1,1,,,
underwater base,1,1,1,,,
underwear,1,1,1,,,
underworld,1,1,1,,,
unengaging characters,1,1,1,,,
unengaging plot,1,1,1,,,
unengaging sequel,1,1,1,,,
unerotic,1,1,1,,,
unetical,1,1,1,,,
uneven acting,1,1,1,,,
uneven cast,1,1,1,,,
uneven pace,1,1,1,,,
uneventful,1,1,1,,,
unexpected classic from spielberg,1,1,1,,,
unexpected end,1,1,1,,,
unexpected guests,1,1,1,,,
unexpected love,1,1,1,,,
unexpectedly terrifying,1,1,1,,,
unexplained things,1,1,1,,,
unexplained tom bombadil monster-characters,1,1,1,,,
unexploded ordnance disposal,1,1,1,,,
unfair marriage,1,1,1,,,
unfairly panned by fanboys,1,1,1,,,
unfaithfulness in loving relations,1,1,1,,,
unforgettable,1,1,1,,,
unfortunate lack of theme,1,1,1,,,
unfortunate similarity to real life,1,1,1,,,
unfulfilled destiny,1,1,1,,,
unicorn,1,1,1,,,
uniforms,1,1,1,,,
unintentional humor,1,1,1,,,
unintentional kitsch,1,1,1,,,
unintentional pastiche,1,1,1,,,
unintentionally humourous dialogue,1,1,1,,,
unintentionally laughable,1,1,1,,,
unintentionally serious,1,1,1,,,
uninteresting characters,1,1,1,,,
uninteresting charecters,1,1,1,,,
uninteresting people,1,1,1,,,
union street,1,1,1,,,
union strike women,1,1,1,,,
unique idea,1,1,1,,,
unique lexicon,1,1,1,,,
unique style,1,1,1,,,
united states history,1,1,1,,,
universal horror,1,1,1,,,
universitate,1,1,1,,,
university students,1,1,1,,,
unlikable,1,1,1,,,
unlikable love interest,1,1,1,,,
unlikeable,1,1,1,,,
unlikely ending,1,1,1,,,
unlikely plot turns,1,1,1,,,
unlikely premise,1,1,1,,,
unmarried sex,1,1,1,,,
unmemorable,1,1,1,,,
unmemorable antagonists,1,1,1,,,
unmet expectations,1,1,1,,,
unmoving emotions,1,1,1,,,
unnecessarily confusing,1,1,1,,,
unnecessarily evil villain,1,1,1,,,
unnecessarily sad,1,1,1,,,
unnecessary action scenes,1,1,1,,,
unnecessary cursing,1,1,1,,,
unnecessary effects,1,1,1,,,
unnecessary f bomb,1,1,1,,,
unnecessary f bombs,1,1,1,,,
unnecessary gore,1,1,1,,,
unnecessary music,1,1,1,,,
unnecessary twist ending,1,1,1,,,
unnecessary-suffering,1,1,1,,,
unneseccary scenes,1,1,1,,,
unobtainium,1,1,1,,,
unorganized,1,1,1,,,
unrealised ideas by creators,1,1,1,,,
unrealistic comedy,1,1,1,,,
unrealistic crap,1,1,1,,,
unrealistic depiction of race relationships,1,1,1,,,
unrealistic kid's movie,1,1,1,,,
unrealistic plot connections,1,1,1,,,
unrealistic representation of geologists,1,1,1,,,
unrealistic story,1,1,1,,,
unrealistic use of a.i.,1,1,1,,,
unreaslistic,1,1,1,,,
unredeemed,1,1,1,,,
unrelatable,1,1,1,,,
unrelatable characters,1,1,1,,,
unreliable narrator,1,1,1,,,
unrepentant cheating liar,1,1,1,,,
unrevealed monster,1,1,1,,,
unromantic,1,1,1,,,
unsafe drill use,1,1,1,,,
unsafisfying,1,1,1,,,
unsatisfactory explanation,1,1,1,,,
unscary cat like sounds,1,1,1,,,
unseen killer,1,1,1,,,
unsexy sex scenes,1,1,1,,,
unsociable people,1,1,1,,,
unsung masterpiece,1,1,1,,,
unthrilling,1,1,1,,,
untold stories,1,1,1,,,
untrustworthy narrator,1,1,1,,,
untruthful,1,1,1,,,
unusual love story,1,1,1,,,
unwanted kiss,1,1,1,,,
up its own ass,1,1,1,,,
updated class,1,1,1,,,
updated shakespeare,1,1,1,,,
upper west side,1,1,1,,,
upsetting,1,1,1,,,
upside down toast,1,1,1,,,
ur,1,1,1,,,
uranium,1,1,1,,,
urban life and every day stupid funny things you see.,1,1,1,,,
urban/rural tension,1,1,1,,,
urlaub,1,1,1,,,
ursula,1,1,1,,,
ursula meier,1,1,1,,,
us air force,1,1,1,,,
us army,1,1,1,,,
us citizen,1,1,1,,,
us civil war,1,1,1,,,
us glorification,1,1,1,,,
us legal system,1,1,1,,,
us presidential election/politics,1,1,1,,,
us senate,1,1,1,,,
usa disgrace other country,1,1,1,,,
usa government,1,1,1,,,
usa propaganda,1,1,1,,,
usa saves the world again,1,1,1,,,
usa saving the world,1,1,1,,,
usda,1,1,1,,,
used before footage,1,1,1,,,
used to not like this,1,1,1,,,
useful,1,1,1,,,
useless use of violence,1,1,1,,,
useless weapons,1,1,1,,,
usn,1,1,1,,,
utrolig flot. meget simpel. den starter desværre en del bedre end den slutter synes jeg.,1,1,1,,,
utterly fails to do justice to the book,1,1,1,,,
utterly pedestrian cinematography,1,1,1,,,
utterly predictable ensemble flick,1,1,1,,,
uuuuuuuh...wonderful,1,1,1,,,
vacation gone wrong,1,1,1,,,
vacuum cleaner salesman,1,1,1,,,
vagabond,1,1,1,,,
vague,1,1,1,,,
vague ending,1,1,1,,,
vague statistics,1,1,1,,,
vaguely embarrassing 70s take on sex,1,1,1,,,
val kilmer is great!!!!,1,1,1,,,
val kilmer is great!!!!!,1,1,1,,,
valdez,1,1,1,,,
valehtelija valehtelija,1,1,1,,,
valentin vaala,1,1,1,,,
valentina cortese,1,1,1,,,
valeria bertuccelli,1,1,1,,,
valeria bruni tedeschi,1,1,1,,,
valerie breiman,1,1,1,,,
valerie quennessen,1,1,1,,,
valle de los caã­dos,1,1,1,,,
valtion vihollinen,1,1,1,,,
value of art objects,1,1,1,,,
value of equality,1,1,1,,,
valã©rie lemercier,1,1,1,,,
vampire in name only,1,1,1,,,
vampires fail,1,1,1,,,
vampires... beautifull kate in tight outfit. who needs more? :d,1,1,1,,,
van damme,1,1,1,,,
vancouver,1,1,1,,,
vanessa angel,1,1,1,,,
vanessa hessler,1,1,1,,,
vanessa paradis,1,1,1,,,
vanity project,1,1,1,,,
vanxo,1,1,1,,,
varan,1,1,1,,,
various peoples' hair,1,1,1,,,
vasili pronin,1,1,1,,,
vasilis avlonitis,1,1,1,,,
vassiliki khonsari,1,1,1,,,
vasted potential,1,1,1,,,
vaudeville,1,1,1,,,
vcr in clpgh,1,1,1,,,
veber,1,1,1,,,
vedat erincin,1,1,1,,,
vegetarian,1,1,1,,,
vehicle,1,1,1,,,
vehicle:car,1,1,1,,,
veikko aaltonen,1,1,1,,,
venice beach,1,1,1,,,
venice film festival winner 2002,1,1,1,,,
venice film festival winner 2003,1,1,1,,,
venice film festival winner 2004,1,1,1,,,
venice film festival winner 2007,1,1,1,,,
venture,1,1,1,,,
venus,1,1,1,,,
veracity,1,1,1,,,
veracruz,1,1,1,,,
verbal byplay,1,1,1,,,
verena paravel,1,1,1,,,
verging on self-parody,1,1,1,,,
verite,1,1,1,,,
verlan,1,1,1,,,
verne troyer,1,1,1,,,
veronica cartright,1,1,1,,,
veronica sawyer smokes,1,1,1,,,
verry disapointing,1,1,1,,,
verse,1,1,1,,,
vertriloquism,1,1,1,,,
very artistic,1,1,1,,,
very beautifull only problem is that the story is too short,1,1,1,,,
very beautifull story wich shows human nature,1,1,1,,,
very british and very funny!,1,1,1,,,
very chic,1,1,1,,,
very cool ending,1,1,1,,,
very cool flick,1,1,1,,,
very creepy,1,1,1,,,
very dark - not for kids,1,1,1,,,
very disney,1,1,1,,,
very emotional,1,1,1,,,
very estrange,1,1,1,,,
very good but made for kids,1,1,1,,,
very good chick flick,1,1,1,,,
very good edition,1,1,1,,,
very good music,1,1,1,,,
very good thriller,1,1,1,,,
very good thriller - brad pitt,1,1,1,,,
very hollywood,1,1,1,,,
very interesting.,1,1,1,,,
very nice,1,1,1,,,
very nice animation,1,1,1,,,
very original,1,1,1,,,
very powerfulll..; tom hanks very big...,1,1,1,,,
very sad ending of a true story movie,1,1,1,,,
very scary imagery,1,1,1,,,
very slowpaced,1,1,1,,,
very smart movie,1,1,1,,,
very straight forward story,1,1,1,,,
very strange,1,1,1,,,
very strong language,1,1,1,,,
very surprising in the end,1,1,1,,,
very sweet but too childish,1,1,1,,,
very thrilling,1,1,1,,,
very touching,1,1,1,,,
very well made thriller,1,1,1,,,
very worthwhile,1,1,1,,,
vhs effect,1,1,1,,,
vibrant,1,1,1,,,
vibrator,1,1,1,,,
vica kerekes,1,1,1,,,
vice president,1,1,1,,,
vicente blasco ibáñez,1,1,1,,,
vicissitude,1,1,1,,,
vicky haughton,1,1,1,,,
vicky jenson,1,1,1,,,
vicky mcclure,1,1,1,,,
victim,1,1,1,,,
victor buono,1,1,1,,,
victor garber,1,1,1,,,
victor heerman,1,1,1,,,
victor jory,1,1,1,,,
victor kosma,1,1,1,,,
victor köhler,1,1,1,,,
victor mature,1,1,1,,,
victor sjã¶strã¶m,1,1,1,,,
victor wong,1,1,1,,,
victory,1,1,1,,,
video debut,1,1,1,,,
video diary,1,1,1,,,
video tape,1,1,1,,,
viet nam,1,1,1,,,
viewer exploitation,1,1,1,,,
views,1,1,1,,,
viggo mortensen.,1,1,1,,,
viggo morttensen,1,1,1,,,
vigilatism,1,1,1,,,
vignette,1,1,1,,,
vijay raaz,1,1,1,,,
viking,1,1,1,,,
vikramaditya motwane,1,1,1,,,
vile,1,1,1,,,
villain gets no comeuppance,1,1,1,,,
villain is a pushover,1,1,1,,,
villain protagonist,1,1,1,,,
villain's plan is stupid,1,1,1,,,
villain:the scarecrow,1,1,1,,,
villain:two-face,1,1,1,,,
villainizes max baer,1,1,1,,,
ville mäkelä,1,1,1,,,
villian hurts toys,1,1,1,,,
vimeo,1,1,1,,,
vimeo-on-demand,1,1,1,,,
vince vaughn was good and so was will ferrel's bit part,1,1,1,,,
vince vieluf,1,1,1,,,
vincent,1,1,1,,,
vincent bal,1,1,1,,,
vincent curatola,1,1,1,,,
vincent j. donehue,1,1,1,,,
vincent lannoo,1,1,1,,,
vincent lindon,1,1,1,,,
vincevaugh,1,1,1,,,
vinny vella,1,1,1,,,
vinoodh matadin,1,1,1,,,
vintage,1,1,1,,,
vintage effects,1,1,1,,,
vinyl,1,1,1,,,
vinã­cius de oliveira,1,1,1,,,
violence - jennifer connelly!!!!,1,1,1,,,
violence - too much for me!!,1,1,1,,,
violence against tyres,1,1,1,,,
violence fiction,1,1,1,,,
violencized sex,1,1,1,,,
violent silly,1,1,1,,,
violent youth,1,1,1,,,
violently,1,1,1,,,
violet parr,1,1,1,,,
virgen,1,1,1,,,
virgil w. vogel,1,1,1,,,
virginia cherrill,1,1,1,,,
virginie ledoyen,1,1,1,,,
"virkelig tight fortalt. fede miljøer, fantastiske karakterer, godt plot",1,1,1,,,
virtual,1,1,1,,,
visaully appealing,1,1,1,,,
vishal bhardwaj,1,1,1,,,
visitor,1,1,1,,,
vistas,1,1,1,,,
visual aesthetic,1,1,1,,,
visual appeal,1,1,1,,,
visual design,1,1,1,,,
visual glamour,1,1,1,,,
visual narrative,1,1,1,,,
visual pun,1,1,1,,,
visual quality,1,1,1,,,
visual trickery,1,1,1,,,
visually,1,1,1,,,
visually amazing,1,1,1,,,
visually appealling,1,1,1,,,
visually appeling,1,1,1,,,
visually captivating,1,1,1,,,
visually dynamic,1,1,1,,,
visually flat,1,1,1,,,
visually pleasing,1,1,1,,,
visually striking,1,1,1,,,
visually stuning,1,1,1,,,
visually unappealing,1,1,1,,,
vitascope,1,1,1,,,
vittorio salerno,1,1,1,,,
vlad yudin,1,1,1,,,
vladan nikolic,1,1,1,,,
vladimir mashkov,1,1,1,,,
vladimir motyl,1,1,1,,,
vladimír michálek,1,1,1,,,
vocabullary,1,1,1,,,
vodka binge,1,1,1,,,
voice,1,1,1,,,
voice-over,1,1,1,,,
void,1,1,1,,,
volcanic eruption,1,1,1,,,
volkswagen beetle,1,1,1,,,
volume for drama,1,1,1,,,
vomiting,1,1,1,,,
von bulow,1,1,1,,,
vontatott,1,1,1,,,
voodoo doll,1,1,1,,,
voodoo zombies,1,1,1,,,
vote for pedro,1,1,1,,,
voto de castidade.,1,1,1,,,
vougiouklaki,1,1,1,,,
voyage,1,1,1,,,
vsevolod pudovkin,1,1,1,,,
vvin diesel,1,1,1,,,
vw,1,1,1,,,
vw bugs,1,1,1,,,
václav vorlícek,1,1,1,,,
vã¦ska,1,1,1,,,
vã­ctor erice,1,1,1,,,
víctor maldonado,1,1,1,,,
w. somerset maugham,1,1,1,,,
w.d. richter,1,1,1,,,
w00t,1,1,1,,,
wa.  enjoyed.,1,1,1,,,
wachowski bros.,1,1,1,,,
wachowski brothers movie,1,1,1,,,
wachowski scifi,1,1,1,,,
wacky crime,1,1,1,,,
wacky ending,1,1,1,,,
waclaw zastrzezynski,1,1,1,,,
wade davis,1,1,1,,,
wai ka fa,1,1,1,,,
wai keung lau,1,1,1,,,
wake up,1,1,1,,,
wakeup call,1,1,1,,,
waking life animation,1,1,1,,,
waking up,1,1,1,,,
waldemar krzystek,1,1,1,,,
walden media,1,1,1,,,
walked out,1,1,1,,,
walked out: violent,1,1,1,,,
walken,1,1,1,,,
walls closing over,1,1,1,,,
wally pfister,1,1,1,,,
walrus,1,1,1,,,
walt becker,1,1,1,,,
walter,1,1,1,,,
walter benjamin,1,1,1,,,
walter pidgeon,1,1,1,,,
walter ruttmann,1,1,1,,,
waltz,1,1,1,,,
waltz's acting was ok.,1,1,1,,,
waltz's character was same with his inglourious basterds character.,1,1,1,,,
wang xiaolu,1,1,1,,,
wannabe jumanji,1,1,1,,,
wannabe mystery,1,1,1,,,
wannabe-funny,1,1,1,,,
want to drop the fast-food habit?,1,1,1,,,
want to punch them in the face,1,1,1,,,
want to see again!,1,1,1,,,
wanted more san juan flavor,1,1,1,,,
wanted poster,1,1,1,,,
wanted to see action movie not porn,1,1,1,,,
wants to be something it isn't,1,1,1,,,
wanttosee,1,1,1,,,
wanuri kahiu,1,1,1,,,
wapendrama,1,1,1,,,
war and politics,1,1,1,,,
war at sea,1,1,1,,,
war criminal,1,1,1,,,
war games,1,1,1,,,
war is bad,1,1,1,,,
war of the sexes,1,1,1,,,
war parody,1,1,1,,,
war pilots,1,1,1,,,
war planes,1,1,1,,,
war prisoners,1,1,1,,,
war profiteering,1,1,1,,,
war protest,1,1,1,,,
war strategy,1,1,1,,,
war widow,1,1,1,,,
war zone,1,1,1,,,
ward bond,1,1,1,,,
ward wing,1,1,1,,,
warehouse,1,1,1,,,
wargs,1,1,1,,,
warner bros,1,1,1,,,
warning: dead children,1,1,1,,,
warning:homophobia (mild),1,1,1,,,
warning:misleading trailer,1,1,1,,,
warped sense of humor,1,1,1,,,
warpigs,1,1,1,,,
warren g,1,1,1,,,
warren oates,1,1,1,,,
warren oates!,1,1,1,,,
wars,1,1,1,,,
warsaw pact,1,1,1,,,
warwick thonton,1,1,1,,,
was a made up love story. not even close to the truth,1,1,1,,,
was disappointed; thought movie was kind of stupid,1,1,1,,,
was not actual 'true story',1,1,1,,,
was the mission about finding a position?,1,1,1,,,
was way better then the first,1,1,1,,,
wash,1,1,1,,,
washed out writer,1,1,1,,,
washington d.c.,1,1,1,,,
wasn't that human played by ice-t?,1,1,1,,,
waste management,1,1,1,,,
waste of 95 minutes,1,1,1,,,
waste of life,1,1,1,,,
waste of marian cotillard's talent,1,1,1,,,
wasted cast,1,1,1,,,
wasteland,1,1,1,,,
wastes every oportunity to be memorable,1,1,1,,,
watch at double speed,1,1,1,,,
watch days of being willd first,1,1,1,,,
watch for a good metaphor or two,1,1,1,,,
watch fully awake.,1,1,1,,,
watch it more than once,1,1,1,,,
watch it with the lady,1,1,1,,,
watch movie,1,1,1,,,
watch the first two first,1,1,1,,,
watch the original - you will thank me,1,1,1,,,
watch this,1,1,1,,,
watch with the english dub,1,1,1,,,
watchable,1,1,1,,,
watched (1997),1,1,1,,,
watched 1994,1,1,1,,,
watched 1997,1,1,1,,,
watched 2002,1,1,1,,,
watched 2004,1,1,1,,,
watched as kid,1,1,1,,,
watched every year,1,1,1,,,
watching tv,1,1,1,,,
water polo,1,1,1,,,
wave,1,1,1,,,
wax figures,1,1,1,,,
wax on wax off,1,1,1,,,
way better than dogma or jersey girl,1,1,1,,,
way too long.,1,1,1,,,
way too much action,1,1,1,,,
way way too sad,1,1,1,,,
wayans,1,1,1,,,
wayne blair,1,1,1,,,
wayne morse,1,1,1,,,
wayne's best,1,1,1,,,
we,1,1,1,,,
we all gotta have a dream,1,1,1,,,
we all have to look back sometimes,1,1,1,,,
we are glad you took the red pill,1,1,1,,,
we can do this easy or we can do this reeal easy it's called magic hour,1,1,1,,,
we can't hear what the hell they say,1,1,1,,,
we get the point. old people become outhful again. great idea,1,1,1,,,
we have a problem,1,1,1,,,
we need a bigger boat,1,1,1,,,
weak acting,1,1,1,,,
weak cgi,1,1,1,,,
weak character development,1,1,1,,,
weak choices overall,1,1,1,,,
weak comic book adaptation,1,1,1,,,
weak direction,1,1,1,,,
weak ending -- would be nice to see the girl arrested or at least questioned at the end,1,1,1,,,
weak female character,1,1,1,,,
weak female characters,1,1,1,,,
weak framing narrative,1,1,1,,,
weak humor,1,1,1,,,
weak middle,1,1,1,,,
weak romantic movie,1,1,1,,,
weak special effects,1,1,1,,,
weak twist,1,1,1,,,
weak villain,1,1,1,,,
weaponsmith,1,1,1,,,
weaves,1,1,1,,,
web of intrigue,1,1,1,,,
website,1,1,1,,,
wedding bells,1,1,1,,,
wedding ceremony,1,1,1,,,
wedding industry,1,1,1,,,
wednesday,1,1,1,,,
week,1,1,1,,,
week history,1,1,1,,,
weekend,1,1,1,,,
weijun chen,1,1,1,,,
weird al yankovic,1,1,1,,,
weird and gross,1,1,1,,,
weird at first - but stick with it,1,1,1,,,
weird but good,1,1,1,,,
weird characters,1,1,1,,,
weird good film,1,1,1,,,
weird greek cinema,1,1,1,,,
weird humour,1,1,1,,,
weird movie,1,1,1,,,
weird presentation,1,1,1,,,
weird story,1,1,1,,,
weird technique,1,1,1,,,
weird visuals,1,1,1,,,
weird!,1,1,1,,,
weird.,1,1,1,,,
weirder than the tim burton version,1,1,1,,,
weirdest episode of frasier ever,1,1,1,,,
weirdtopia,1,1,1,,,
well,1,1,1,,,
well edited,1,1,1,,,
well filmed,1,1,1,,,
well made,1,1,1,,,
well made for low budget,1,1,1,,,
well made stupid schlock,1,1,1,,,
well paced,1,1,1,,,
well scripted,1,1,1,,,
well-cast,1,1,1,,,
well-crafted dialog,1,1,1,,,
well-developed characters,1,1,1,,,
well-directed,1,1,1,,,
well-done,1,1,1,,,
well-heeled family,1,1,1,,,
well-shot,1,1,1,,,
well-writen,1,1,1,,,
well...i liked it...,1,1,1,,,
wellington,1,1,1,,,
wendell corey,1,1,1,,,
wendigo,1,1,1,,,
wendy apple,1,1,1,,,
wendy gazelle,1,1,1,,,
wendy o williams,1,1,1,,,
wendy robie,1,1,1,,,
werwolf,1,1,1,,,
wes anderson movies,1,1,1,,,
wes bentley,1,1,1,,,
wes studi,1,1,1,,,
wesleyan university,1,1,1,,,
wesleys snipes,1,1,1,,,
west ham,1,1,1,,,
west wirginia,1,1,1,,,
western animation,1,1,1,,,
whacky weapons,1,1,1,,,
whas happening!,1,1,1,,,
what a way to waste 2 hours!!!,1,1,1,,,
what an ending,1,1,1,,,
what are you stuffed with?,1,1,1,,,
what cinema is supposed to be,1,1,1,,,
what does it mean to be human,1,1,1,,,
what happened to melanie griffith?,1,1,1,,,
what if,1,1,1,,,
what if the big bad wolf & grandma were swapping spit?,1,1,1,,,
what is going on,1,1,1,,,
what star wars should be,1,1,1,,,
what to say about god?,1,1,1,,,
what was with the deer?,1,1,1,,,
what you do not what you say,1,1,1,,,
what's really scary is that there's people like that in real life!,1,1,1,,,
what's this about?,1,1,1,,,
what?,1,1,1,,,
whatever,1,1,1,,,
whedon,1,1,1,,,
whedonesque,1,1,1,,,
wheelchair rugby,1,1,1,,,
when animals attack,1,1,1,,,
when it comes down to it toilet humor always s(m)ells,1,1,1,,,
when travolta was thin,1,1,1,,,
when watched in your teens.,1,1,1,,,
when you're stressed out nudity works wonders for your nerves,1,1,1,,,
when you've seen one jackie chan movie,1,1,1,,,
where can i learn to speak english like that?,1,1,1,,,
where did that tribble come from,1,1,1,,,
where exactly is the suspense?,1,1,1,,,
where is the cat?,1,1,1,,,
where is the one and only kyle maclachlan?,1,1,1,,,
which historical person is gonna be next?,1,1,1,,,
whim,1,1,1,,,
whimsical irreverent,1,1,1,,,
whimsy,1,1,1,,,
whiney protragonist,1,1,1,,,
whisky,1,1,1,,,
whistling boogers from outer space,1,1,1,,,
whistling dog movie,1,1,1,,,
white castle,1,1,1,,,
white collar gangstas,1,1,1,,,
white hair,1,1,1,,,
white lie,1,1,1,,,
white priviledge,1,1,1,,,
white queen,1,1,1,,,
white race,1,1,1,,,
white rose,1,1,1,,,
white russian,1,1,1,,,
white squall,1,1,1,,,
white washing,1,1,1,,,
whitewash,1,1,1,,,
whitewater,1,1,1,,,
who says you can't buy an oscar?,1,1,1,,,
who the hell listens to this crap?,1,1,1,,,
who thought of this?,1,1,1,,,
who thought this was a good idea?,1,1,1,,,
who threw the last knife?,1,1,1,,,
who to trust?,1,1,1,,,
who wouldn't want to see this asap?,1,1,1,,,
wholseome,1,1,1,,,
whoopi,1,1,1,,,
whoopi goldberg lez scene,1,1,1,,,
whose neighbors?,1,1,1,,,
why a sequel?,1,1,1,,,
why didn't the aliens fight?,1,1,1,,,
why do i hate this?,1,1,1,,,
why do they make good shows into bad movies?,1,1,1,,,
why don't koreans or mexicans come to the us to adopt children?,1,1,1,,,
why everyone hates the us,1,1,1,,,
why god,1,1,1,,,
why is this rated r?,1,1,1,,,
why militant islam is so scary,1,1,1,,,
why the hell anyone would like this movie?,1,1,1,,,
why was he taking speed?,1,1,1,,,
why's this rated r? good though,1,1,1,,,
wichita,1,1,1,,,
wide range of experts,1,1,1,,,
wide spectrum of emotions,1,1,1,,,
widespread cellphone-based surveillance,1,1,1,,,
widow to remarry,1,1,1,,,
widowhood,1,1,1,,,
wiebke von carolsfeld,1,1,1,,,
wien,1,1,1,,,
wierd love,1,1,1,,,
wife leaves family for no reason,1,1,1,,,
wig,1,1,1,,,
wikus,1,1,1,,,
wild animal,1,1,1,,,
wild at heart,1,1,1,,,
wild boar,1,1,1,,,
wild child,1,1,1,,,
wilder,1,1,1,,,
wilford brimley beaten to death,1,1,1,,,
wilhem dafoe,1,1,1,,,
will (law),1,1,1,,,
will dislike,1,1,1,,,
will farell,1,1,1,,,
will farrel,1,1,1,,,
will fe,1,1,1,,,
will ferrell = nazi,1,1,1,,,
will geiger,1,1,1,,,
will keep you away from the water,1,1,1,,,
will leave you feeling suicidal,1,1,1,,,
will power,1,1,1,,,
will rogers,1,1,1,,,
will to survive,1,1,1,,,
will vinton,1,1,1,,,
will wheaton,1,1,1,,,
will young,1,1,1,,,
will yun lee,1,1,1,,,
willard carroll,1,1,1,,,
willard huyck,1,1,1,,,
william a seiter,1,1,1,,,
william arntz,1,1,1,,,
william baldwin,1,1,1,,,
william berke,1,1,1,,,
william blake,1,1,1,,,
william brent bell,1,1,1,,,
william c. de mille,1,1,1,,,
william cameron menzies,1,1,1,,,
william castle remake,1,1,1,,,
william devane,1,1,1,,,
william gazecki,1,1,1,,,
william greaves,1,1,1,,,
william h. macy puts forward perhaps his best performance of all time as a miserably unpersuasive minnesotan car salesman who tries to stage his wife's kidnapping to pay off his debts. frances mcdormand plays the wholesome cop who blends wit,1,1,1,,,
william hanna,1,1,1,,,
william hickey,1,1,1,,,
william lee scott,1,1,1,,,
william malone,1,1,1,,,
william nicholson,1,1,1,,,
william r. moses,1,1,1,,,
william rice,1,1,1,,,
william richert,1,1,1,,,
william sanderson,1,1,1,,,
william talman,1,1,1,,,
willy pogany,1,1,1,,,
willy toledo,1,1,1,,,
wilson castillo,1,1,1,,,
wim wnders,1,1,1,,,
wincest,1,1,1,,,
wind,1,1,1,,,
windmill theater,1,1,1,,,
wine tasting,1,1,1,,,
winnings,1,1,1,,,
winsor mccay,1,1,1,,,
winston,1,1,1,,,
winter scenes,1,1,1,,,
wipes nose with hand repeatedly!,1,1,1,,,
wire hangers,1,1,1,,,
wire walker,1,1,1,,,
wisconsin,1,1,1,,,
wisconson,1,1,1,,,
wise guys,1,1,1,,,
wisecrack humor,1,1,1,,,
wish it was a happy ending,1,1,1,,,
wishful,1,1,1,,,
wit,1,1,1,,,
witchhunts,1,1,1,,,
with a name like chew yer fat a crossover is not possible,1,1,1,,,
with friends,1,1,1,,,
with no payoff for sitting through it.,1,1,1,,,
with sb as odysseus?,1,1,1,,,
without annoying montages,1,1,1,,,
without any especial new!,1,1,1,,,
witless,1,1,1,,,
witness to discrimination,1,1,1,,,
wittgenstein,1,1,1,,,
witty dialogues,1,1,1,,,
witty lines,1,1,1,,,
wity,1,1,1,,,
wobbly camerawork,1,1,1,,,
wolf,1,1,1,,,
wolf in sheep's clothing,1,1,1,,,
wolf kahler,1,1,1,,,
wolf pack,1,1,1,,,
wolf rilla,1,1,1,,,
wolfgang lauenstein,1,1,1,,,
wolfs,1,1,1,,,
woman as a main character,1,1,1,,,
woman disguised as men,1,1,1,,,
woman hater,1,1,1,,,
woman in armour,1,1,1,,,
woman in bathtub,1,1,1,,,
woman outsmarts man,1,1,1,,,
women friendship's,1,1,1,,,
women in publishing,1,1,1,,,
women in refrigerators,1,1,1,,,
women in the workplace,1,1,1,,,
women japan world war w,1,1,1,,,
women movies vs men movies,1,1,1,,,
women's auxiliary corps (lotta),1,1,1,,,
won bin,1,1,1,,,
won't bother to watch,1,1,1,,,
wonderful director,1,1,1,,,
wonderful drama!,1,1,1,,,
wonderful surprise movie,1,1,1,,,
wonderful thoughts,1,1,1,,,
wonderful!,1,1,1,,,
wonderfull story about what happened in the mid 80's,1,1,1,,,
wonderfully dark,1,1,1,,,
wong fei-hong,1,1,1,,,
woo,1,1,1,,,
woo-suk kang,1,1,1,,,
wooden delivery,1,1,1,,,
wooden laptop,1,1,1,,,
wooden rod,1,1,1,,,
woodstock,1,1,1,,,
woody,1,1,1,,,
woody allen is not dostoevsky,1,1,1,,,
woody allen!!!!,1,1,1,,,
woody guthrie,1,1,1,,,
woody might have saved this by starring in it.,1,1,1,,,
word play,1,1,1,,,
wordplay,1,1,1,,,
words,1,1,1,,,
work,1,1,1,,,
work camp,1,1,1,,,
work ethic,1,1,1,,,
working conditions,1,1,1,,,
working poor,1,1,1,,,
working sucks,1,1,1,,,
working title films,1,1,1,,,
workout,1,1,1,,,
workout movie,1,1,1,,,
world series,1,1,1,,,
world tour,1,1,1,,,
world's fair,1,1,1,,,
wormhole weapons,1,1,1,,,
worn out story,1,1,1,,,
worried mother,1,1,1,,,
worse book,1,1,1,,,
worse movie,1,1,1,,,
worse than book,1,1,1,,,
worse than michael moore,1,1,1,,,
worse than previous films,1,1,1,,,
worshipful,1,1,1,,,
worst animated flick ever,1,1,1,,,
worst denzel movie ever,1,1,1,,,
worst disney movie,1,1,1,,,
worst documentary ever,1,1,1,,,
worst film seen,1,1,1,,,
worst films ever,1,1,1,,,
worst movie of this year,1,1,1,,,
worst movies ever,1,1,1,,,
worst of series,1,1,1,,,
worst plot,1,1,1,,,
worst sequel to an already bad movie,1,1,1,,,
worst sex scene,1,1,1,,,
worst superhero,1,1,1,,,
worst thing,1,1,1,,,
worth it just for the amazing music video,1,1,1,,,
worth seeing,1,1,1,,,
worth watching for hoffman & streisand,1,1,1,,,
worthwhile,1,1,1,,,
worthy of the avengers tv show,1,1,1,,,
wotan wilke mãƒâ¶hring,1,1,1,,,
would have been 4.5 if not for the schmaltzy tough-guy-in-front-of-fireworks moment.,1,1,1,,,
would have been better if i hadn't read the book,1,1,1,,,
would have given 5 stars,1,1,1,,,
would you please let them tell the joke?,1,1,1,,,
wow,1,1,1,,,
wow - so much better than constant gardener...,1,1,1,,,
wrath,1,1,1,,,
wrings the emotions too much,1,1,1,,,
writer biography,1,1,1,,,
writer's script,1,1,1,,,
writer-director,1,1,1,,,
writer: neil simon,1,1,1,,,
writer:andrew lloyd webber,1,1,1,,,
writer:michael crichton,1,1,1,,,
writer:robert benton,1,1,1,,,
written by a 14-year-old boy,1,1,1,,,
written epilogue,1,1,1,,,
wrong accents,1,1,1,,,
wrong colors,1,1,1,,,
wrong morals,1,1,1,,,
wrong side of the tracks,1,1,1,,,
wrongfully accused,1,1,1,,,
wrongfully funny,1,1,1,,,
wrongly commited,1,1,1,,,
wrongly convicted,1,1,1,,,
wtc,1,1,1,,,
wtf?!,1,1,1,,,
wto,1,1,1,,,
wto protests,1,1,1,,,
wu tang,1,1,1,,,
wuerzburg,1,1,1,,,
wurstsalat,1,1,1,,,
wwf,1,1,1,,,
wwii comedy-drama,1,1,1,,,
wwii kids nazis war,1,1,1,,,
www.thestopbutton.com,1,1,1,,,
wy,1,1,1,,,
wyll ferrell,1,1,1,,,
wynona ryder,1,1,1,,,
x-from bro,1,1,1,,,
x-from pej,1,1,1,,,
x-men ii,1,1,1,,,
x-men iii,1,1,1,,,
x-men iv,1,1,1,,,
x-men v,1,1,1,,,
xavier beauvois,1,1,1,,,
xavier picard,1,1,1,,,
xenophobic?,1,1,1,,,
xiao lu xue,1,1,1,,,
xiaoshuai wang,1,1,1,,,
xzibit,1,1,1,,,
ya boy,1,1,1,,,
yael hersonski,1,1,1,,,
yahoo serious,1,1,1,,,
yakuza papers i,1,1,1,,,
yale strom,1,1,1,,,
yandere,1,1,1,,,
yang fengliang,1,1,1,,,
yang zhang,1,1,1,,,
yankee,1,1,1,,,
yann martel,1,1,1,,,
yann samuell,1,1,1,,,
yaphet kotto,1,1,1,,,
yaron shani,1,1,1,,,
yasemin samdereli,1,1,1,,,
yasuhiro aoki,1,1,1,,,
yasujirã´ ozu,1,1,1,,,
yavuz turgul,1,1,1,,,
yay! jack b. :),1,1,1,,,
yay! pie!,1,1,1,,,
ye lou,1,1,1,,,
yeah,1,1,1,,,
yeardley smith,1,1,1,,,
"years of degredation and humiliation and they sell your ""mizuage"" to the creepiest keymaster",1,1,1,,,
yellow brick road,1,1,1,,,
yellow car,1,1,1,,,
yellow suit,1,1,1,,,
yellow water,1,1,1,,,
yeong-ae lee;,1,1,1,,,
yes,1,1,1,,,
yes-we-can,1,1,1,,,
yet another crappy hollywood remake,1,1,1,,,
yeye,1,1,1,,,
yi seung-jun,1,1,1,,,
yi'nan diao,1,1,1,,,
yilmaz erdogan,1,1,1,,,
yin li,1,1,1,,,
yingyang,1,1,1,,,
yippee-ki-yay motherf*cker,1,1,1,,,
yoav potash,1,1,1,,,
yoda,1,1,1,,,
yoji yamada,1,1,1,,,
yojiro takita,1,1,1,,,
yokohama,1,1,1,,,
yolanda ramke,1,1,1,,,
yomaira reynoso,1,1,1,,,
yorgos javellas,1,1,1,,,
yorick van wageningen,1,1,1,,,
yorkshire,1,1,1,,,
yosemite,1,1,1,,,
yoshihiro tatsumi,1,1,1,,,
yoshikazu yasuhiko,1,1,1,,,
yoshitomo nara,1,1,1,,,
yoshiyuki kuroda,1,1,1,,,
yosuke eguchi,1,1,1,,,
you can't handle the truth,1,1,1,,,
you complete me,1,1,1,,,
you know it,1,1,1,,,
you know it's bad if it's been reheated...again,1,1,1,,,
you mean he gets to go back inside the...oh lucky,1,1,1,,,
you mean it's over inflated!,1,1,1,,,
you might laugh your head out.,1,1,1,,,
you only got 2 bullets. i have a sword. you will miss. i won't.,1,1,1,,,
you still wake up sometimes don't you? you wake up in the dark and hear the screaming of the lambs,1,1,1,,,
you will believe that a man can fly.,1,1,1,,,
you will laugh,1,1,1,,,
you won't like it too much if you've read the comics or seen the cartoons,1,1,1,,,
you would do anything in the universe to get rachael weisz back as well,1,1,1,,,
you'll like the film,1,1,1,,,
you're out of order! pacino is great.,1,1,1,,,
you've seen them all.,1,1,1,,,
youki kudoh,1,1,1,,,
young,1,1,1,,,
young age classic,1,1,1,,,
young artist awards - best performance in a feature film: young actress age ten or younger (emma bolger),1,1,1,,,
young cast,1,1,1,,,
young girl,1,1,1,,,
young girls,1,1,1,,,
young jim carrey,1,1,1,,,
young kid,1,1,1,,,
young meryl streep,1,1,1,,,
young mother,1,1,1,,,
young romance,1,1,1,,,
young sexual education,1,1,1,,,
young women's favorate,1,1,1,,,
younger version of character,1,1,1,,,
your out of ur element donnie!!!!,1,1,1,,,
your ratings,1,1,1,,,
your shirt look like a curtain,1,1,1,,,
youssef chahine,1,1,1,,,
youth rebellion,1,1,1,,,
yoyoyo,1,1,1,,,
ytmnd,1,1,1,,,
yu wang,1,1,1,,,
yucky,1,1,1,,,
yuen woo-ping,1,1,1,,,
yugoslav wars,1,1,1,,,
yuichiro hayashi,1,1,1,,,
yuki nagato,1,1,1,,,
yukihiko tsutsumi,1,1,1,,,
yukio kuroda,1,1,1,,,
yukio mishima,1,1,1,,,
yukon,1,1,1,,,
yul,1,1,1,,,
yuliya mayarchuk,1,1,1,,,
yun-ho yang,1,1,1,,,
yung chang,1,1,1,,,
yuri kanchiku,1,1,1,,,
yuri zhelyabuzhsky,1,1,1,,,
yuriy bykov,1,1,1,,,
yuriy norshteyn,1,1,1,,,
yuval adler,1,1,1,,,
yuya yagira,1,1,1,,,
yves angelo,1,1,1,,,
yves boisset,1,1,1,,,
yves hinant,1,1,1,,,
yvonne de carlo,1,1,1,,,
yvonne mackay,1,1,1,,,
yûya ishii,1,1,1,,,
zach clark,1,1,1,,,
zach galligan,1,1,1,,,
zacharias kunuk,1,1,1,,,
zachary gordon,1,1,1,,,
zachary heinzerling,1,1,1,,,
zachary levy,1,1,1,,,
zachary mills,1,1,1,,,
zachary wigon,1,1,1,,,
zack coffman,1,1,1,,,
zack keller,1,1,1,,,
zack snyder has the mentality of a 13 year old boy,1,1,1,,,
zack ward,1,1,1,,,
zafar hai,1,1,1,,,
zak penn,1,1,1,,,
zakes mokae,1,1,1,,,
zal batmanglij,1,1,1,,,
zana briski,1,1,1,,,
zane vella,1,1,1,,,
zang,1,1,1,,,
zany,1,1,1,,,
zaphod's missing head,1,1,1,,,
zarzuela,1,1,1,,,
zaza urushadze,1,1,1,,,
zbigniew cybulski,1,1,1,,,
zbigniew rybczynski,1,1,1,,,
zealots,1,1,1,,,
zebra,1,1,1,,,
zebras,1,1,1,,,
zef,1,1,1,,,
zegist,1,1,1,,,
zeichnungen als übergang,1,1,1,,,
zeitgeist-y,1,1,1,,,
zen,1,1,1,,,
zena grey,1,1,1,,,
zero entertainment value,1,1,1,,,
zeus butthole,1,1,1,,,
zhang fengyi,1,1,1,,,
zhang meng,1,1,1,,,
zhang ziyi,1,1,1,,,
zhangke jia,1,1,1,,,
zheng xu,1,1,1,,,
zhou xingchi,1,1,1,,,
zhuangzhuang tian,1,1,1,,,
zhun long,1,1,1,,,
zi yi,1,1,1,,,
ziba mir-hosseini,1,1,1,,,
ziegfeld follies,1,1,1,,,
zinã©dine zidane,1,1,1,,,
zlatko buric,1,1,1,,,
zoe kazan,1,1,1,,,
zoe kravitz,1,1,1,,,
zoetrope,1,1,1,,,
zoey deutch,1,1,1,,,
zoltan,1,1,1,,,
zoltan mucsi,1,1,1,,,
zoltan!,1,1,1,,,
zombie film,1,1,1,,,
zombie movie with vampires,1,1,1,,,
zombie plot,1,1,1,,,
zombie vampire hybrid,1,1,1,,,
zombies don't need to breathe,1,1,1,,,
zombified action,1,1,1,,,
zooey deschanel's awful singing voice,1,1,1,,,
zoom,1,1,1,,,
zoom in & slo-mo the porking scene with ridin' winona,1,1,1,,,
zoom zoom,1,1,1,,,
zoophilia,1,1,1,,,
zoran tadic,1,1,1,,,
zucker brothers,1,1,1,,,
zuleikha robinson,1,1,1,,,
zurich,1,1,1,,,
zuzu's petals,1,1,1,,,
zweverig,1,1,1,,,
zydeco,1,1,1,,,
zzz,1,1,1,,,
zzzzzzzzzzzzzz...,1,1,1,,,
ágnes hranitzky,1,1,1,,,
â london,1,1,1,,,
â¡olivier martinez!,1,1,1,,,
ãlex de la iglesia,1,1,1,,,
ãvila,1,1,1,,,
ã¼bermensch,1,1,1,,,
ã“scar jaenada,1,1,1,,,
ã‰rase una vez en amã©rica,1,1,1,,,
ä½žä¿—å°è¯´,1,1,1,,,
åke sandgren,1,1,1,,,
å¥½äºº,1,1,1,,,
æµ‹è¯•,1,1,1,,,
æš´åš›,1,1,1,,,
çagatay tosun,1,1,1,,,
ç»å…¸,1,1,1,,,
étienne chatiliez,1,1,1,,,
éva gárdos,1,1,1,,,
é˜®ä¸€é¸£,1,1,1,,,
î•î¯î½î±î¹ îµî¾î±î¹ïîµï„î¹îºî¬ î´î¹îµïƒï„ïî±î¼î­î½î·,1,1,1,,,
özer kiziltan,1,1,1,,,
özgür yildirim,1,1,1,,,
ø§ø­ø³ø§ø³ø§øªùš,1,1,1,,,

